label,market,order_region,shipping_mode,category_name,order_month,order_day_of_week
0,Pacific Asia,Southeast Asia,Standard Class,Sporting Goods,2,7
1,Pacific Asia,South Asia,Standard Class,Sporting Goods,1,5
0,Pacific Asia,South Asia,Standard Class,Sporting Goods,1,4
0,Pacific Asia,Oceania,Standard Class,Sporting Goods,1,3
0,Pacific Asia,Oceania,Standard Class,Sporting Goods,1,2
0,Pacific Asia,Oceania,Standard Class,Sporting Goods,1,6
1,Pacific Asia,Eastern Asia,First Class,Sporting Goods,1,2
1,Pacific Asia,Eastern Asia,First Class,Sporting Goods,1,2
1,Pacific Asia,Eastern Asia,Second Class,Sporting Goods,1,3
1,Pacific Asia,Eastern Asia,First Class,Sporting Goods,1,2
0,Pacific Asia,Eastern Asia,Second Class,Sporting Goods,1,6
1,Pacific Asia,Southeast Asia,Second Class,Sporting Goods,1,5
1,Pacific Asia,Southeast Asia,Second Class,Sporting Goods,1,4
1,Pacific Asia,South Asia,First Class,Sporting Goods,1,2
1,Pacific Asia,South Asia,First Class,Sporting Goods,1,2
1,Pacific Asia,South Asia,First Class,Sporting Goods,1,2
1,Pacific Asia,Eastern Asia,Second Class,Sporting Goods,1,5
1,Pacific Asia,South Asia,First Class,Sporting Goods,1,2
1,Pacific Asia,South Asia,First Class,Sporting Goods,1,2
0,Pacific Asia,South Asia,Same Day,Sporting Goods,1,7
0,Pacific Asia,South Asia,Same Day,Sporting Goods,1,7
1,Pacific Asia,South Asia,Standard Class,Sporting Goods,1,5
1,Pacific Asia,Oceania,Second Class,Sporting Goods,1,4
0,Pacific Asia,Oceania,Second Class,Sporting Goods,1,3
0,Pacific Asia,Oceania,Second Class,Sporting Goods,1,2
1,Pacific Asia,Oceania,Second Class,Sporting Goods,1,6
1,Pacific Asia,Oceania,Second Class,Sporting Goods,1,5
0,Pacific Asia,Eastern Asia,Standard Class,Sporting Goods,1,4
0,Pacific Asia,Eastern Asia,Standard Class,Sporting Goods,1,3
0,Pacific Asia,Eastern Asia,Standard Class,Sporting Goods,1,2
1,Pacific Asia,Eastern Asia,Standard Class,Sporting Goods,1,6
1,Pacific Asia,South Asia,Standard Class,Sporting Goods,1,5
0,Pacific Asia,South Asia,Standard Class,Sporting Goods,1,4
1,Pacific Asia,Eastern Asia,First Class,Sporting Goods,1,2
1,Pacific Asia,Eastern Asia,First Class,Sporting Goods,1,2
1,Pacific Asia,Southeast Asia,First Class,Sporting Goods,1,2
1,Pacific Asia,South Asia,First Class,Sporting Goods,1,2
1,Pacific Asia,Oceania,First Class,Sporting Goods,1,1
1,Pacific Asia,Oceania,Same Day,Sporting Goods,1,7
0,Pacific Asia,Oceania,Same Day,Sporting Goods,1,7
1,Pacific Asia,Southeast Asia,Same Day,Sporting Goods,1,7
1,Pacific Asia,Southeast Asia,Same Day,Sporting Goods,1,7
0,Pacific Asia,Southeast Asia,Standard Class,Sporting Goods,1,3
0,Pacific Asia,Southeast Asia,Standard Class,Sporting Goods,1,2
0,Pacific Asia,Oceania,Standard Class,Sporting Goods,1,1
1,Pacific Asia,South Asia,Standard Class,Sporting Goods,1,5
1,Pacific Asia,South Asia,Second Class,Sporting Goods,1,4
0,Pacific Asia,Eastern Asia,Standard Class,Sporting Goods,1,3
1,Pacific Asia,South Asia,Second Class,Cleats,2,2
0,Pacific Asia,West Asia,Second Class,Shop By Sport,10,5
1,Pacific Asia,Oceania,Second Class,Women's Apparel,4,3
0,Pacific Asia,West Asia,Second Class,Shop By Sport,11,3
1,Pacific Asia,Eastern Asia,Second Class,Women's Apparel,12,5
1,Pacific Asia,West Asia,Second Class,Women's Apparel,1,5
1,Pacific Asia,South Asia,Second Class,Women's Apparel,10,7
0,USCA,West of USA ,Second Class,Electronics,6,2
1,USCA,West of USA ,Second Class,Boxing & MMA,8,2
1,USCA,West of USA ,Second Class,Cleats,4,3
1,USCA,US Center ,Second Class,Cleats,5,5
0,Africa,West Africa,Second Class,Cardio Equipment,10,5
1,Africa,Central Africa,Second Class,Shop By Sport,11,1
1,Africa,West Africa,Second Class,Trade-In,11,4
1,Africa,North Africa,Second Class,Electronics,12,3
1,Europe,Western Europe,Second Class,Cardio Equipment,7,6
0,Europe,Western Europe,Second Class,Cardio Equipment,7,2
1,Europe,Western Europe,Second Class,Cardio Equipment,8,1
1,Europe,Western Europe,Second Class,Cleats,9,7
0,Europe,Northern Europe,Second Class,Cleats,7,3
1,Europe,Northern Europe,Second Class,Cleats,9,6
1,Europe,Western Europe,Second Class,Cleats,8,4
0,Europe,Western Europe,Second Class,Women's Apparel,7,2
1,Europe,Northern Europe,Second Class,Shop By Sport,8,3
1,Europe,Western Europe,Second Class,Women's Apparel,9,5
1,Europe,Western Europe,Second Class,Trade-In,7,4
1,LATAM,Central America,Second Class,Cardio Equipment,4,6
1,LATAM,Central America,Second Class,Cleats,4,6
1,LATAM,Central America,Second Class,Cleats,5,3
1,LATAM,Caribbean,Second Class,Cleats,4,5
1,LATAM,South America,Second Class,Cleats,4,5
1,LATAM,South America,Second Class,Cleats,4,5
1,LATAM,Caribbean,Second Class,Cleats,6,6
1,LATAM,South America,Second Class,Cleats,2,4
1,LATAM,Central America,Second Class,Women's Apparel,4,5
1,LATAM,Central America,Second Class,Shop By Sport,4,3
1,LATAM,South America,Second Class,Women's Apparel,4,7
1,LATAM,Caribbean,Second Class,Women's Apparel,4,5
1,LATAM,Central America,Second Class,Women's Apparel,3,4
0,LATAM,Central America,Second Class,Women's Apparel,3,3
1,LATAM,Central America,Second Class,Women's Apparel,2,7
1,LATAM,Central America,Second Class,Women's Apparel,2,7
1,LATAM,Central America,Second Class,Women's Apparel,2,4
1,LATAM,South America,Second Class,Shop By Sport,1,1
1,LATAM,South America,Standard Class,Women's Apparel,3,4
1,LATAM,South America,Standard Class,Shop By Sport,2,2
0,LATAM,South America,Standard Class,Shop By Sport,4,3
0,LATAM,South America,Standard Class,Women's Apparel,4,7
1,LATAM,South America,Standard Class,Women's Apparel,4,4
0,LATAM,Caribbean,Standard Class,Shop By Sport,2,5
0,LATAM,Caribbean,Standard Class,Shop By Sport,4,1
1,LATAM,Caribbean,Standard Class,Women's Apparel,3,5
0,LATAM,Central America,Standard Class,Women's Apparel,2,5
0,LATAM,Central America,Standard Class,Shop By Sport,4,3
0,LATAM,Central America,Standard Class,Women's Apparel,2,4
0,LATAM,South America,Standard Class,Women's Apparel,5,3
0,LATAM,Central America,Standard Class,Shop By Sport,3,1
0,LATAM,South America,Standard Class,Women's Apparel,6,6
0,LATAM,Caribbean,Standard Class,Shop By Sport,1,2
1,LATAM,Central America,Standard Class,Women's Apparel,5,2
1,LATAM,South America,Standard Class,Women's Apparel,3,2
0,LATAM,Caribbean,Standard Class,Women's Apparel,4,2
1,LATAM,Central America,Standard Class,Women's Apparel,3,4
0,LATAM,Central America,Standard Class,Shop By Sport,6,5
0,LATAM,Central America,Standard Class,Women's Apparel,5,6
1,LATAM,South America,Standard Class,Women's Apparel,2,2
0,LATAM,South America,Standard Class,Women's Apparel,5,7
1,LATAM,Central America,Standard Class,Electronics,4,1
0,LATAM,Central America,Standard Class,Electronics,2,5
1,LATAM,Central America,Standard Class,Kids' Golf Clubs,5,2
0,LATAM,Caribbean,Standard Class,Hunting & Shooting,4,6
0,LATAM,South America,Standard Class,Baseball & Softball,5,7
1,LATAM,Central America,Standard Class,Cardio Equipment,5,3
0,LATAM,Central America,Standard Class,Cardio Equipment,2,6
1,LATAM,South America,Standard Class,Cardio Equipment,2,7
0,LATAM,Central America,Standard Class,Cardio Equipment,5,2
1,LATAM,South America,Standard Class,Cardio Equipment,3,6
0,LATAM,Central America,Standard Class,Cardio Equipment,5,2
1,LATAM,Central America,Standard Class,Cardio Equipment,5,1
1,LATAM,Central America,Standard Class,Cardio Equipment,4,5
0,LATAM,South America,Standard Class,Cardio Equipment,5,7
0,LATAM,South America,Standard Class,Boxing & MMA,6,5
0,LATAM,Central America,Standard Class,Cleats,3,3
0,LATAM,Central America,Standard Class,Cleats,2,1
1,LATAM,Central America,Standard Class,Cleats,1,3
0,LATAM,South America,Standard Class,Cleats,2,5
1,LATAM,Central America,Standard Class,Cleats,5,7
1,LATAM,Central America,Standard Class,Cleats,2,1
1,LATAM,Central America,Standard Class,Cleats,1,1
1,Africa,Central Africa,Second Class,Cardio Equipment,1,7
1,Africa,North Africa,Second Class,Men's Footwear,11,5
1,Africa,East Africa,Second Class,Men's Footwear,9,5
1,Africa,North Africa,Second Class,Men's Footwear,8,3
1,Africa,North Africa,Second Class,Cleats,11,5
1,Africa,West Africa,Second Class,Men's Footwear,10,3
1,Africa,North Africa,Second Class,Camping & Hiking,11,2
1,Africa,North Africa,Second Class,Camping & Hiking,8,3
1,Europe,Southern Europe,Second Class,Consumer Electronics,11,2
1,Europe,Western Europe,Second Class,Cameras ,10,4
1,Europe,Western Europe,Second Class,Consumer Electronics,11,3
1,Europe,Western Europe,Second Class,Cameras ,10,1
1,Europe,Western Europe,Second Class,Consumer Electronics,11,2
1,Europe,Southern Europe,Second Class,Cameras ,10,5
1,Europe,Western Europe,Second Class,Consumer Electronics,11,4
1,Europe,Northern Europe,Second Class,Computers,11,6
0,Europe,Western Europe,Second Class,Cameras ,10,1
1,Europe,Western Europe,Second Class,Cameras ,10,7
1,Europe,Northern Europe,Second Class,Computers,11,7
1,Europe,Southern Europe,Second Class,Cameras ,10,3
0,Europe,Northern Europe,Second Class,Consumer Electronics,11,1
1,Europe,Southern Europe,Second Class,Cameras ,10,7
1,Europe,Southern Europe,Second Class,Consumer Electronics,11,4
1,Europe,Western Europe,Second Class,Computers,10,3
0,Europe,Southern Europe,Second Class,Cameras ,10,1
1,Europe,Western Europe,Second Class,Consumer Electronics,11,3
1,Europe,Northern Europe,Second Class,Cameras ,10,7
1,Europe,Western Europe,Second Class,Consumer Electronics,11,7
1,Europe,Western Europe,Second Class,Cameras ,10,2
1,Europe,Northern Europe,Second Class,Consumer Electronics,11,3
1,Europe,Southern Europe,Second Class,Consumer Electronics,11,2
1,Europe,Western Europe,Second Class,Consumer Electronics,11,3
1,Europe,Northern Europe,Second Class,Cameras ,10,3
1,Europe,Southern Europe,Second Class,Cameras ,10,7
1,Europe,Western Europe,Second Class,Consumer Electronics,11,5
1,Europe,Northern Europe,Second Class,Computers,10,3
0,Europe,Northern Europe,Second Class,Cameras ,10,6
1,Europe,Western Europe,Second Class,Basketball,10,7
1,Europe,Southern Europe,Second Class,Soccer,9,4
1,Europe,Northern Europe,Second Class,Baseball & Softball,9,4
1,Europe,Northern Europe,Second Class,Electronics,10,3
1,Europe,Western Europe,Second Class,Cardio Equipment,8,1
1,Europe,Northern Europe,Second Class,Cardio Equipment,8,6
1,Europe,Western Europe,Second Class,Electronics,9,1
1,Europe,Western Europe,Second Class,Cardio Equipment,10,4
1,Europe,Western Europe,Second Class,Cardio Equipment,7,5
0,USCA,US Center ,Standard Class,Electronics,5,6
0,USCA,West of USA ,Standard Class,Cardio Equipment,4,5
0,USCA,West of USA ,Standard Class,Cardio Equipment,8,7
0,USCA,West of USA ,Standard Class,Cardio Equipment,4,5
0,USCA,West of USA ,Standard Class,Cleats,5,6
0,USCA,West of USA ,Standard Class,Cleats,5,1
0,USCA,East of USA,Standard Class,Cleats,4,1
0,USCA,US Center ,Standard Class,Shop By Sport,7,1
0,USCA,East of USA,Standard Class,Girls' Apparel,4,1
0,USCA,Canada,Standard Class,Women's Apparel,12,6
0,USCA,US Center ,Standard Class,Women's Apparel,5,6
0,USCA,Canada,Standard Class,Women's Apparel,12,6
0,USCA,Canada,Standard Class,Shop By Sport,9,7
0,USCA,East of USA,Standard Class,Shop By Sport,7,6
0,USCA,US Center ,Standard Class,Accessories,7,5
0,USCA,US Center ,Standard Class,Trade-In,7,3
0,Africa,East Africa,Standard Class,Cleats,9,1
0,Africa,North Africa,Standard Class,Cleats,9,5
0,Africa,West Africa,Standard Class,Women's Apparel,1,6
0,Africa,West Africa,Standard Class,Shop By Sport,1,6
0,Africa,North Africa,Standard Class,Women's Apparel,10,2
0,Africa,West Africa,Standard Class,Accessories,9,2
0,Africa,East Africa,Standard Class,Cardio Equipment,9,1
0,Africa,North Africa,Standard Class,Cleats,10,2
1,Africa,North Africa,Standard Class,Cleats,1,5
1,Africa,West Africa,Standard Class,Cleats,10,7
0,Africa,North Africa,Standard Class,Cleats,9,5
1,Africa,North Africa,Standard Class,Cleats,1,4
1,Africa,West Africa,Standard Class,Women's Apparel,1,3
1,Africa,North Africa,Standard Class,Women's Apparel,8,3
0,Africa,West Africa,Standard Class,Shop By Sport,9,6
1,Africa,North Africa,Standard Class,Shop By Sport,12,7
0,Africa,Southern Africa,Standard Class,Girls' Apparel,9,2
0,Africa,North Africa,Standard Class,Women's Apparel,11,4
0,Africa,North Africa,Standard Class,Women's Apparel,9,6
1,Africa,West Africa,Standard Class,Women's Apparel,11,5
0,Africa,West Africa,Standard Class,Accessories,12,2
1,Africa,East Africa,Standard Class,Cardio Equipment,1,5
1,Africa,Southern Africa,Standard Class,Cardio Equipment,11,5
0,Africa,East Africa,Standard Class,Cardio Equipment,9,3
0,Africa,East Africa,Standard Class,Cardio Equipment,11,5
1,Africa,East Africa,Standard Class,Cardio Equipment,12,6
1,Africa,East Africa,Standard Class,Cardio Equipment,12,6
0,Africa,North Africa,Standard Class,Cardio Equipment,11,5
0,Africa,Southern Africa,Standard Class,Cardio Equipment,11,7
0,Pacific Asia,West Asia,Standard Class,Men's Footwear,9,6
0,Pacific Asia,West Asia,Standard Class,Men's Footwear,9,2
0,Pacific Asia,Oceania,Standard Class,Cleats,2,7
0,Pacific Asia,Oceania,Standard Class,Men's Footwear,1,1
0,Pacific Asia,Oceania,Standard Class,Men's Footwear,3,2
1,Pacific Asia,Oceania,Standard Class,Men's Footwear,1,5
1,Pacific Asia,Oceania,Standard Class,Women's Clothing,2,6
0,Pacific Asia,South Asia,Standard Class,Men's Footwear,1,5
0,Pacific Asia,South Asia,Standard Class,Men's Footwear,2,3
1,Pacific Asia,Southeast Asia,Standard Class,Men's Footwear,12,5
1,Pacific Asia,Southeast Asia,Standard Class,Men's Footwear,12,5
0,Pacific Asia,West Asia,Standard Class,Cleats,9,4
0,Pacific Asia,West Asia,Standard Class,Men's Footwear,9,2
0,Pacific Asia,West Asia,Standard Class,Men's Footwear,12,6
0,Pacific Asia,West Asia,Standard Class,Men's Footwear,11,3
0,Pacific Asia,Eastern Asia,Standard Class,Crafts,12,6
0,Pacific Asia,Eastern Asia,Standard Class,Men's Footwear,2,3
0,Pacific Asia,Oceania,Standard Class,Cleats,3,6
0,Pacific Asia,Oceania,Standard Class,Men's Footwear,3,4
0,Pacific Asia,Oceania,Standard Class,Men's Footwear,3,6
1,Pacific Asia,South Asia,Standard Class,Men's Footwear,11,2
1,Pacific Asia,Southeast Asia,Standard Class,Men's Footwear,12,7
0,Pacific Asia,West Asia,Standard Class,Men's Footwear,12,6
0,Pacific Asia,West Asia,Standard Class,Men's Footwear,9,4
0,Pacific Asia,West Asia,Standard Class,Men's Footwear,11,3
1,Pacific Asia,Central Asia,Standard Class,Men's Footwear,9,2
0,Pacific Asia,Eastern Asia,Standard Class,Men's Footwear,11,7
0,Pacific Asia,Eastern Asia,Standard Class,Men's Footwear,12,4
0,Pacific Asia,Eastern Asia,Standard Class,Men's Footwear,1,2
0,Pacific Asia,Eastern Asia,Standard Class,Women's Clothing,12,2
1,Pacific Asia,Oceania,Standard Class,Cleats,3,2
0,Pacific Asia,Oceania,Standard Class,Men's Footwear,3,7
0,Pacific Asia,Oceania,Standard Class,Men's Footwear,2,4
0,Pacific Asia,Oceania,Standard Class,Women's Clothing,1,3
0,Pacific Asia,South Asia,Standard Class,Men's Footwear,12,3
1,Pacific Asia,South Asia,Standard Class,Men's Footwear,1,1
1,Pacific Asia,South Asia,Standard Class,Women's Clothing,12,2
0,Pacific Asia,Southeast Asia,Standard Class,Crafts,12,7
0,Pacific Asia,Southeast Asia,Standard Class,Men's Footwear,1,6
0,Pacific Asia,Southeast Asia,Standard Class,Women's Clothing,2,6
0,Pacific Asia,West Asia,Standard Class,Men's Footwear,9,7
1,Pacific Asia,West Asia,Standard Class,Men's Footwear,11,3
0,Pacific Asia,Central Asia,Standard Class,Men's Footwear,12,7
0,Pacific Asia,Eastern Asia,Standard Class,Cleats,3,7
0,Pacific Asia,Eastern Asia,Standard Class,Men's Clothing,11,3
0,Africa,West Africa,Standard Class,Women's Apparel,12,4
0,Africa,West Africa,Standard Class,Women's Apparel,10,6
0,Africa,West Africa,Standard Class,Shop By Sport,10,7
0,Africa,Central Africa,Standard Class,Shop By Sport,11,5
1,Africa,West Africa,Standard Class,Women's Apparel,10,4
0,Africa,Central Africa,Standard Class,Women's Apparel,9,4
1,Africa,Central Africa,Standard Class,Women's Apparel,11,7
0,Africa,West Africa,Standard Class,Women's Apparel,11,3
0,Africa,East Africa,Standard Class,Women's Apparel,11,3
1,Africa,East Africa,Standard Class,Women's Apparel,12,5
1,Africa,West Africa,Standard Class,Women's Apparel,10,6
0,Africa,Central Africa,Standard Class,Women's Apparel,10,2
1,Africa,Central Africa,Standard Class,Shop By Sport,10,4
1,Africa,West Africa,Standard Class,Women's Apparel,12,7
1,Africa,Southern Africa,Standard Class,Accessories,9,5
1,Africa,West Africa,Standard Class,Accessories,10,1
0,Africa,East Africa,Standard Class,Accessories,10,5
1,Africa,West Africa,Standard Class,Trade-In,11,3
1,Africa,West Africa,Standard Class,Trade-In,10,2
0,Africa,North Africa,Standard Class,Electronics,12,7
0,Africa,North Africa,Standard Class,Hunting & Shooting,9,7
0,Africa,West Africa,Standard Class,Tennis & Racquet,12,2
0,Africa,North Africa,Standard Class,Cardio Equipment,10,2
0,Africa,East Africa,Standard Class,Cleats,9,5
0,Africa,North Africa,Standard Class,Shop By Sport,10,5
1,Africa,Southern Africa,Standard Class,Women's Apparel,9,1
1,Africa,Southern Africa,Standard Class,Electronics,1,4
1,Europe,Western Europe,Standard Class,Baseball & Softball,10,2
1,Europe,Eastern Europe,Standard Class,Fitness Accessories,10,4
0,Europe,Western Europe,Standard Class,Cardio Equipment,8,5
0,Europe,Southern Europe,Standard Class,Electronics,8,2
1,Europe,Western Europe,Standard Class,Cardio Equipment,8,1
0,Europe,Western Europe,Standard Class,Cardio Equipment,7,2
0,Europe,Western Europe,Standard Class,Cardio Equipment,9,7
0,Europe,Western Europe,Standard Class,Cardio Equipment,6,6
1,Europe,Western Europe,Standard Class,Electronics,6,7
1,Europe,Southern Europe,Standard Class,Cardio Equipment,7,4
0,Europe,Southern Europe,Standard Class,Cardio Equipment,9,7
0,Europe,Eastern Europe,Standard Class,Cardio Equipment,11,1
1,Europe,Southern Europe,Standard Class,Cardio Equipment,7,6
0,Europe,Western Europe,Standard Class,Cardio Equipment,9,6
1,Europe,Western Europe,Standard Class,Fitness Accessories,10,5
1,Europe,Southern Europe,Standard Class,Fitness Accessories,10,6
1,Europe,Northern Europe,Standard Class,As Seen on  TV!,9,5
1,Europe,Eastern Europe,Standard Class,Cardio Equipment,11,3
0,LATAM,Central America,Standard Class,Cleats,3,5
1,LATAM,South America,Standard Class,Cleats,6,4
0,LATAM,Central America,Standard Class,Cleats,2,5
0,LATAM,Central America,Standard Class,Cleats,4,2
1,LATAM,South America,Standard Class,Cleats,2,5
0,LATAM,South America,Standard Class,Women's Apparel,2,1
0,LATAM,South America,Standard Class,Women's Apparel,3,3
0,LATAM,Central America,Standard Class,Women's Apparel,5,3
0,LATAM,South America,Standard Class,Shop By Sport,4,3
0,LATAM,Central America,Standard Class,Women's Apparel,3,3
0,LATAM,Caribbean,Standard Class,Women's Apparel,5,5
0,LATAM,Central America,Standard Class,Shop By Sport,5,2
1,LATAM,Caribbean,Standard Class,Shop By Sport,2,4
1,LATAM,Central America,Standard Class,Shop By Sport,5,1
1,LATAM,South America,Standard Class,Women's Apparel,2,7
1,LATAM,Central America,Standard Class,Girls' Apparel,2,4
1,LATAM,Central America,Standard Class,Girls' Apparel,3,6
0,LATAM,Central America,Standard Class,Women's Apparel,2,5
0,LATAM,Central America,Standard Class,Women's Apparel,4,2
1,LATAM,South America,Standard Class,Shop By Sport,4,7
0,LATAM,Central America,Standard Class,Shop By Sport,4,2
0,LATAM,Central America,Standard Class,Shop By Sport,4,4
0,LATAM,Central America,Standard Class,Women's Apparel,3,5
0,LATAM,South America,Standard Class,Shop By Sport,1,6
0,LATAM,South America,Standard Class,Women's Apparel,2,3
1,LATAM,South America,Standard Class,Women's Apparel,2,1
0,LATAM,Caribbean,Standard Class,Shop By Sport,6,6
0,LATAM,Central America,Standard Class,Women's Apparel,4,7
0,LATAM,Central America,Standard Class,Women's Apparel,3,3
0,LATAM,Central America,Standard Class,Women's Apparel,5,1
0,LATAM,Central America,Standard Class,Shop By Sport,6,1
0,LATAM,Central America,Standard Class,Girls' Apparel,2,7
0,LATAM,South America,Standard Class,Shop By Sport,2,4
1,LATAM,South America,Standard Class,Shop By Sport,3,2
1,LATAM,South America,Standard Class,Women's Apparel,2,5
0,LATAM,Central America,Standard Class,Women's Apparel,2,7
0,LATAM,South America,Standard Class,Women's Apparel,3,6
0,LATAM,Central America,Standard Class,Shop By Sport,4,7
1,LATAM,Central America,Standard Class,Shop By Sport,2,7
0,LATAM,Central America,Standard Class,Women's Apparel,6,6
1,LATAM,Central America,Standard Class,Electronics,5,1
0,LATAM,South America,Standard Class,Accessories,3,7
1,LATAM,South America,Standard Class,Golf Balls,5,5
1,LATAM,South America,Standard Class,Electronics,5,3
0,Pacific Asia,South Asia,Standard Class,Sporting Goods,1,2
0,Pacific Asia,Eastern Asia,Standard Class,Sporting Goods,1,1
1,Pacific Asia,Eastern Asia,Second Class,Sporting Goods,1,5
1,Pacific Asia,South Asia,Standard Class,Sporting Goods,1,4
0,Pacific Asia,South Asia,Standard Class,Sporting Goods,1,3
0,Pacific Asia,South Asia,Standard Class,Sporting Goods,1,2
0,Pacific Asia,Oceania,Standard Class,Sporting Goods,1,1
1,Pacific Asia,Southeast Asia,Second Class,Sporting Goods,1,5
1,Pacific Asia,Oceania,Standard Class,Sporting Goods,1,4
1,Pacific Asia,Eastern Asia,First Class,Sporting Goods,1,1
0,Pacific Asia,Eastern Asia,Standard Class,Sporting Goods,1,2
0,Pacific Asia,Eastern Asia,Standard Class,Sporting Goods,1,1
1,Pacific Asia,Eastern Asia,Standard Class,Sporting Goods,1,5
1,Pacific Asia,South Asia,Standard Class,Sporting Goods,1,4
0,Pacific Asia,South Asia,Standard Class,Sporting Goods,1,3
0,Pacific Asia,Southeast Asia,Standard Class,Sporting Goods,1,2
0,Pacific Asia,Southeast Asia,Standard Class,Sporting Goods,1,1
1,Pacific Asia,Southeast Asia,Second Class,Sporting Goods,1,5
1,Pacific Asia,Southeast Asia,Standard Class,Sporting Goods,1,4
0,Pacific Asia,South Asia,Standard Class,Sporting Goods,1,3
0,Pacific Asia,South Asia,Standard Class,Sporting Goods,1,2
1,Pacific Asia,South Asia,First Class,Sporting Goods,1,1
1,Pacific Asia,South Asia,First Class,Sporting Goods,1,1
1,Pacific Asia,South Asia,First Class,Sporting Goods,1,1
1,Pacific Asia,Eastern Asia,First Class,Sporting Goods,1,1
0,Pacific Asia,Southeast Asia,Same Day,Sporting Goods,1,6
0,Pacific Asia,Southeast Asia,Same Day,Sporting Goods,1,6
0,Pacific Asia,Oceania,Same Day,Sporting Goods,1,6
1,Pacific Asia,Oceania,Standard Class,Sporting Goods,1,4
0,Pacific Asia,Oceania,Standard Class,Sporting Goods,1,3
0,Pacific Asia,Oceania,Standard Class,Sporting Goods,1,2
0,Pacific Asia,Oceania,Standard Class,Sporting Goods,1,1
1,Pacific Asia,Oceania,Standard Class,Sporting Goods,1,5
0,Pacific Asia,Eastern Asia,Standard Class,Sporting Goods,1,4
1,Pacific Asia,Oceania,Second Class,Sporting Goods,1,3
0,Pacific Asia,Oceania,Standard Class,Sporting Goods,1,2
0,Pacific Asia,Eastern Asia,Second Class,Sporting Goods,1,1
1,Pacific Asia,Southeast Asia,First Class,Sporting Goods,1,1
1,Pacific Asia,Southeast Asia,Second Class,Sporting Goods,1,4
1,Pacific Asia,Eastern Asia,Second Class,Sporting Goods,1,3
0,Pacific Asia,South Asia,Standard Class,Sporting Goods,1,2
0,Pacific Asia,Eastern Asia,Standard Class,Sporting Goods,1,1
1,Pacific Asia,South Asia,Standard Class,Sporting Goods,1,5
1,Pacific Asia,South Asia,Standard Class,Sporting Goods,1,4
1,Pacific Asia,South Asia,Second Class,Sporting Goods,1,3
0,Pacific Asia,South Asia,Second Class,Sporting Goods,1,2
0,Pacific Asia,South Asia,Standard Class,Sporting Goods,1,1
1,Pacific Asia,Southeast Asia,Standard Class,Sporting Goods,1,5
1,Pacific Asia,Southeast Asia,Standard Class,Sporting Goods,1,4
1,Pacific Asia,Southeast Asia,Second Class,Sporting Goods,1,3
0,Pacific Asia,Southeast Asia,Standard Class,Sporting Goods,1,2
0,Pacific Asia,Southeast Asia,Standard Class,Sporting Goods,1,1
1,Pacific Asia,Eastern Asia,Second Class,Sporting Goods,1,5
1,Pacific Asia,Eastern Asia,Second Class,Sporting Goods,1,4
1,Pacific Asia,Eastern Asia,First Class,Sporting Goods,1,1
1,Pacific Asia,Southeast Asia,First Class,Sporting Goods,1,1
0,Pacific Asia,Southeast Asia,Second Class,Sporting Goods,1,1
1,Pacific Asia,South Asia,Second Class,Sporting Goods,1,5
1,Pacific Asia,South Asia,Second Class,Sporting Goods,1,3
1,Pacific Asia,South Asia,First Class,Sporting Goods,1,7
1,Pacific Asia,South Asia,First Class,Sporting Goods,1,7
1,Pacific Asia,South Asia,First Class,Sporting Goods,1,7
1,Pacific Asia,Southeast Asia,Standard Class,Sporting Goods,1,4
1,Pacific Asia,Southeast Asia,Standard Class,Sporting Goods,1,3
0,Pacific Asia,Southeast Asia,Standard Class,Sporting Goods,1,2
0,Pacific Asia,Oceania,Standard Class,Sporting Goods,1,1
0,Pacific Asia,Southeast Asia,Standard Class,Sporting Goods,1,7
1,Pacific Asia,Southeast Asia,Standard Class,Sporting Goods,1,4
1,Pacific Asia,South Asia,Standard Class,Sporting Goods,1,3
0,Pacific Asia,South Asia,Standard Class,Sporting Goods,1,2
0,Pacific Asia,South Asia,Standard Class,Sporting Goods,1,1
0,Pacific Asia,South Asia,Standard Class,Sporting Goods,1,7
1,Pacific Asia,Southeast Asia,Standard Class,Sporting Goods,1,4
1,Pacific Asia,Southeast Asia,Standard Class,Sporting Goods,1,3
0,Pacific Asia,Oceania,Standard Class,Sporting Goods,1,2
0,Pacific Asia,Oceania,Standard Class,Sporting Goods,1,1
0,Pacific Asia,Southeast Asia,Standard Class,Sporting Goods,1,7
1,Pacific Asia,Eastern Asia,Standard Class,Sporting Goods,1,4
1,Pacific Asia,Eastern Asia,Standard Class,Sporting Goods,1,3
1,Pacific Asia,Southeast Asia,Second Class,Sporting Goods,1,2
1,Pacific Asia,Oceania,Second Class,Sporting Goods,1,1
1,Pacific Asia,Eastern Asia,First Class,Sporting Goods,1,7
1,Pacific Asia,Eastern Asia,Second Class,Sporting Goods,1,4
1,Pacific Asia,Eastern Asia,Second Class,Sporting Goods,1,3
1,Pacific Asia,Eastern Asia,Second Class,Sporting Goods,1,2
1,Pacific Asia,Eastern Asia,Same Day,Sporting Goods,1,6
1,Pacific Asia,Eastern Asia,Same Day,Sporting Goods,1,6
1,Pacific Asia,Oceania,Same Day,Sporting Goods,1,6
1,Pacific Asia,Oceania,Same Day,Sporting Goods,1,6
1,Pacific Asia,Oceania,Same Day,Sporting Goods,1,6
0,Pacific Asia,Oceania,Same Day,Sporting Goods,1,6
1,Pacific Asia,South Asia,Same Day,Sporting Goods,1,6
1,Pacific Asia,South Asia,Standard Class,Sporting Goods,1,4
1,Pacific Asia,Southeast Asia,Standard Class,Sporting Goods,1,3
0,Pacific Asia,South Asia,Standard Class,Sporting Goods,1,2
0,Pacific Asia,Eastern Asia,Standard Class,Sporting Goods,1,1
1,LATAM,Central America,Second Class,Women's Apparel,4,6
1,LATAM,Central America,Second Class,Women's Apparel,2,7
0,Pacific Asia,West Asia,Second Class,Cardio Equipment,12,1
1,Pacific Asia,Oceania,Second Class,Shop By Sport,3,5
1,Pacific Asia,West Asia,Second Class,Cardio Equipment,1,5
1,Pacific Asia,Southeast Asia,Second Class,Cleats,2,7
1,Pacific Asia,Eastern Asia,Second Class,Cleats,12,5
0,Pacific Asia,Southeast Asia,Second Class,Cleats,4,1
0,Pacific Asia,Eastern Asia,Second Class,Cleats,11,7
1,Pacific Asia,Oceania,Second Class,Cleats,1,7
0,Pacific Asia,Southeast Asia,Second Class,Women's Apparel,4,1
1,Pacific Asia,Oceania,Second Class,Shop By Sport,12,7
1,Pacific Asia,Oceania,Second Class,Trade-In,2,6
1,Pacific Asia,South Asia,Second Class,Trade-In,2,7
1,USCA,West of USA ,Second Class,Cleats,7,7
1,USCA,West of USA ,Second Class,Tennis & Racquet,4,3
0,USCA,West of USA ,Second Class,Cardio Equipment,5,1
1,USCA,East of USA,Second Class,Cardio Equipment,7,6
1,USCA,East of USA,Second Class,Cleats,7,6
1,USCA,US Center ,Second Class,Women's Apparel,5,5
1,USCA,South of  USA ,Second Class,Women's Apparel,8,1
1,Africa,Southern Africa,Second Class,Cardio Equipment,11,4
0,Africa,Southern Africa,Second Class,Electronics,10,2
1,Europe,Western Europe,Second Class,Cardio Equipment,7,3
0,Europe,Western Europe,Second Class,Electronics,9,4
0,Europe,Western Europe,Second Class,Cardio Equipment,6,4
1,Europe,Northern Europe,Second Class,Cleats,8,3
1,Europe,Northern Europe,Second Class,Cleats,9,6
1,Europe,Western Europe,Second Class,Cleats,7,6
0,Europe,Western Europe,Second Class,Women's Apparel,6,6
1,Europe,Western Europe,Second Class,Shop By Sport,9,4
0,Europe,Eastern Europe,Second Class,Women's Apparel,10,2
1,Europe,Northern Europe,Second Class,Women's Apparel,8,3
0,Europe,Northern Europe,Second Class,Women's Apparel,7,4
1,Europe,Eastern Europe,Second Class,Shop By Sport,12,4
1,Europe,Northern Europe,Second Class,Women's Apparel,10,6
0,Europe,Western Europe,Second Class,Shop By Sport,7,2
1,Europe,Eastern Europe,Second Class,Accessories,12,4
0,LATAM,Central America,Second Class,Cardio Equipment,1,1
1,LATAM,Caribbean,Second Class,Cardio Equipment,5,6
1,LATAM,Central America,Second Class,Cardio Equipment,4,3
1,LATAM,Central America,Second Class,Cleats,2,7
1,LATAM,Central America,Second Class,Cleats,5,5
1,LATAM,Central America,Second Class,Cleats,4,6
1,LATAM,South America,Second Class,Women's Apparel,3,4
1,LATAM,Central America,Second Class,Shop By Sport,2,7
0,LATAM,Central America,Second Class,Women's Apparel,3,5
1,LATAM,South America,Second Class,Electronics,3,1
1,Pacific Asia,Eastern Asia,Second Class,Accessories,11,5
1,Pacific Asia,Eastern Asia,Second Class,Cleats,12,5
1,Pacific Asia,Oceania,Second Class,Cleats,4,4
1,Pacific Asia,South Asia,Second Class,Cleats,11,4
0,Pacific Asia,Oceania,Second Class,Shop By Sport,12,2
1,Pacific Asia,West Asia,Second Class,Women's Apparel,1,5
1,Pacific Asia,Southeast Asia,Second Class,Shop By Sport,12,1
1,Pacific Asia,Southeast Asia,Second Class,Women's Apparel,11,5
1,Pacific Asia,Eastern Asia,Second Class,Shop By Sport,11,2
0,Pacific Asia,West Asia,Second Class,Women's Apparel,10,5
1,Pacific Asia,Oceania,Second Class,Accessories,12,6
1,USCA,West of USA ,Second Class,Women's Apparel,7,7
1,USCA,West of USA ,Second Class,Electronics,4,7
1,USCA,West of USA ,Second Class,Cleats,7,7
1,USCA,US Center ,Second Class,Cleats,7,7
1,USCA,East of USA,Second Class,Cleats,4,7
1,USCA,South of  USA ,Second Class,Cleats,6,7
1,USCA,US Center ,Second Class,Cleats,7,7
1,USCA,South of  USA ,Second Class,Shop By Sport,8,1
1,USCA,South of  USA ,Second Class,Women's Apparel,8,1
1,Africa,Central Africa,Second Class,Cardio Equipment,12,2
1,Africa,North Africa,Second Class,Women's Apparel,12,3
1,Europe,Southern Europe,Second Class,Cardio Equipment,9,2
0,Europe,Southern Europe,Second Class,Cardio Equipment,8,6
1,Europe,Western Europe,Second Class,Cleats,7,5
1,Europe,Western Europe,Second Class,Cleats,8,5
1,Europe,Western Europe,Second Class,Cleats,7,6
1,Europe,Western Europe,Second Class,Cleats,9,5
0,Europe,Southern Europe,Second Class,Girls' Apparel,8,6
1,Europe,Western Europe,Second Class,Women's Apparel,8,1
1,Europe,Northern Europe,Second Class,Women's Apparel,8,3
0,Europe,Northern Europe,Second Class,Women's Apparel,7,4
1,Europe,Western Europe,Second Class,Shop By Sport,9,1
1,Europe,Western Europe,Second Class,Women's Apparel,8,1
1,Europe,Western Europe,Second Class,Women's Apparel,8,5
1,Europe,Western Europe,Second Class,Women's Apparel,8,3
0,Europe,Western Europe,Second Class,Girls' Apparel,6,6
1,Europe,Western Europe,Second Class,Women's Apparel,7,3
0,Europe,Eastern Europe,Second Class,Golf Balls,1,5
0,LATAM,Central America,Second Class,Women's Apparel,2,4
1,LATAM,Central America,Second Class,Electronics,2,7
1,Europe,Western Europe,Second Class,Strength Training,9,4
0,Europe,Southern Europe,Second Class,Cardio Equipment,8,1
1,Europe,Northern Europe,Second Class,Electronics,7,1
1,Europe,Southern Europe,Second Class,Crafts,11,6
1,Europe,Southern Europe,Second Class,Men's Footwear,7,5
1,Europe,Western Europe,Second Class,Cleats,9,4
1,Europe,Western Europe,Second Class,Men's Footwear,10,7
1,Europe,Western Europe,Second Class,Men's Footwear,8,4
1,Europe,Western Europe,Second Class,Men's Footwear,8,2
1,Europe,Western Europe,Second Class,Men's Footwear,8,7
1,Europe,Eastern Europe,Second Class,Cleats,11,5
1,Europe,Northern Europe,Second Class,Crafts,11,4
1,Europe,Northern Europe,Second Class,Men's Footwear,7,3
1,Europe,Northern Europe,Second Class,Men's Footwear,10,4
1,Europe,Northern Europe,Second Class,Men's Footwear,9,6
0,Europe,Northern Europe,Second Class,Men's Footwear,6,4
1,Europe,Southern Europe,Second Class,Men's Footwear,9,1
0,Europe,Southern Europe,Second Class,Men's Footwear,8,1
0,Europe,Western Europe,Second Class,Crafts,11,4
1,Europe,Western Europe,Second Class,Men's Footwear,10,7
1,Europe,Western Europe,Second Class,Men's Footwear,8,4
1,Europe,Western Europe,Second Class,Men's Footwear,9,4
1,Europe,Eastern Europe,Second Class,Cleats,12,6
0,Europe,Northern Europe,Second Class,Men's Footwear,8,2
0,Europe,Northern Europe,Second Class,Men's Footwear,6,4
1,Europe,Western Europe,Second Class,Cleats,8,5
1,Europe,Northern Europe,Second Class,Men's Footwear,9,7
0,Europe,Northern Europe,Second Class,Men's Footwear,6,4
1,Europe,Southern Europe,Second Class,Cleats,7,7
0,Europe,Western Europe,Second Class,Men's Footwear,8,3
1,Europe,Western Europe,Second Class,Men's Footwear,6,3
1,Europe,Western Europe,Second Class,Men's Footwear,8,1
1,Europe,Western Europe,Second Class,Men's Footwear,9,3
1,Europe,Western Europe,Second Class,Men's Footwear,9,5
1,Europe,Western Europe,Second Class,Men's Footwear,7,4
1,Europe,Western Europe,Second Class,Men's Footwear,6,3
1,Europe,Western Europe,Second Class,Cleats,7,5
1,Europe,Eastern Europe,Second Class,Men's Footwear,10,5
1,Europe,Northern Europe,Second Class,Cleats,7,5
1,Europe,Northern Europe,Second Class,Men's Footwear,7,4
1,Europe,Southern Europe,Second Class,Men's Footwear,9,7
1,Europe,Western Europe,Second Class,Men's Footwear,7,3
1,Europe,Western Europe,Second Class,Men's Footwear,10,7
1,Europe,Southern Europe,Second Class,Men's Footwear,10,3
0,Europe,Western Europe,Second Class,Men's Footwear,8,3
1,Europe,Western Europe,Second Class,Men's Footwear,10,6
1,Europe,Northern Europe,Second Class,Men's Footwear,8,7
1,Europe,Northern Europe,Second Class,Men's Footwear,10,3
1,Europe,Northern Europe,Second Class,Men's Footwear,9,4
1,Europe,Northern Europe,Second Class,Men's Footwear,9,4
1,Europe,Southern Europe,Second Class,Men's Footwear,10,3
1,Europe,Southern Europe,Second Class,Men's Footwear,6,1
1,Europe,Northern Europe,Second Class,Men's Footwear,8,6
1,Europe,Northern Europe,Second Class,Men's Footwear,8,1
1,Europe,Northern Europe,Second Class,Men's Footwear,7,5
0,Europe,Western Europe,Second Class,Cleats,8,2
1,Europe,Western Europe,Second Class,Cleats,7,5
1,Europe,Eastern Europe,Second Class,Men's Footwear,12,6
1,Europe,Northern Europe,Second Class,Men's Footwear,9,5
1,Europe,Northern Europe,Second Class,Men's Footwear,8,2
0,Europe,Southern Europe,Second Class,Men's Footwear,8,3
1,Europe,Southern Europe,Second Class,Men's Footwear,7,4
1,Europe,Western Europe,Second Class,Men's Footwear,9,2
1,Europe,Northern Europe,Second Class,Men's Footwear,10,7
1,Europe,Northern Europe,Second Class,Men's Footwear,9,5
1,Europe,Northern Europe,Second Class,Men's Footwear,8,7
1,Europe,Northern Europe,Second Class,Men's Footwear,8,2
1,Europe,Northern Europe,Second Class,Men's Footwear,7,7
1,Europe,Southern Europe,Second Class,Cleats,6,4
1,Europe,Southern Europe,Second Class,Men's Footwear,7,5
1,Europe,Western Europe,Second Class,Men's Footwear,9,7
1,Europe,Western Europe,Second Class,Men's Footwear,9,2
1,Europe,Western Europe,Second Class,Men's Footwear,6,5
1,Europe,Eastern Europe,Second Class,Cleats,9,6
1,Europe,Northern Europe,Second Class,Men's Footwear,10,7
1,Europe,Northern Europe,Second Class,Men's Footwear,7,7
1,Europe,Southern Europe,Second Class,Men's Footwear,7,5
1,Europe,Western Europe,Second Class,Children's Clothing,10,3
1,Europe,Western Europe,Second Class,Men's Footwear,9,4
1,Europe,Western Europe,Second Class,Men's Footwear,9,5
1,Europe,Western Europe,Second Class,Men's Footwear,8,5
1,Europe,Western Europe,Second Class,Men's Footwear,7,5
1,Europe,Northern Europe,Second Class,Men's Footwear,8,6
1,Europe,Northern Europe,Second Class,Men's Footwear,7,7
1,Europe,Southern Europe,Second Class,Men's Footwear,10,6
1,Europe,Western Europe,Second Class,Cleats,7,6
1,Europe,Western Europe,Second Class,Crafts,11,1
0,Europe,Western Europe,Second Class,Men's Footwear,8,2
1,Europe,Western Europe,Second Class,Men's Footwear,7,5
1,Europe,Eastern Europe,Second Class,Men's Footwear,10,2
1,LATAM,Central America,Standard Class,Cleats,2,1
1,LATAM,South America,Standard Class,Cleats,2,7
1,LATAM,Caribbean,Standard Class,Cleats,4,4
1,LATAM,Central America,Standard Class,Cleats,3,1
0,LATAM,South America,Standard Class,Cleats,5,1
0,LATAM,Central America,Standard Class,Cleats,3,2
1,LATAM,Central America,Standard Class,Cleats,5,7
0,LATAM,Caribbean,Standard Class,Cleats,5,3
1,LATAM,Central America,Standard Class,Cleats,5,1
0,LATAM,Central America,Standard Class,Cleats,3,6
0,LATAM,Caribbean,Standard Class,Shop By Sport,1,6
1,LATAM,Central America,Standard Class,Women's Apparel,3,2
0,LATAM,South America,Standard Class,Shop By Sport,6,6
1,LATAM,Caribbean,Standard Class,Women's Apparel,2,4
0,LATAM,Central America,Standard Class,Girls' Apparel,2,5
0,LATAM,Central America,Standard Class,Women's Apparel,4,2
1,LATAM,South America,Standard Class,Girls' Apparel,1,1
0,LATAM,South America,Standard Class,Shop By Sport,3,2
1,LATAM,South America,Standard Class,Shop By Sport,3,5
0,LATAM,Central America,Standard Class,Women's Apparel,5,4
1,LATAM,Central America,Standard Class,Women's Apparel,5,7
0,LATAM,Central America,Standard Class,Women's Apparel,5,1
0,LATAM,South America,Standard Class,Women's Apparel,6,3
0,LATAM,Central America,Standard Class,Women's Apparel,2,6
0,LATAM,Central America,Standard Class,Girls' Apparel,2,3
0,LATAM,Central America,Standard Class,Shop By Sport,2,2
1,LATAM,Central America,Standard Class,Women's Apparel,3,3
0,LATAM,South America,Standard Class,Women's Apparel,4,7
0,LATAM,South America,Standard Class,Women's Apparel,6,2
1,LATAM,Central America,Standard Class,Women's Apparel,2,3
0,LATAM,Central America,Standard Class,Women's Apparel,5,3
0,LATAM,South America,Standard Class,Shop By Sport,1,6
0,LATAM,South America,Standard Class,Shop By Sport,5,3
0,LATAM,South America,Standard Class,Women's Apparel,5,4
1,LATAM,South America,Standard Class,Shop By Sport,4,1
1,LATAM,Central America,Standard Class,Women's Apparel,2,1
0,LATAM,South America,Standard Class,Girls' Apparel,3,7
0,LATAM,Central America,Standard Class,Electronics,4,2
0,LATAM,South America,Standard Class,Accessories,5,3
1,LATAM,Caribbean,Standard Class,Electronics,1,6
0,LATAM,Central America,Standard Class,Accessories,1,6
1,LATAM,Central America,Standard Class,Accessories,1,5
0,LATAM,Central America,Standard Class,Trade-In,2,5
0,LATAM,South America,Standard Class,Accessories,6,2
0,LATAM,Central America,Standard Class,Cleats,4,6
0,LATAM,Caribbean,Standard Class,Cleats,6,4
0,LATAM,Central America,Standard Class,Cleats,1,5
0,LATAM,Caribbean,Standard Class,Cleats,4,5
0,LATAM,South America,Standard Class,Cleats,4,5
0,LATAM,South America,Standard Class,Cleats,5,6
0,LATAM,Central America,Standard Class,Shop By Sport,2,7
0,LATAM,Caribbean,Standard Class,Women's Apparel,2,7
0,LATAM,Caribbean,Standard Class,Women's Apparel,5,5
0,LATAM,South America,Standard Class,Girls' Apparel,4,5
0,LATAM,South America,Standard Class,Women's Apparel,2,1
0,LATAM,Central America,Standard Class,Girls' Apparel,5,1
0,LATAM,South America,Standard Class,Women's Apparel,6,3
0,LATAM,South America,Standard Class,Shop By Sport,4,5
0,Pacific Asia,South Asia,Standard Class,Cardio Equipment,2,6
0,Pacific Asia,Eastern Asia,Standard Class,Cardio Equipment,12,1
0,Pacific Asia,Oceania,Standard Class,Cardio Equipment,4,3
0,Pacific Asia,Oceania,Standard Class,Baseball & Softball,3,2
1,Pacific Asia,Eastern Asia,Standard Class,Electronics,1,3
1,Pacific Asia,Oceania,Standard Class,Cardio Equipment,3,1
0,Pacific Asia,Southeast Asia,Standard Class,Cardio Equipment,11,4
0,Pacific Asia,West Asia,Standard Class,Cardio Equipment,10,1
0,Pacific Asia,Southeast Asia,Standard Class,Cardio Equipment,3,6
0,Pacific Asia,West Asia,Standard Class,Cardio Equipment,9,2
0,Pacific Asia,Southeast Asia,Standard Class,Cardio Equipment,12,5
0,Pacific Asia,South Asia,Standard Class,Electronics,9,5
0,Pacific Asia,West Asia,Standard Class,Cardio Equipment,12,5
0,Pacific Asia,South Asia,Standard Class,Cleats,11,2
0,Pacific Asia,Southeast Asia,Standard Class,Cleats,12,2
0,Pacific Asia,Eastern Asia,Standard Class,Cleats,12,3
0,Pacific Asia,Oceania,Standard Class,Cleats,1,2
0,Pacific Asia,West Asia,Standard Class,Cleats,11,2
0,Pacific Asia,West Asia,Standard Class,Cleats,9,1
1,Pacific Asia,South Asia,Standard Class,Cleats,12,2
0,Pacific Asia,Eastern Asia,Standard Class,Cleats,2,6
0,Pacific Asia,Southeast Asia,Standard Class,Cleats,11,4
1,Pacific Asia,Southeast Asia,Standard Class,Cleats,2,7
0,Pacific Asia,Oceania,Standard Class,Shop By Sport,2,6
0,Pacific Asia,West Asia,Standard Class,Women's Apparel,11,7
0,Pacific Asia,West Asia,Standard Class,Women's Apparel,12,5
0,Pacific Asia,Eastern Asia,Standard Class,Shop By Sport,11,7
0,Pacific Asia,West Asia,Standard Class,Women's Apparel,1,5
0,Pacific Asia,West Asia,Standard Class,Women's Apparel,10,1
0,Pacific Asia,Eastern Asia,Standard Class,Women's Apparel,11,1
0,Pacific Asia,Eastern Asia,Standard Class,Women's Apparel,11,3
0,Pacific Asia,Southeast Asia,Standard Class,Women's Apparel,1,4
1,Africa,North Africa,Standard Class,Cardio Equipment,10,1
1,Africa,West Africa,Standard Class,Cardio Equipment,12,6
1,Africa,North Africa,Standard Class,Cleats,9,1
0,Africa,West Africa,Standard Class,Cleats,11,3
0,Africa,North Africa,Standard Class,Cleats,11,1
0,Africa,North Africa,Standard Class,Cleats,10,6
0,Africa,West Africa,Standard Class,Cleats,1,6
1,Africa,East Africa,Standard Class,Cleats,12,4
0,Africa,North Africa,Standard Class,Shop By Sport,12,1
1,Africa,North Africa,Standard Class,Shop By Sport,10,5
1,Africa,North Africa,Standard Class,Women's Apparel,9,5
0,Africa,North Africa,Standard Class,Women's Apparel,9,5
0,Africa,North Africa,Standard Class,Women's Apparel,11,1
1,Africa,North Africa,Standard Class,Shop By Sport,9,4
0,Africa,North Africa,Standard Class,Shop By Sport,9,4
0,Africa,Central Africa,Standard Class,Women's Apparel,10,2
0,Africa,North Africa,Standard Class,Women's Apparel,9,1
0,Africa,West Africa,Standard Class,Shop By Sport,1,6
0,Africa,Central Africa,Standard Class,Women's Apparel,12,7
0,Africa,East Africa,Standard Class,Golf Balls,12,6
0,Africa,Central Africa,Standard Class,Tennis & Racquet,10,6
0,Africa,East Africa,Standard Class,Cardio Equipment,9,2
0,Africa,North Africa,Standard Class,Cleats,11,7
0,Africa,North Africa,Standard Class,Women's Apparel,10,5
0,Africa,West Africa,Standard Class,Shop By Sport,12,6
0,Africa,North Africa,Standard Class,Girls' Apparel,12,2
0,Africa,East Africa,Standard Class,Shop By Sport,11,2
0,Africa,North Africa,Standard Class,Women's Apparel,11,7
0,Africa,East Africa,Standard Class,Electronics,9,2
0,Europe,Western Europe,Standard Class,Cardio Equipment,8,3
0,Europe,Southern Europe,Standard Class,Cleats,7,7
0,Europe,Western Europe,Standard Class,Cleats,7,6
0,Europe,Southern Europe,Standard Class,Cleats,7,3
0,Europe,Eastern Europe,Standard Class,Cleats,11,1
0,Europe,Northern Europe,Standard Class,Cleats,9,1
0,Europe,Northern Europe,Standard Class,Cleats,7,4
0,Europe,Western Europe,Standard Class,Women's Apparel,9,7
0,Europe,Western Europe,Standard Class,Shop By Sport,7,2
0,Europe,Western Europe,Standard Class,Women's Apparel,10,7
0,Europe,Western Europe,Standard Class,Women's Apparel,8,6
0,Europe,Northern Europe,Standard Class,Women's Apparel,7,4
0,Europe,Northern Europe,Standard Class,Women's Apparel,9,3
0,Europe,Southern Europe,Standard Class,Shop By Sport,7,7
0,Europe,Southern Europe,Standard Class,Women's Apparel,9,1
0,Europe,Northern Europe,Standard Class,Shop By Sport,9,6
0,Europe,Western Europe,Standard Class,Women's Apparel,9,4
0,Europe,Western Europe,Standard Class,Women's Apparel,9,4
0,Europe,Eastern Europe,Standard Class,Accessories,12,5
0,Europe,Southern Europe,Standard Class,Lacrosse,8,5
0,Europe,Western Europe,Standard Class,Baseball & Softball,6,5
1,Europe,Western Europe,Standard Class,Cardio Equipment,6,1
0,Europe,Southern Europe,Standard Class,Cardio Equipment,7,7
0,Europe,Southern Europe,Standard Class,Cardio Equipment,7,2
0,Europe,Southern Europe,Standard Class,Cardio Equipment,10,1
0,Europe,Western Europe,Standard Class,Cardio Equipment,9,5
0,Europe,Northern Europe,Standard Class,Cardio Equipment,8,2
0,Europe,Southern Europe,Standard Class,Cardio Equipment,8,1
0,Europe,Western Europe,Standard Class,Electronics,6,5
0,Europe,Southern Europe,Standard Class,Cardio Equipment,10,7
0,Europe,Eastern Europe,Standard Class,Electronics,12,7
0,Europe,Northern Europe,Standard Class,Cardio Equipment,8,4
0,Europe,Western Europe,Standard Class,Cardio Equipment,9,2
0,Europe,Western Europe,Standard Class,Cardio Equipment,10,4
1,Europe,Western Europe,Standard Class,Cardio Equipment,7,2
1,Europe,Western Europe,Standard Class,Cardio Equipment,6,5
0,Europe,Southern Europe,Standard Class,Cardio Equipment,9,3
1,Europe,Western Europe,Standard Class,Cardio Equipment,7,5
1,Europe,Northern Europe,Standard Class,Cleats,6,7
1,Europe,Western Europe,Standard Class,Cleats,7,1
0,Europe,Western Europe,Standard Class,Cleats,7,3
0,Europe,Northern Europe,Standard Class,Cleats,6,3
0,Europe,Southern Europe,Standard Class,Cleats,7,7
0,Europe,Northern Europe,Standard Class,Cleats,6,4
1,Europe,Western Europe,Standard Class,Cleats,8,1
1,Europe,Western Europe,Standard Class,Cleats,8,3
1,Europe,Western Europe,Standard Class,Cleats,8,3
1,Europe,Western Europe,Standard Class,Cleats,1,2
0,Europe,Southern Europe,Standard Class,Cleats,7,7
0,Europe,Western Europe,Standard Class,Cleats,8,4
1,Europe,Southern Europe,Standard Class,Cleats,8,7
1,Europe,Western Europe,Standard Class,Cleats,8,6
0,Europe,Southern Europe,Standard Class,Cleats,10,2
1,Europe,Western Europe,Standard Class,Cleats,9,2
1,Europe,Western Europe,Standard Class,Cleats,9,2
0,Europe,Southern Europe,Standard Class,Cleats,9,3
1,Europe,Western Europe,Standard Class,Cleats,9,6
0,Europe,Eastern Europe,Standard Class,Cleats,11,7
0,Europe,Northern Europe,Standard Class,Cleats,6,6
0,Europe,Western Europe,Standard Class,Cleats,6,5
0,Europe,Western Europe,Standard Class,Cleats,9,1
0,Europe,Western Europe,Standard Class,Cleats,9,3
1,Pacific Asia,Eastern Asia,Standard Class,Men's Footwear,1,7
0,Pacific Asia,Eastern Asia,Standard Class,Men's Footwear,11,7
1,Pacific Asia,Eastern Asia,Standard Class,Men's Footwear,1,1
0,Pacific Asia,Eastern Asia,Standard Class,Men's Footwear,11,5
1,Pacific Asia,Eastern Asia,Standard Class,Women's Clothing,1,4
0,Pacific Asia,Oceania,Standard Class,Men's Footwear,2,1
0,Pacific Asia,Oceania,Standard Class,Men's Footwear,3,2
1,Pacific Asia,Oceania,Standard Class,Men's Footwear,3,3
1,Pacific Asia,South Asia,Standard Class,Children's Clothing,12,4
0,Pacific Asia,South Asia,Standard Class,Men's Footwear,12,3
1,Pacific Asia,Southeast Asia,Standard Class,Cleats,12,7
0,Pacific Asia,Southeast Asia,Standard Class,Men's Footwear,1,6
0,Pacific Asia,Southeast Asia,Standard Class,Men's Footwear,12,2
0,Pacific Asia,Southeast Asia,Standard Class,Men's Footwear,11,6
1,Pacific Asia,West Asia,Standard Class,Men's Footwear,11,3
0,Pacific Asia,Central Asia,Standard Class,Men's Footwear,9,1
0,Pacific Asia,Central Asia,Standard Class,Men's Footwear,1,6
1,Pacific Asia,Eastern Asia,Standard Class,Men's Footwear,1,7
0,Pacific Asia,Eastern Asia,Standard Class,Men's Footwear,11,5
0,Pacific Asia,Oceania,Standard Class,Men's Clothing,11,1
0,Pacific Asia,Oceania,Standard Class,Men's Footwear,2,1
0,Pacific Asia,Oceania,Standard Class,Men's Footwear,11,5
1,Pacific Asia,Oceania,Standard Class,Men's Footwear,4,2
0,Pacific Asia,South Asia,Standard Class,Cleats,11,4
1,Pacific Asia,South Asia,Standard Class,Men's Clothing,11,4
0,Pacific Asia,South Asia,Standard Class,Men's Footwear,1,7
0,Pacific Asia,South Asia,Standard Class,Women's Clothing,1,4
0,Pacific Asia,Southeast Asia,Standard Class,Men's Footwear,12,4
0,Pacific Asia,Southeast Asia,Standard Class,Men's Footwear,12,1
0,Pacific Asia,Southeast Asia,Standard Class,Men's Footwear,2,3
0,Pacific Asia,Southeast Asia,Standard Class,Men's Footwear,1,6
0,Pacific Asia,Southeast Asia,Standard Class,Men's Footwear,11,6
1,Pacific Asia,West Asia,Standard Class,Cleats,12,2
0,Pacific Asia,Eastern Asia,Standard Class,Cleats,2,3
1,Pacific Asia,Oceania,Standard Class,Men's Footwear,12,2
0,Pacific Asia,Oceania,Standard Class,Men's Footwear,3,5
0,Pacific Asia,Oceania,Standard Class,Men's Footwear,1,6
1,Pacific Asia,Oceania,Standard Class,Men's Footwear,12,7
0,Pacific Asia,Oceania,Standard Class,Men's Footwear,11,3
1,Pacific Asia,Oceania,Standard Class,Men's Footwear,4,2
0,Pacific Asia,Oceania,Standard Class,Men's Footwear,3,1
0,Pacific Asia,Oceania,Standard Class,Men's Footwear,2,6
0,Pacific Asia,Oceania,Standard Class,Women's Clothing,1,2
0,Pacific Asia,South Asia,Standard Class,Men's Footwear,11,4
0,Pacific Asia,South Asia,Standard Class,Men's Footwear,11,5
1,Pacific Asia,South Asia,Standard Class,Men's Footwear,1,5
0,Pacific Asia,Southeast Asia,Standard Class,Men's Footwear,12,1
0,Pacific Asia,Southeast Asia,Standard Class,Men's Footwear,12,5
1,Pacific Asia,Southeast Asia,Standard Class,Men's Footwear,11,6
1,Pacific Asia,Southeast Asia,Standard Class,Men's Footwear,11,5
0,Pacific Asia,West Asia,Standard Class,Cleats,12,6
1,Pacific Asia,West Asia,Standard Class,Men's Footwear,11,3
0,Pacific Asia,West Asia,Standard Class,Men's Footwear,9,6
0,Pacific Asia,West Asia,Standard Class,Men's Footwear,12,5
1,Pacific Asia,Central Asia,Standard Class,Men's Footwear,9,2
0,Pacific Asia,Eastern Asia,Standard Class,Cleats,1,2
0,Pacific Asia,Eastern Asia,Standard Class,Men's Footwear,3,7
0,Pacific Asia,Eastern Asia,Standard Class,Men's Footwear,2,2
1,Pacific Asia,Eastern Asia,Standard Class,Men's Footwear,11,6
0,Pacific Asia,Eastern Asia,Standard Class,Men's Footwear,12,4
0,Pacific Asia,Oceania,Standard Class,Cleats,12,3
1,Pacific Asia,Oceania,Standard Class,Men's Footwear,2,1
1,Pacific Asia,Oceania,Standard Class,Men's Footwear,3,7
0,Pacific Asia,Oceania,Standard Class,Men's Footwear,11,3
0,Pacific Asia,Oceania,Standard Class,Men's Footwear,3,1
0,Pacific Asia,Oceania,Standard Class,Men's Footwear,3,3
0,Pacific Asia,Oceania,Standard Class,Men's Footwear,3,1
1,Pacific Asia,Oceania,Standard Class,Men's Footwear,3,7
1,Pacific Asia,South Asia,Standard Class,Baby ,12,1
0,Pacific Asia,South Asia,Standard Class,Men's Clothing,11,2
1,Pacific Asia,South Asia,Standard Class,Men's Footwear,1,5
0,Pacific Asia,Southeast Asia,Standard Class,Children's Clothing,12,1
0,Pacific Asia,Southeast Asia,Standard Class,Cleats,11,4
0,Pacific Asia,Southeast Asia,Standard Class,Men's Footwear,12,2
0,Pacific Asia,West Asia,Standard Class,Cleats,10,1
1,Pacific Asia,West Asia,Standard Class,Men's Footwear,12,4
1,Pacific Asia,West Asia,Standard Class,Men's Footwear,12,5
1,Pacific Asia,West Asia,Standard Class,Men's Footwear,11,3
0,Pacific Asia,West Asia,Standard Class,Men's Footwear,9,2
0,Pacific Asia,West Asia,Standard Class,Men's Footwear,1,2
1,Pacific Asia,Central Asia,Standard Class,Men's Footwear,9,2
0,Pacific Asia,Eastern Asia,Standard Class,Men's Footwear,12,5
0,Pacific Asia,Eastern Asia,Standard Class,Men's Footwear,12,3
0,Pacific Asia,Eastern Asia,Standard Class,Women's Clothing,12,7
1,Pacific Asia,Oceania,Standard Class,Men's Footwear,2,1
1,Pacific Asia,Oceania,Standard Class,Men's Footwear,2,4
0,Pacific Asia,Oceania,Standard Class,Men's Footwear,12,6
0,Pacific Asia,South Asia,Standard Class,Baby ,12,7
0,Pacific Asia,South Asia,Standard Class,Men's Footwear,1,1
0,Pacific Asia,South Asia,Standard Class,Men's Footwear,1,1
1,Europe,Western Europe,Standard Class,Cardio Equipment,6,3
1,Europe,Northern Europe,Standard Class,Cardio Equipment,9,1
1,Europe,Northern Europe,Standard Class,Cardio Equipment,9,5
0,Europe,Northern Europe,Standard Class,Cardio Equipment,9,3
1,Europe,Southern Europe,Standard Class,Cardio Equipment,9,4
1,Europe,Western Europe,Standard Class,Cardio Equipment,8,3
1,Europe,Western Europe,Standard Class,Cardio Equipment,9,5
0,Europe,Western Europe,Standard Class,Cardio Equipment,7,2
1,Europe,Northern Europe,Standard Class,Cardio Equipment,9,5
1,Europe,Western Europe,Standard Class,Cardio Equipment,9,3
0,Europe,Western Europe,Standard Class,Cardio Equipment,9,1
1,Europe,Western Europe,Standard Class,Cardio Equipment,6,3
0,Europe,Western Europe,Standard Class,Cardio Equipment,9,3
0,Europe,Western Europe,Standard Class,Electronics,10,2
1,Europe,Western Europe,Standard Class,Cardio Equipment,8,2
0,Europe,Southern Europe,Standard Class,Cardio Equipment,7,4
0,Europe,Western Europe,Standard Class,Cardio Equipment,9,3
1,Europe,Western Europe,Standard Class,Cardio Equipment,8,6
0,Europe,Western Europe,Standard Class,Cardio Equipment,8,3
0,Europe,Western Europe,Standard Class,Cardio Equipment,10,1
1,Europe,Northern Europe,Standard Class,Cardio Equipment,8,2
0,Europe,Western Europe,Standard Class,Cardio Equipment,9,1
1,Europe,Western Europe,Standard Class,Cardio Equipment,9,5
1,Europe,Eastern Europe,Standard Class,Cardio Equipment,11,3
0,Europe,Northern Europe,Standard Class,Cardio Equipment,9,6
1,Europe,Western Europe,Standard Class,Cardio Equipment,8,5
0,Europe,Western Europe,Standard Class,Cardio Equipment,9,4
0,Europe,Southern Europe,Standard Class,Cleats,8,7
0,Europe,Southern Europe,Standard Class,Cleats,6,5
0,Europe,Southern Europe,Standard Class,Cleats,9,1
0,Europe,Western Europe,Standard Class,Cleats,6,1
1,Europe,Eastern Europe,Standard Class,Cleats,11,7
0,Europe,Southern Europe,Standard Class,Cleats,8,7
0,Europe,Western Europe,Standard Class,Cleats,10,6
0,Europe,Western Europe,Standard Class,Cleats,8,7
0,Europe,Western Europe,Standard Class,Cleats,6,7
1,Europe,Western Europe,Standard Class,Cleats,7,2
0,Europe,Western Europe,Standard Class,Cleats,6,2
1,Europe,Western Europe,Standard Class,Cleats,8,2
0,Europe,Eastern Europe,Standard Class,Cleats,10,5
0,Europe,Eastern Europe,Standard Class,Cleats,9,3
0,Europe,Southern Europe,Standard Class,Cleats,8,7
1,Europe,Western Europe,Standard Class,Cleats,8,3
0,Europe,Eastern Europe,Standard Class,Cleats,10,3
0,Europe,Eastern Europe,Standard Class,Cleats,11,1
0,Europe,Southern Europe,Standard Class,Cleats,6,7
0,Europe,Western Europe,Standard Class,Cleats,7,2
0,Europe,Western Europe,Standard Class,Cleats,6,6
0,Europe,Western Europe,Standard Class,Cleats,7,7
0,Europe,Southern Europe,Standard Class,Cleats,7,4
0,Europe,Southern Europe,Standard Class,Cleats,10,5
1,Europe,Western Europe,Standard Class,Cleats,9,6
0,Europe,Western Europe,Standard Class,Cleats,10,4
1,Europe,Northern Europe,Standard Class,Cleats,7,2
1,Europe,Western Europe,Standard Class,Cleats,8,6
0,Europe,Southern Europe,Standard Class,Cleats,9,3
0,Europe,Western Europe,Standard Class,Cleats,9,2
0,Europe,Western Europe,Standard Class,Cleats,9,6
1,Europe,Western Europe,Standard Class,Cleats,7,3
1,Europe,Western Europe,Standard Class,Cleats,10,4
0,Europe,Eastern Europe,Standard Class,Cleats,12,7
1,Europe,Southern Europe,Standard Class,Cleats,6,6
0,Europe,Eastern Europe,Standard Class,Cleats,12,7
0,Europe,Western Europe,Standard Class,Cleats,9,7
1,Europe,Western Europe,Standard Class,Cleats,6,7
0,Europe,Western Europe,Standard Class,Cleats,7,4
0,Europe,Southern Europe,Standard Class,Cleats,9,6
1,Europe,Northern Europe,Standard Class,Cleats,7,5
1,Europe,Northern Europe,Standard Class,Cleats,7,6
0,Europe,Southern Europe,Standard Class,Cleats,8,5
1,Europe,Southern Europe,Standard Class,Cleats,8,7
0,Europe,Western Europe,Standard Class,Cleats,9,1
1,Europe,Western Europe,Standard Class,Cleats,8,7
0,Europe,Western Europe,Standard Class,Cleats,6,7
0,Europe,Eastern Europe,Standard Class,Cleats,10,3
1,Europe,Southern Europe,Standard Class,Cleats,8,4
0,Europe,Southern Europe,Standard Class,Cleats,8,5
1,Europe,Western Europe,Standard Class,Cleats,6,3
0,Europe,Western Europe,Standard Class,Cleats,6,3
1,Europe,Western Europe,Standard Class,Cleats,9,7
0,Europe,Eastern Europe,Standard Class,Cleats,1,5
0,Europe,Eastern Europe,Standard Class,Cleats,9,6
0,Europe,Northern Europe,Standard Class,Cleats,7,3
1,Europe,Northern Europe,Standard Class,Cleats,9,2
1,Europe,Northern Europe,Standard Class,Cleats,8,7
1,Europe,Western Europe,Standard Class,Cleats,9,7
1,Europe,Eastern Europe,Standard Class,Cleats,11,1
0,Europe,Northern Europe,Standard Class,Cleats,7,4
1,Europe,Northern Europe,Standard Class,Cleats,9,5
1,Europe,Southern Europe,Standard Class,Cleats,9,2
1,Europe,Western Europe,Standard Class,Cleats,8,5
0,Europe,Western Europe,Standard Class,Cleats,7,1
0,LATAM,South America,Standard Class,Accessories,1,6
1,LATAM,Caribbean,Standard Class,Trade-In,3,5
0,LATAM,Central America,Standard Class,Electronics,1,1
0,LATAM,South America,Standard Class,Cardio Equipment,5,7
0,LATAM,Central America,Standard Class,Cardio Equipment,1,4
0,LATAM,South America,Standard Class,Cardio Equipment,6,2
0,LATAM,Central America,Standard Class,Cardio Equipment,2,1
0,LATAM,Central America,Standard Class,Cleats,2,5
0,LATAM,Central America,Standard Class,Cleats,2,5
0,LATAM,Central America,Standard Class,Cleats,2,7
0,LATAM,South America,Standard Class,Women's Apparel,6,2
0,LATAM,South America,Standard Class,Women's Apparel,2,7
0,LATAM,South America,Standard Class,Shop By Sport,2,6
0,LATAM,South America,Standard Class,Women's Apparel,2,6
0,Pacific Asia,Eastern Asia,Standard Class,Cleats,1,5
0,Pacific Asia,West Asia,Standard Class,Cleats,12,3
0,Pacific Asia,Eastern Asia,Standard Class,Cleats,1,5
0,Pacific Asia,West Asia,Standard Class,Women's Apparel,12,5
0,Pacific Asia,West Asia,Standard Class,Accessories,10,6
0,Pacific Asia,Central Asia,Standard Class,Cardio Equipment,9,5
0,Pacific Asia,Southeast Asia,Standard Class,Boxing & MMA,11,7
1,Pacific Asia,Southeast Asia,Standard Class,Cardio Equipment,3,6
0,Pacific Asia,Oceania,Standard Class,Cardio Equipment,11,2
0,Pacific Asia,Southeast Asia,Standard Class,Cardio Equipment,11,2
0,Pacific Asia,South Asia,Standard Class,Cardio Equipment,1,7
1,Pacific Asia,Southeast Asia,Standard Class,Cardio Equipment,12,5
0,Pacific Asia,Oceania,Standard Class,Cardio Equipment,3,5
0,Pacific Asia,Eastern Asia,Standard Class,Boxing & MMA,12,4
0,Pacific Asia,South Asia,Standard Class,Electronics,9,2
0,Pacific Asia,Oceania,Standard Class,Cleats,11,2
0,Pacific Asia,Eastern Asia,Standard Class,Cleats,11,2
0,Pacific Asia,South Asia,Standard Class,Cleats,11,1
0,Pacific Asia,Oceania,Standard Class,Cleats,12,7
1,Pacific Asia,Oceania,Standard Class,Cleats,3,3
0,Pacific Asia,Southeast Asia,Standard Class,Cleats,3,2
0,Pacific Asia,Southeast Asia,Standard Class,Cleats,11,2
1,Pacific Asia,Eastern Asia,Standard Class,Women's Apparel,11,2
0,Pacific Asia,Southeast Asia,Standard Class,Women's Apparel,3,5
0,Pacific Asia,Eastern Asia,Standard Class,Women's Apparel,11,3
0,Pacific Asia,Oceania,Standard Class,Women's Apparel,11,6
1,Pacific Asia,Eastern Asia,Standard Class,Shop By Sport,3,6
0,Pacific Asia,West Asia,Standard Class,Girls' Apparel,10,7
0,Pacific Asia,Oceania,Standard Class,Women's Apparel,1,7
0,Pacific Asia,Oceania,Standard Class,Shop By Sport,12,3
0,Pacific Asia,Oceania,Standard Class,Shop By Sport,11,2
0,Pacific Asia,Southeast Asia,Standard Class,Women's Apparel,3,2
1,Pacific Asia,Eastern Asia,Standard Class,Women's Apparel,11,5
0,Pacific Asia,Eastern Asia,Standard Class,Women's Apparel,3,1
0,Pacific Asia,Oceania,Standard Class,Shop By Sport,4,7
0,Pacific Asia,South Asia,Standard Class,Electronics,2,3
0,Pacific Asia,West Asia,Standard Class,Electronics,11,2
0,Pacific Asia,South Asia,Standard Class,Golf Balls,2,3
1,Pacific Asia,Eastern Asia,Standard Class,Golf Balls,11,5
0,Pacific Asia,Eastern Asia,Standard Class,Golf Balls,12,4
0,Pacific Asia,South Asia,Standard Class,Electronics,11,1
1,Pacific Asia,Southeast Asia,Standard Class,Baseball & Softball,1,5
0,Pacific Asia,Eastern Asia,Standard Class,Cardio Equipment,9,6
0,Pacific Asia,Eastern Asia,Standard Class,Cardio Equipment,9,6
1,Pacific Asia,Oceania,Standard Class,Electronics,4,1
0,Pacific Asia,Oceania,Standard Class,Cardio Equipment,12,1
0,Pacific Asia,Eastern Asia,Standard Class,Cardio Equipment,3,5
0,Pacific Asia,Eastern Asia,Standard Class,Cardio Equipment,2,6
1,Pacific Asia,Oceania,Standard Class,Cardio Equipment,4,1
0,Pacific Asia,Southeast Asia,Standard Class,Cardio Equipment,11,4
1,Pacific Asia,West Asia,Standard Class,Cardio Equipment,10,4
0,Pacific Asia,Eastern Asia,Standard Class,Cardio Equipment,12,7
0,Pacific Asia,South Asia,Standard Class,Cleats,11,5
1,Pacific Asia,South Asia,Standard Class,Cleats,2,6
0,Pacific Asia,Southeast Asia,Standard Class,Cleats,1,2
1,Pacific Asia,Oceania,Standard Class,Cleats,3,5
1,Pacific Asia,South Asia,Standard Class,Cleats,3,4
1,Pacific Asia,Oceania,Standard Class,Cleats,4,4
1,Pacific Asia,South Asia,Standard Class,Cleats,1,2
0,Pacific Asia,South Asia,Standard Class,Cleats,1,7
1,Pacific Asia,West Asia,Standard Class,Cleats,9,2
0,Pacific Asia,South Asia,Standard Class,Cleats,10,6
0,Pacific Asia,Central Asia,Standard Class,Shop By Sport,11,6
1,Pacific Asia,Southeast Asia,Standard Class,Women's Apparel,11,7
1,Pacific Asia,Southeast Asia,Standard Class,Women's Apparel,12,2
0,Pacific Asia,West Asia,Standard Class,Women's Apparel,10,2
0,Pacific Asia,Eastern Asia,Standard Class,Shop By Sport,2,5
0,Pacific Asia,Eastern Asia,Standard Class,Shop By Sport,1,1
0,Pacific Asia,West Asia,Standard Class,Shop By Sport,9,7
0,Pacific Asia,West Asia,Standard Class,Women's Apparel,11,5
1,Pacific Asia,Southeast Asia,Standard Class,Girls' Apparel,11,7
1,Pacific Asia,Central Asia,Standard Class,Women's Apparel,12,1
0,Pacific Asia,Eastern Asia,Standard Class,Women's Apparel,11,6
0,Pacific Asia,Oceania,Standard Class,Shop By Sport,3,2
0,Pacific Asia,Oceania,Standard Class,Women's Apparel,4,6
1,Pacific Asia,South Asia,Standard Class,Women's Apparel,2,6
0,Pacific Asia,Oceania,Second Class,Sporting Goods,1,7
1,Pacific Asia,Oceania,Standard Class,Sporting Goods,1,4
1,Pacific Asia,Oceania,Standard Class,Sporting Goods,1,3
0,Pacific Asia,Eastern Asia,Standard Class,Sporting Goods,1,2
0,Pacific Asia,Eastern Asia,Standard Class,Sporting Goods,1,1
0,Pacific Asia,Eastern Asia,Second Class,Sporting Goods,1,7
1,Pacific Asia,Eastern Asia,Second Class,Sporting Goods,1,4
1,Pacific Asia,Eastern Asia,First Class,Sporting Goods,1,7
1,Pacific Asia,Eastern Asia,First Class,Sporting Goods,1,7
1,Pacific Asia,Eastern Asia,First Class,Sporting Goods,1,7
1,Pacific Asia,South Asia,First Class,Sporting Goods,1,7
1,Pacific Asia,South Asia,Standard Class,Sporting Goods,1,4
1,Pacific Asia,South Asia,Standard Class,Sporting Goods,1,3
0,Pacific Asia,Eastern Asia,Standard Class,Sporting Goods,1,2
0,Pacific Asia,Oceania,Standard Class,Sporting Goods,1,1
0,Pacific Asia,Oceania,Standard Class,Sporting Goods,1,7
0,Pacific Asia,Oceania,Standard Class,Sporting Goods,1,4
1,Pacific Asia,Oceania,Second Class,Sporting Goods,1,3
1,Pacific Asia,Eastern Asia,Second Class,Sporting Goods,1,2
1,Pacific Asia,Southeast Asia,Second Class,Sporting Goods,1,1
1,Pacific Asia,Southeast Asia,First Class,Sporting Goods,1,7
1,Pacific Asia,Eastern Asia,First Class,Sporting Goods,1,7
1,Pacific Asia,Eastern Asia,First Class,Sporting Goods,1,7
1,Pacific Asia,Southeast Asia,First Class,Sporting Goods,1,7
1,Pacific Asia,Oceania,First Class,Sporting Goods,1,7
0,Pacific Asia,Southeast Asia,Same Day,Sporting Goods,1,5
1,Pacific Asia,Oceania,Standard Class,Sporting Goods,1,4
1,Pacific Asia,Oceania,Standard Class,Sporting Goods,1,3
0,Pacific Asia,South Asia,Standard Class,Sporting Goods,1,2
0,Pacific Asia,South Asia,Standard Class,Sporting Goods,1,1
0,Pacific Asia,Southeast Asia,Standard Class,Sporting Goods,1,6
1,Pacific Asia,Southeast Asia,Standard Class,Sporting Goods,1,3
1,Pacific Asia,Eastern Asia,Second Class,Sporting Goods,1,2
1,Pacific Asia,Eastern Asia,Second Class,Sporting Goods,1,1
1,Pacific Asia,Oceania,Second Class,Sporting Goods,1,7
0,Pacific Asia,Oceania,Second Class,Sporting Goods,1,6
1,Pacific Asia,Oceania,Second Class,Sporting Goods,1,3
1,Pacific Asia,Oceania,First Class,Sporting Goods,1,6
1,Pacific Asia,Oceania,Second Class,Sporting Goods,1,1
0,Pacific Asia,Oceania,Standard Class,Sporting Goods,1,7
0,Pacific Asia,Oceania,Standard Class,Sporting Goods,1,6
1,Pacific Asia,Oceania,Standard Class,Sporting Goods,1,3
1,Pacific Asia,Oceania,Second Class,Sporting Goods,1,2
1,Pacific Asia,Oceania,Second Class,Sporting Goods,1,1
0,Pacific Asia,Oceania,Standard Class,Sporting Goods,1,7
0,Pacific Asia,Southeast Asia,Standard Class,Sporting Goods,1,6
1,Pacific Asia,Oceania,Standard Class,Sporting Goods,1,3
0,Pacific Asia,Oceania,Standard Class,Sporting Goods,1,2
1,Pacific Asia,Oceania,Second Class,Sporting Goods,1,1
1,Pacific Asia,South Asia,Same Day,Sporting Goods,1,5
0,Pacific Asia,Southeast Asia,Standard Class,Sporting Goods,1,6
1,Pacific Asia,Eastern Asia,Standard Class,Sporting Goods,1,3
1,Pacific Asia,Eastern Asia,Standard Class,Sporting Goods,1,2
0,Pacific Asia,Eastern Asia,Standard Class,Sporting Goods,1,1
0,Pacific Asia,Eastern Asia,Standard Class,Sporting Goods,1,7
0,Pacific Asia,Oceania,Standard Class,Sporting Goods,1,6
1,Pacific Asia,Oceania,Standard Class,Sporting Goods,1,3
1,Pacific Asia,Oceania,Standard Class,Sporting Goods,1,2
0,Pacific Asia,South Asia,Standard Class,Sporting Goods,1,1
0,Pacific Asia,South Asia,Standard Class,Sporting Goods,1,7
0,Pacific Asia,Oceania,Standard Class,Sporting Goods,1,6
1,Pacific Asia,Oceania,Standard Class,Sporting Goods,1,3
1,Pacific Asia,Eastern Asia,Second Class,Sporting Goods,1,2
1,Pacific Asia,Eastern Asia,Second Class,Sporting Goods,1,1
0,Pacific Asia,Southeast Asia,Standard Class,Sporting Goods,1,7
0,Pacific Asia,Southeast Asia,Standard Class,Sporting Goods,1,6
1,Pacific Asia,Southeast Asia,Second Class,Sporting Goods,1,3
0,Pacific Asia,Southeast Asia,Second Class,Sporting Goods,1,2
0,Pacific Asia,South Asia,Standard Class,Sporting Goods,12,4
1,Pacific Asia,South Asia,Standard Class,Sporting Goods,12,1
1,Pacific Asia,South Asia,Standard Class,Sporting Goods,12,7
0,Pacific Asia,South Asia,Standard Class,Sporting Goods,12,6
0,Pacific Asia,South Asia,Standard Class,Sporting Goods,12,5
0,Pacific Asia,South Asia,Standard Class,Sporting Goods,12,4
1,Pacific Asia,South Asia,Standard Class,Sporting Goods,12,1
1,Pacific Asia,South Asia,Standard Class,Sporting Goods,12,7
1,Pacific Asia,Oceania,Second Class,Sporting Goods,12,6
0,Pacific Asia,South Asia,Standard Class,Sporting Goods,12,5
0,Pacific Asia,South Asia,Standard Class,Sporting Goods,12,4
1,Pacific Asia,Southeast Asia,Standard Class,Sporting Goods,12,1
1,Pacific Asia,Oceania,Standard Class,Sporting Goods,12,7
0,Pacific Asia,Oceania,Standard Class,Sporting Goods,12,6
0,Pacific Asia,Oceania,Standard Class,Sporting Goods,12,5
1,Pacific Asia,South Asia,First Class,Sporting Goods,12,4
1,Pacific Asia,Southeast Asia,First Class,Sporting Goods,12,4
1,Pacific Asia,Southeast Asia,First Class,Sporting Goods,12,4
1,Pacific Asia,Southeast Asia,First Class,Sporting Goods,12,4
0,Pacific Asia,Southeast Asia,Standard Class,Sporting Goods,12,5
0,Pacific Asia,Southeast Asia,Standard Class,Sporting Goods,12,4
1,Pacific Asia,Southeast Asia,Standard Class,Sporting Goods,12,1
1,Pacific Asia,Eastern Asia,Standard Class,Sporting Goods,12,7
0,Pacific Asia,Oceania,Standard Class,Sporting Goods,12,6
0,Pacific Asia,Eastern Asia,Standard Class,Sporting Goods,12,5
0,Pacific Asia,South Asia,Second Class,Sporting Goods,12,4
1,Pacific Asia,South Asia,Standard Class,Sporting Goods,12,1
1,Pacific Asia,Oceania,Second Class,Sporting Goods,12,7
1,Pacific Asia,Southeast Asia,First Class,Sporting Goods,12,4
0,Pacific Asia,Southeast Asia,Standard Class,Sporting Goods,12,5
0,Pacific Asia,Southeast Asia,Second Class,Sporting Goods,12,4
1,Pacific Asia,Southeast Asia,Second Class,Sporting Goods,12,1
1,Pacific Asia,Southeast Asia,Second Class,Sporting Goods,12,7
1,Pacific Asia,Southeast Asia,First Class,Sporting Goods,12,4
0,Pacific Asia,Southeast Asia,Standard Class,Sporting Goods,12,5
0,Pacific Asia,Southeast Asia,Standard Class,Sporting Goods,12,4
1,Pacific Asia,Eastern Asia,Standard Class,Sporting Goods,12,1
1,Pacific Asia,Southeast Asia,Standard Class,Sporting Goods,12,7
0,Pacific Asia,Southeast Asia,Standard Class,Sporting Goods,12,6
0,Pacific Asia,Eastern Asia,Same Day,Sporting Goods,12,2
0,Pacific Asia,Southeast Asia,Standard Class,Sporting Goods,12,4
1,Pacific Asia,Southeast Asia,Standard Class,Sporting Goods,12,1
1,Pacific Asia,Southeast Asia,Standard Class,Sporting Goods,12,7
0,Pacific Asia,South Asia,Standard Class,Sporting Goods,12,6
0,Pacific Asia,South Asia,Standard Class,Sporting Goods,12,5
0,Pacific Asia,Oceania,Standard Class,Sporting Goods,12,4
1,Pacific Asia,Oceania,Standard Class,Sporting Goods,12,1
0,Pacific Asia,Oceania,Standard Class,Sporting Goods,12,7
0,Pacific Asia,South Asia,Standard Class,Sporting Goods,12,6
0,Pacific Asia,Eastern Asia,Standard Class,Sporting Goods,12,5
0,Pacific Asia,Southeast Asia,Standard Class,Sporting Goods,12,4
1,Pacific Asia,Southeast Asia,First Class,Sporting Goods,12,4
1,Pacific Asia,Southeast Asia,First Class,Sporting Goods,12,4
0,Pacific Asia,Southeast Asia,First Class,Sporting Goods,12,4
0,Pacific Asia,Southeast Asia,Standard Class,Sporting Goods,12,5
0,Pacific Asia,Southeast Asia,Standard Class,Sporting Goods,12,4
1,Pacific Asia,Southeast Asia,Standard Class,Sporting Goods,12,1
1,Pacific Asia,Oceania,Standard Class,Sporting Goods,12,7
1,Pacific Asia,Oceania,First Class,Sporting Goods,12,3
1,Pacific Asia,Oceania,First Class,Sporting Goods,12,3
0,Pacific Asia,Oceania,Standard Class,Sporting Goods,12,3
1,Pacific Asia,Eastern Asia,Standard Class,Sporting Goods,12,7
1,Pacific Asia,Eastern Asia,Standard Class,Sporting Goods,12,6
0,Pacific Asia,Southeast Asia,Standard Class,Sporting Goods,12,5
0,Pacific Asia,Southeast Asia,Standard Class,Sporting Goods,12,4
1,Pacific Asia,Southeast Asia,First Class,Sporting Goods,12,3
1,Pacific Asia,Southeast Asia,Standard Class,Sporting Goods,12,7
1,Pacific Asia,Southeast Asia,Standard Class,Sporting Goods,12,6
0,Pacific Asia,Southeast Asia,Standard Class,Sporting Goods,12,5
0,Pacific Asia,Eastern Asia,Standard Class,Sporting Goods,12,4
0,Pacific Asia,Eastern Asia,Standard Class,Sporting Goods,12,3
1,Pacific Asia,Southeast Asia,Standard Class,Sporting Goods,12,7
1,Pacific Asia,Southeast Asia,Standard Class,Sporting Goods,12,6
0,Pacific Asia,Eastern Asia,Standard Class,Sporting Goods,12,5
0,Pacific Asia,Eastern Asia,Standard Class,Sporting Goods,12,4
0,Pacific Asia,Southeast Asia,Second Class,Sporting Goods,12,3
1,Pacific Asia,Oceania,First Class,Sporting Goods,12,3
1,Pacific Asia,South Asia,Standard Class,Sporting Goods,12,6
0,Pacific Asia,South Asia,Standard Class,Sporting Goods,12,5
0,Pacific Asia,Eastern Asia,Standard Class,Sporting Goods,12,4
0,Pacific Asia,Eastern Asia,Standard Class,Sporting Goods,12,3
1,Pacific Asia,Eastern Asia,Standard Class,Sporting Goods,12,7
1,Pacific Asia,Southeast Asia,Standard Class,Sporting Goods,12,6
0,Pacific Asia,Oceania,Standard Class,Sporting Goods,12,5
0,Pacific Asia,Southeast Asia,Standard Class,Sporting Goods,12,4
0,Pacific Asia,Southeast Asia,Standard Class,Sporting Goods,12,3
0,Pacific Asia,Southeast Asia,Standard Class,Sporting Goods,12,7
1,Pacific Asia,Southeast Asia,First Class,Sporting Goods,12,3
1,Pacific Asia,Eastern Asia,First Class,Sporting Goods,12,3
0,Pacific Asia,Eastern Asia,First Class,Sporting Goods,12,3
1,Pacific Asia,Eastern Asia,First Class,Sporting Goods,12,3
1,Pacific Asia,Southeast Asia,First Class,Sporting Goods,12,3
1,Pacific Asia,Southeast Asia,First Class,Sporting Goods,12,3
1,Pacific Asia,Southeast Asia,First Class,Sporting Goods,12,3
1,Pacific Asia,Oceania,First Class,Sporting Goods,12,3
0,Pacific Asia,Southeast Asia,Standard Class,Sporting Goods,12,3
1,Pacific Asia,South Asia,Standard Class,Sporting Goods,12,7
1,Pacific Asia,South Asia,Standard Class,Sporting Goods,12,6
0,Pacific Asia,Oceania,Standard Class,Sporting Goods,12,5
0,Pacific Asia,Oceania,Standard Class,Sporting Goods,12,4
0,Pacific Asia,Southeast Asia,Second Class,Sporting Goods,12,3
1,Pacific Asia,Eastern Asia,Second Class,Sporting Goods,12,7
1,Pacific Asia,Eastern Asia,Standard Class,Sporting Goods,12,6
0,Pacific Asia,Eastern Asia,Standard Class,Sporting Goods,12,5
0,Pacific Asia,Eastern Asia,Standard Class,Sporting Goods,12,4
0,Pacific Asia,Southeast Asia,Standard Class,Sporting Goods,12,3
1,Pacific Asia,Southeast Asia,Standard Class,Sporting Goods,12,7
1,Pacific Asia,Southeast Asia,Standard Class,Sporting Goods,12,6
0,Pacific Asia,Southeast Asia,Standard Class,Sporting Goods,12,5
0,Pacific Asia,Southeast Asia,Standard Class,Sporting Goods,12,4
0,Pacific Asia,Southeast Asia,Standard Class,Sporting Goods,12,3
1,Pacific Asia,Southeast Asia,Standard Class,Sporting Goods,12,7
1,Pacific Asia,Southeast Asia,Standard Class,Sporting Goods,12,6
0,Pacific Asia,Southeast Asia,Standard Class,Sporting Goods,12,5
1,Pacific Asia,Southeast Asia,Second Class,Sporting Goods,12,4
0,Pacific Asia,South Asia,Standard Class,Sporting Goods,12,3
0,Pacific Asia,South Asia,Standard Class,Sporting Goods,12,7
1,Pacific Asia,Oceania,Second Class,Sporting Goods,12,6
1,Pacific Asia,Oceania,Second Class,Sporting Goods,12,5
1,Pacific Asia,South Asia,Second Class,Sporting Goods,12,4
0,Pacific Asia,Southeast Asia,Second Class,Sporting Goods,12,3
0,Pacific Asia,South Asia,Same Day,Sporting Goods,12,1
0,Pacific Asia,Oceania,Same Day,Sporting Goods,12,1
0,Pacific Asia,Oceania,Standard Class,Sporting Goods,12,5
0,Pacific Asia,Oceania,Standard Class,Sporting Goods,12,4
1,LATAM,Central America,Second Class,Cardio Equipment,4,3
1,LATAM,Central America,Second Class,Cleats,3,1
1,LATAM,Central America,Second Class,Cleats,3,1
1,LATAM,South America,Second Class,Cleats,4,7
1,LATAM,Central America,Second Class,Cleats,4,6
1,LATAM,South America,Second Class,Cleats,4,4
0,LATAM,Central America,Second Class,Cleats,4,1
1,LATAM,Central America,Second Class,Cleats,3,6
1,LATAM,South America,Second Class,Cleats,5,2
1,LATAM,South America,Second Class,Cleats,2,4
1,LATAM,Central America,Second Class,Cleats,2,7
1,LATAM,Caribbean,Second Class,Women's Apparel,3,3
1,LATAM,Central America,Second Class,Shop By Sport,5,1
0,LATAM,Central America,Second Class,Women's Apparel,3,4
1,LATAM,South America,Second Class,Women's Apparel,6,4
1,LATAM,Caribbean,Second Class,Shop By Sport,5,6
1,LATAM,Central America,Second Class,Shop By Sport,3,6
1,LATAM,South America,Second Class,Women's Apparel,3,1
1,LATAM,South America,Second Class,Women's Apparel,3,1
1,LATAM,South America,Second Class,Women's Apparel,3,4
1,LATAM,South America,Second Class,Women's Apparel,1,1
1,Pacific Asia,Oceania,Second Class,Cardio Equipment,4,3
1,Pacific Asia,Oceania,Second Class,Cardio Equipment,2,6
1,Pacific Asia,Southeast Asia,Second Class,Cleats,12,1
1,Pacific Asia,South Asia,Second Class,Cleats,11,4
1,Pacific Asia,Oceania,Second Class,Cleats,4,4
1,Pacific Asia,Oceania,Second Class,Cleats,2,7
0,Pacific Asia,Oceania,Second Class,Cleats,3,3
1,Pacific Asia,South Asia,Second Class,Women's Apparel,11,1
0,Pacific Asia,Oceania,Second Class,Women's Apparel,12,2
0,Pacific Asia,Oceania,Second Class,Shop By Sport,12,2
1,USCA,US Center ,Second Class,Cleats,4,1
0,USCA,US Center ,Second Class,Cleats,6,5
1,USCA,West of USA ,Second Class,Shop By Sport,7,7
1,USCA,West of USA ,Second Class,Women's Apparel,8,2
0,USCA,West of USA ,Second Class,Women's Apparel,5,1
1,USCA,East of USA,Second Class,Accessories,4,7
0,Africa,West Africa,Standard Class,Women's Apparel,11,6
1,Africa,Central Africa,Standard Class,Cardio Equipment,11,7
0,Africa,Central Africa,Standard Class,Men's Footwear,10,3
0,Africa,East Africa,Standard Class,Men's Footwear,10,6
0,Africa,Central Africa,Standard Class,Men's Footwear,10,3
1,Africa,West Africa,Standard Class,Men's Footwear,9,7
1,Africa,Southern Africa,Standard Class,Men's Footwear,10,2
0,Africa,West Africa,Standard Class,Cleats,1,6
0,Africa,Central Africa,Standard Class,Men's Footwear,12,3
0,Africa,North Africa,Standard Class,Cleats,12,4
0,Africa,West Africa,Standard Class,Men's Footwear,11,6
1,Africa,Southern Africa,Standard Class,Cleats,10,2
0,Africa,West Africa,Standard Class,Men's Footwear,10,6
0,Africa,Southern Africa,Standard Class,Men's Footwear,10,4
1,Africa,North Africa,Standard Class,Men's Footwear,9,5
1,Africa,Central Africa,Standard Class,Men's Footwear,11,7
0,Africa,North Africa,Standard Class,Cleats,8,3
1,Africa,North Africa,Standard Class,Men's Footwear,9,2
1,Africa,Southern Africa,Standard Class,Cleats,1,5
0,Africa,West Africa,Standard Class,Women's Apparel,12,1
1,Africa,Southern Africa,Standard Class,Women's Apparel,10,2
0,Africa,Southern Africa,Standard Class,Electronics,8,2
1,Africa,East Africa,Standard Class,Accessories,1,3
1,Africa,West Africa,Standard Class,Camping & Hiking,1,3
1,Africa,West Africa,Standard Class,Camping & Hiking,9,7
0,Africa,West Africa,Standard Class,Camping & Hiking,12,1
0,Africa,West Africa,Standard Class,Camping & Hiking,11,6
0,Africa,East Africa,Standard Class,Camping & Hiking,9,1
1,Africa,East Africa,Standard Class,Camping & Hiking,1,1
1,Africa,North Africa,Standard Class,Camping & Hiking,9,5
1,Africa,Southern Africa,Standard Class,Camping & Hiking,10,2
0,Africa,East Africa,Standard Class,Camping & Hiking,10,6
0,Africa,East Africa,Standard Class,Camping & Hiking,10,6
0,Europe,Western Europe,Standard Class,Computers,10,2
1,Europe,Southern Europe,Standard Class,Men's Footwear,8,7
1,Europe,Southern Europe,Standard Class,Men's Footwear,8,7
1,Europe,Northern Europe,Standard Class,Women's Apparel,8,4
0,Europe,Northern Europe,Standard Class,Kids' Golf Clubs,9,1
0,Europe,Western Europe,Standard Class,Fishing,6,6
0,Europe,Western Europe,Standard Class,Camping & Hiking,6,6
1,Europe,Northern Europe,Standard Class,Books ,10,5
1,Europe,Northern Europe,Standard Class,Cameras ,10,1
0,Europe,Southern Europe,Standard Class,Consumer Electronics,11,2
1,Europe,Northern Europe,Standard Class,Cameras ,10,3
1,Europe,Western Europe,Standard Class,Cameras ,10,6
0,Europe,Western Europe,Standard Class,Cameras ,10,4
0,Europe,Western Europe,Standard Class,Cameras ,10,4
0,Europe,Southern Europe,Standard Class,Consumer Electronics,11,2
0,Europe,Western Europe,Standard Class,Cameras ,10,1
0,Europe,Western Europe,Standard Class,Cameras ,10,2
0,Europe,Southern Europe,Standard Class,Computers,10,3
0,Europe,Western Europe,Standard Class,Cameras ,10,6
0,Europe,Western Europe,Standard Class,Cameras ,10,7
0,Europe,Western Europe,Standard Class,Cameras ,10,5
1,Europe,Western Europe,Standard Class,Cameras ,10,5
1,Europe,Western Europe,Standard Class,Computers,11,6
0,Europe,Northern Europe,Standard Class,Basketball,9,3
1,Europe,Northern Europe,Standard Class,Soccer,7,6
1,Europe,Western Europe,Standard Class,Cardio Equipment,8,3
1,Europe,Eastern Europe,Standard Class,Cardio Equipment,11,3
1,Europe,Western Europe,Standard Class,Cardio Equipment,6,6
0,Europe,Western Europe,Standard Class,Cardio Equipment,9,3
0,Europe,Western Europe,Standard Class,Cardio Equipment,9,3
1,Europe,Southern Europe,Standard Class,Boxing & MMA,7,2
0,Europe,Western Europe,Standard Class,Cardio Equipment,10,1
1,Europe,Northern Europe,Standard Class,Cardio Equipment,7,6
1,Europe,Western Europe,Standard Class,Cardio Equipment,9,5
0,Europe,Eastern Europe,Standard Class,Cardio Equipment,10,1
1,Europe,Southern Europe,Standard Class,Cardio Equipment,9,4
1,Europe,Northern Europe,Standard Class,Cleats,9,7
0,Europe,Southern Europe,Standard Class,Men's Footwear,9,6
1,Europe,Western Europe,Standard Class,Children's Clothing,10,2
1,Europe,Western Europe,Standard Class,Crafts,11,5
1,Europe,Western Europe,Standard Class,Men's Footwear,10,1
1,Europe,Western Europe,Standard Class,Men's Footwear,9,4
0,Europe,Northern Europe,Standard Class,Children's Clothing,10,1
1,Europe,Northern Europe,Standard Class,Men's Footwear,10,5
1,Europe,Southern Europe,Standard Class,Men's Footwear,6,5
1,Europe,Southern Europe,Standard Class,Men's Footwear,7,1
0,Europe,Western Europe,Standard Class,Cleats,10,2
0,Europe,Western Europe,Standard Class,Cleats,7,5
0,Europe,Western Europe,Standard Class,Men's Footwear,9,3
1,Europe,Western Europe,Standard Class,Men's Footwear,9,5
0,Europe,Eastern Europe,Standard Class,Men's Footwear,9,2
1,Europe,Northern Europe,Standard Class,Cleats,10,5
1,Europe,Northern Europe,Standard Class,Men's Footwear,9,6
1,Europe,Southern Europe,Standard Class,Men's Footwear,9,7
1,Europe,Southern Europe,Standard Class,Men's Footwear,7,1
0,Europe,Southern Europe,Standard Class,Men's Footwear,6,3
1,Europe,Western Europe,Standard Class,Men's Footwear,9,5
1,Europe,Western Europe,Standard Class,Men's Footwear,9,5
1,Europe,Northern Europe,Standard Class,Men's Footwear,7,1
1,Europe,Southern Europe,Standard Class,Men's Footwear,7,2
0,Europe,Southern Europe,Standard Class,Men's Footwear,7,6
0,Europe,Southern Europe,Standard Class,Men's Footwear,6,3
0,Europe,Western Europe,Standard Class,Cleats,8,2
0,Europe,Western Europe,Standard Class,Men's Footwear,7,1
0,Europe,Western Europe,Standard Class,Men's Footwear,8,4
1,Europe,Northern Europe,Standard Class,Men's Footwear,7,1
0,Europe,Northern Europe,Standard Class,Men's Footwear,7,6
1,Europe,Southern Europe,Standard Class,Men's Footwear,7,4
0,Europe,Southern Europe,Standard Class,Men's Footwear,7,6
1,Europe,Western Europe,Standard Class,Cleats,10,5
0,Europe,Western Europe,Standard Class,Men's Footwear,9,7
0,Europe,Western Europe,Standard Class,Men's Footwear,8,4
1,Europe,Western Europe,Standard Class,Men's Footwear,6,6
1,Europe,Northern Europe,Standard Class,Men's Footwear,10,1
1,Europe,Northern Europe,Standard Class,Men's Footwear,6,2
1,Europe,Western Europe,Standard Class,Crafts,11,7
0,Europe,Western Europe,Standard Class,Men's Footwear,8,2
0,Europe,Western Europe,Standard Class,Men's Footwear,10,6
0,Europe,Southern Europe,Standard Class,Cleats,7,6
0,Europe,Western Europe,Standard Class,Children's Clothing,10,1
0,Europe,Western Europe,Standard Class,Men's Footwear,7,3
0,Europe,Northern Europe,Standard Class,Cleats,9,2
0,Europe,Northern Europe,Standard Class,Men's Footwear,9,7
0,Europe,Southern Europe,Standard Class,Men's Footwear,6,3
0,Europe,Western Europe,Standard Class,Men's Footwear,7,2
0,Europe,Northern Europe,Standard Class,Men's Footwear,9,7
1,Europe,Southern Europe,Standard Class,Cleats,6,5
0,Europe,Southern Europe,Standard Class,Men's Footwear,7,6
1,Europe,Southern Europe,Standard Class,Men's Footwear,9,4
0,Europe,Southern Europe,Standard Class,Men's Footwear,6,3
1,Europe,Western Europe,Standard Class,Men's Footwear,6,6
0,Europe,Southern Europe,Standard Class,Men's Footwear,7,6
1,Europe,Southern Europe,Standard Class,Men's Footwear,8,4
1,Europe,Western Europe,Standard Class,Men's Footwear,10,5
0,Europe,Western Europe,Standard Class,Men's Footwear,9,7
0,Europe,Western Europe,Standard Class,Cleats,10,1
0,Europe,Western Europe,Standard Class,Men's Footwear,9,3
1,Europe,Western Europe,Standard Class,Men's Footwear,6,4
0,Europe,Eastern Europe,Standard Class,Cleats,12,4
1,Europe,Western Europe,Standard Class,Crafts,11,6
0,Europe,Northern Europe,Standard Class,Men's Footwear,7,1
0,Europe,Northern Europe,Standard Class,Men's Footwear,8,3
1,Europe,Western Europe,Standard Class,Cleats,9,4
0,Europe,Western Europe,Standard Class,Men's Footwear,10,5
1,Europe,Western Europe,Standard Class,Men's Footwear,7,1
1,Europe,Eastern Europe,Standard Class,Cleats,11,1
1,Europe,Eastern Europe,Standard Class,Men's Footwear,11,3
1,Europe,Western Europe,Standard Class,Cleats,9,4
1,Europe,Western Europe,Standard Class,Men's Footwear,9,4
1,Europe,Northern Europe,Second Class,Men's Footwear,8,1
1,Europe,Northern Europe,Second Class,Men's Footwear,9,6
1,Europe,Northern Europe,Second Class,Men's Footwear,9,5
1,Europe,Western Europe,Second Class,Cleats,7,5
0,Europe,Western Europe,Second Class,Cleats,8,5
1,Europe,Western Europe,Second Class,Men's Footwear,7,7
0,Europe,Western Europe,Second Class,Men's Footwear,6,2
1,Europe,Northern Europe,Second Class,Men's Footwear,8,1
1,Europe,Southern Europe,Second Class,Children's Clothing,10,4
1,Europe,Western Europe,Second Class,Children's Clothing,10,7
1,Europe,Western Europe,Second Class,Men's Footwear,9,2
1,Europe,Western Europe,Second Class,Men's Footwear,10,2
0,Europe,Western Europe,Second Class,Men's Footwear,9,2
1,Europe,Western Europe,Second Class,Men's Footwear,6,4
1,Europe,Northern Europe,Second Class,Men's Footwear,8,7
1,Europe,Northern Europe,Second Class,Men's Footwear,8,2
1,Europe,Southern Europe,Second Class,Children's Clothing,10,2
1,Europe,Southern Europe,Second Class,Men's Footwear,7,3
1,Europe,Western Europe,Second Class,Children's Clothing,10,2
1,Europe,Western Europe,Second Class,Men's Footwear,10,2
1,Europe,Northern Europe,Second Class,Men's Footwear,8,4
1,Europe,Western Europe,Second Class,Cleats,7,4
1,Europe,Western Europe,Second Class,Men's Footwear,8,4
1,Europe,Southern Europe,Second Class,Shop By Sport,7,2
1,Europe,Northern Europe,Second Class,Women's Apparel,10,4
1,Europe,Western Europe,Second Class,Shop By Sport,7,5
0,Europe,Eastern Europe,Second Class,Women's Apparel,11,4
1,Europe,Western Europe,Second Class,Women's Apparel,10,4
1,Europe,Western Europe,Second Class,Women's Apparel,8,1
1,Europe,Western Europe,Second Class,Women's Apparel,7,2
1,Europe,Western Europe,Second Class,Women's Apparel,10,7
1,Europe,Southern Europe,Second Class,Women's Apparel,6,4
0,Europe,Western Europe,Second Class,Women's Apparel,9,1
1,Europe,Western Europe,Second Class,Shop By Sport,6,2
1,Europe,Southern Europe,Second Class,Shop By Sport,9,7
1,Europe,Western Europe,Second Class,Shop By Sport,10,7
1,Europe,Western Europe,Second Class,Women's Apparel,9,6
1,Europe,Northern Europe,Second Class,Shop By Sport,6,6
1,Europe,Western Europe,Second Class,Girls' Apparel,7,3
1,Europe,Western Europe,Second Class,Shop By Sport,7,3
1,Europe,Western Europe,Second Class,Shop By Sport,10,2
0,Europe,Western Europe,Second Class,Women's Apparel,9,6
1,Europe,Eastern Europe,Second Class,Golf Balls,12,6
1,Europe,Western Europe,Second Class,Accessories,7,7
1,Europe,Northern Europe,Second Class,Kids' Golf Clubs,9,1
0,Europe,Northern Europe,Second Class,Kids' Golf Clubs,9,2
1,Europe,Western Europe,Second Class,Golf Balls,9,5
1,Europe,Western Europe,Second Class,Kids' Golf Clubs,8,3
1,Europe,Northern Europe,Second Class,Camping & Hiking,9,3
1,Europe,Western Europe,Second Class,Fishing,10,7
0,Europe,Western Europe,Second Class,Fishing,8,5
1,Europe,Western Europe,Second Class,Camping & Hiking,9,3
1,Europe,Northern Europe,Second Class,Camping & Hiking,10,7
0,Europe,Southern Europe,Second Class,Fishing,6,3
1,Europe,Western Europe,Second Class,Camping & Hiking,9,7
1,Europe,Western Europe,Second Class,Camping & Hiking,7,6
1,Europe,Eastern Europe,Second Class,Camping & Hiking,10,5
1,Europe,Northern Europe,Second Class,Fishing,10,4
1,Europe,Northern Europe,Second Class,Fishing,9,6
1,Europe,Southern Europe,Second Class,Camping & Hiking,6,4
1,Europe,Western Europe,Second Class,Camping & Hiking,10,2
1,Europe,Western Europe,Second Class,Camping & Hiking,10,7
1,Europe,Western Europe,Second Class,Fishing,6,4
1,Europe,Northern Europe,Second Class,Camping & Hiking,8,2
1,Europe,Western Europe,Second Class,Fishing,10,2
1,Europe,Southern Europe,Second Class,Camping & Hiking,7,2
1,Europe,Southern Europe,Second Class,Camping & Hiking,9,4
0,Europe,Western Europe,Second Class,Camping & Hiking,8,3
1,Europe,Northern Europe,Second Class,Camping & Hiking,9,5
1,Europe,Northern Europe,Second Class,Camping & Hiking,9,6
1,Europe,Northern Europe,Second Class,Fishing,9,5
0,Europe,Western Europe,Second Class,Camping & Hiking,8,3
1,Europe,Northern Europe,Second Class,Fishing,7,7
1,Europe,Southern Europe,Second Class,Fishing,8,4
1,Europe,Western Europe,Second Class,Camping & Hiking,7,2
0,Europe,Western Europe,Second Class,Camping & Hiking,8,3
0,Europe,Western Europe,Second Class,Fishing,9,2
1,Europe,Western Europe,Second Class,Fishing,8,5
0,Europe,Eastern Europe,Second Class,Camping & Hiking,12,2
1,Europe,Eastern Europe,Second Class,Camping & Hiking,12,6
1,Europe,Northern Europe,Second Class,Fishing,9,4
1,Europe,Southern Europe,Second Class,Camping & Hiking,10,3
1,Europe,Western Europe,Second Class,Camping & Hiking,9,4
0,Europe,Western Europe,Second Class,Fishing,9,2
1,Europe,Western Europe,Second Class,Fishing,8,5
1,Europe,Northern Europe,Second Class,Camping & Hiking,9,5
0,Europe,Southern Europe,Second Class,Fishing,6,5
1,Europe,Western Europe,Second Class,Fishing,8,5
1,Europe,Northern Europe,Second Class,Camping & Hiking,9,5
0,Europe,Western Europe,Second Class,Camping & Hiking,9,6
1,Europe,Western Europe,Second Class,Fishing,9,2
0,Europe,Northern Europe,Second Class,Fishing,10,1
0,Europe,Southern Europe,Second Class,Camping & Hiking,8,1
1,Europe,Southern Europe,Second Class,Camping & Hiking,6,1
1,Europe,Western Europe,Second Class,Camping & Hiking,8,3
0,Europe,Northern Europe,Second Class,Camping & Hiking,9,2
1,Europe,Northern Europe,Second Class,Fishing,8,6
1,Europe,Southern Europe,Second Class,Camping & Hiking,10,6
1,Europe,Southern Europe,Second Class,Camping & Hiking,9,3
1,Europe,Western Europe,Second Class,Fishing,9,3
1,Europe,Western Europe,Second Class,Fishing,9,5
1,Europe,Northern Europe,Second Class,Fishing,8,2
1,Europe,Western Europe,Second Class,Camping & Hiking,8,2
1,Europe,Western Europe,Second Class,Camping & Hiking,6,6
1,Europe,Northern Europe,Second Class,Fishing,8,6
1,Europe,Southern Europe,Second Class,Fishing,10,3
1,Europe,Western Europe,Second Class,Camping & Hiking,7,1
1,Europe,Western Europe,Second Class,Fishing,10,4
1,Europe,Western Europe,Second Class,Fishing,6,2
0,Europe,Western Europe,Second Class,Fishing,6,7
1,Europe,Eastern Europe,Second Class,Camping & Hiking,12,2
1,Europe,Southern Europe,Second Class,Fishing,10,3
0,Europe,Western Europe,Second Class,Fishing,8,3
0,Europe,Western Europe,Second Class,Fishing,6,7
1,Europe,Eastern Europe,Second Class,Camping & Hiking,12,2
1,Europe,Southern Europe,Second Class,Camping & Hiking,7,5
1,Europe,Southern Europe,Second Class,Fishing,10,6
1,Europe,Western Europe,Second Class,Fishing,10,2
1,Europe,Western Europe,Second Class,Fishing,7,6
1,Europe,Western Europe,Second Class,Books ,10,1
0,Europe,Western Europe,Second Class,Books ,10,6
1,Europe,Southern Europe,Second Class,Books ,10,6
1,Europe,Western Europe,Second Class,Books ,10,5
1,Europe,Western Europe,Second Class,DVDs,11,1
1,Europe,Western Europe,Second Class,DVDs,11,3
1,Europe,Western Europe,Second Class,DVDs,11,4
1,Europe,Western Europe,Second Class,DVDs,11,2
0,Europe,Western Europe,Second Class,DVDs,11,7
1,Europe,Northern Europe,Second Class,CDs ,10,7
1,Europe,Northern Europe,Second Class,CDs ,10,4
1,Europe,Northern Europe,Second Class,DVDs,11,3
1,Europe,Southern Europe,Second Class,Consumer Electronics,11,2
1,Europe,Western Europe,Second Class,Computers,11,1
1,Europe,Northern Europe,Second Class,Cardio Equipment,7,7
1,Europe,Western Europe,Second Class,Cardio Equipment,6,3
1,Europe,Western Europe,Second Class,Cleats,9,7
1,Europe,Western Europe,Second Class,Men's Footwear,10,6
1,Europe,Western Europe,Second Class,Cleats,6,4
1,Europe,Western Europe,Second Class,Cleats,10,1
1,Europe,Western Europe,Second Class,Crafts,11,7
1,Europe,Western Europe,Second Class,Men's Footwear,10,7
0,Europe,Western Europe,Second Class,Men's Footwear,10,6
1,Europe,Western Europe,Second Class,Men's Footwear,8,1
1,Europe,Western Europe,Second Class,Men's Footwear,6,3
1,Europe,Western Europe,Second Class,Men's Footwear,9,6
1,Europe,Western Europe,Second Class,Men's Footwear,7,7
1,Europe,Western Europe,Second Class,Men's Footwear,8,2
1,Europe,Southern Europe,Second Class,Men's Footwear,6,4
1,Europe,Southern Europe,Second Class,Men's Footwear,7,6
1,Europe,Western Europe,Second Class,Children's Clothing,10,6
0,Europe,Western Europe,Second Class,Men's Footwear,10,7
1,Europe,Western Europe,Second Class,Men's Footwear,6,4
0,Europe,Western Europe,Second Class,Men's Footwear,10,7
1,Europe,Northern Europe,Second Class,Men's Footwear,8,6
0,Europe,Southern Europe,Second Class,Shop By Sport,10,4
1,Europe,Northern Europe,Second Class,Women's Apparel,6,5
1,Europe,Southern Europe,Second Class,Women's Apparel,9,2
1,Europe,Northern Europe,Second Class,Accessories,6,2
1,Europe,Southern Europe,Second Class,Camping & Hiking,7,6
1,Europe,Western Europe,Second Class,Camping & Hiking,8,4
1,Europe,Western Europe,Second Class,Fishing,10,1
0,Europe,Western Europe,Second Class,Fishing,10,6
1,Europe,Northern Europe,Second Class,Fishing,6,5
0,Europe,Western Europe,Second Class,Fishing,10,6
0,Europe,Western Europe,Second Class,Camping & Hiking,10,6
1,Europe,Western Europe,Second Class,Camping & Hiking,9,7
0,Europe,Western Europe,Second Class,Camping & Hiking,10,7
1,Europe,Northern Europe,Second Class,Camping & Hiking,8,6
1,Europe,Northern Europe,Second Class,Fishing,8,6
1,Europe,Western Europe,Second Class,Fishing,10,7
1,LATAM,Caribbean,Second Class,Cardio Equipment,4,4
1,LATAM,Central America,Second Class,Cardio Equipment,2,3
1,LATAM,Caribbean,Second Class,Cardio Equipment,5,1
1,LATAM,Caribbean,Second Class,Cardio Equipment,5,1
1,LATAM,South America,Second Class,Cardio Equipment,6,4
0,LATAM,South America,Second Class,Cardio Equipment,2,1
1,LATAM,Central America,Second Class,Cardio Equipment,1,2
1,LATAM,Central America,Second Class,Cardio Equipment,3,6
1,LATAM,Caribbean,Second Class,Cleats,5,1
1,LATAM,Central America,Second Class,Cleats,5,6
0,Europe,Western Europe,Standard Class,Cleats,9,3
0,Europe,Northern Europe,Standard Class,Cleats,9,5
1,Europe,Northern Europe,Standard Class,Cleats,9,7
0,Europe,Northern Europe,Standard Class,Cleats,9,3
1,Europe,Western Europe,Standard Class,Women's Apparel,9,5
1,Europe,Northern Europe,Standard Class,Women's Apparel,6,7
1,Europe,Western Europe,Standard Class,Women's Apparel,9,7
1,Europe,Western Europe,Standard Class,Women's Apparel,9,7
0,Europe,Northern Europe,Standard Class,Women's Apparel,6,2
0,Europe,Northern Europe,Standard Class,Women's Apparel,10,4
0,Europe,Western Europe,Standard Class,Shop By Sport,8,5
0,Europe,Western Europe,Standard Class,Women's Apparel,6,6
1,Europe,Southern Europe,Standard Class,Women's Apparel,9,6
1,Europe,Western Europe,Standard Class,Women's Apparel,9,1
0,Europe,Southern Europe,Standard Class,Women's Apparel,8,5
0,Europe,Western Europe,Standard Class,Shop By Sport,6,2
1,Europe,Western Europe,Standard Class,Shop By Sport,9,6
0,Europe,Western Europe,Standard Class,Women's Apparel,9,2
0,Europe,Western Europe,Standard Class,Women's Apparel,8,6
0,Europe,Western Europe,Standard Class,Shop By Sport,9,1
0,Europe,Northern Europe,Standard Class,Women's Apparel,10,4
0,Europe,Western Europe,Standard Class,Women's Apparel,7,4
0,Europe,Western Europe,Standard Class,Women's Apparel,10,6
1,Europe,Western Europe,Standard Class,Shop By Sport,7,7
0,Europe,Western Europe,Standard Class,Women's Apparel,7,2
0,Europe,Northern Europe,Standard Class,Women's Apparel,8,3
0,Europe,Western Europe,Standard Class,Women's Apparel,7,4
1,Europe,Western Europe,Standard Class,Women's Apparel,9,2
0,Europe,Northern Europe,Standard Class,Shop By Sport,8,2
1,Europe,Western Europe,Standard Class,Women's Apparel,10,6
0,Europe,Southern Europe,Standard Class,Women's Apparel,8,7
0,Europe,Southern Europe,Standard Class,Women's Apparel,6,1
0,Europe,Western Europe,Standard Class,Shop By Sport,8,4
1,Europe,Western Europe,Standard Class,Shop By Sport,7,2
1,Europe,Western Europe,Standard Class,Shop By Sport,1,2
0,Europe,Western Europe,Standard Class,Golf Balls,8,2
1,Europe,Western Europe,Standard Class,Trade-In,6,1
1,Europe,Northern Europe,Standard Class,Electronics,10,7
0,Europe,Western Europe,Standard Class,Trade-In,9,1
0,Europe,Western Europe,Standard Class,Electronics,8,5
0,Europe,Eastern Europe,Standard Class,Electronics,1,2
1,Europe,Western Europe,Standard Class,Accessories,6,1
0,Europe,Southern Europe,Standard Class,Golf Balls,8,1
0,Europe,Northern Europe,Standard Class,Soccer,9,5
1,Europe,Western Europe,Standard Class,Soccer,8,7
0,Europe,Southern Europe,Standard Class,Lacrosse,9,1
0,Europe,Eastern Europe,Standard Class,Lacrosse,11,3
0,Europe,Western Europe,Standard Class,Cardio Equipment,8,5
1,Europe,Southern Europe,Standard Class,Cardio Equipment,6,1
0,Europe,Western Europe,Standard Class,Electronics,8,7
0,Europe,Northern Europe,Standard Class,Fitness Accessories,9,1
0,Europe,Western Europe,Standard Class,Cardio Equipment,8,3
1,Europe,Eastern Europe,Standard Class,Cardio Equipment,11,5
0,Europe,Northern Europe,Standard Class,Cardio Equipment,8,3
0,Europe,Western Europe,Standard Class,As Seen on  TV!,7,3
0,Europe,Western Europe,Standard Class,Cardio Equipment,6,5
1,Europe,Southern Europe,Standard Class,Cardio Equipment,6,7
0,Europe,Western Europe,Standard Class,Cardio Equipment,10,1
0,Europe,Western Europe,Standard Class,Cardio Equipment,9,6
1,Europe,Southern Europe,Standard Class,Cardio Equipment,7,1
0,Europe,Western Europe,Standard Class,Cardio Equipment,6,4
0,Europe,Western Europe,Standard Class,Cardio Equipment,8,6
0,Europe,Southern Europe,Standard Class,Cardio Equipment,9,6
1,Europe,Western Europe,Standard Class,Boxing & MMA,8,1
0,Europe,Western Europe,Standard Class,Cardio Equipment,6,2
0,Europe,Western Europe,Standard Class,Fitness Accessories,10,1
1,Europe,Western Europe,Standard Class,Cleats,6,3
1,Europe,Eastern Europe,Standard Class,Cleats,11,6
0,Europe,Western Europe,Standard Class,Cleats,6,6
1,Europe,Southern Europe,Standard Class,Cleats,6,3
1,Europe,Western Europe,Standard Class,Cleats,7,7
1,Europe,Western Europe,Standard Class,Cleats,8,4
0,Europe,Southern Europe,Standard Class,Cleats,9,7
0,Europe,Western Europe,Standard Class,Cleats,6,1
0,Europe,Western Europe,Standard Class,Cleats,8,5
1,Europe,Northern Europe,Standard Class,Cleats,8,4
1,Europe,Southern Europe,Standard Class,Cleats,6,6
1,Europe,Western Europe,Standard Class,Cleats,7,6
1,Europe,Western Europe,Standard Class,Cleats,8,2
1,Europe,Northern Europe,Standard Class,Cleats,7,6
1,Europe,Southern Europe,Standard Class,Cleats,10,5
1,Europe,Western Europe,Standard Class,Cleats,9,4
0,Europe,Western Europe,Standard Class,Cleats,10,3
1,Europe,Western Europe,Standard Class,Cleats,8,1
0,Europe,Northern Europe,Standard Class,Cleats,8,3
0,Europe,Northern Europe,Standard Class,Cleats,10,5
1,Europe,Western Europe,Standard Class,Cleats,9,5
1,Europe,Western Europe,Standard Class,Cleats,7,5
0,Europe,Southern Europe,Standard Class,Cleats,10,7
0,Europe,Southern Europe,Standard Class,Cleats,6,1
1,Europe,Western Europe,Standard Class,Cleats,7,6
1,Europe,Western Europe,Standard Class,Cleats,7,5
0,Europe,Western Europe,Standard Class,Cleats,7,6
0,Europe,Western Europe,Standard Class,Cleats,8,6
1,Europe,Western Europe,Standard Class,Cleats,10,6
1,Europe,Eastern Europe,Standard Class,Cleats,9,3
0,Europe,Northern Europe,Standard Class,Cleats,6,2
1,Europe,Western Europe,Standard Class,Cleats,6,6
1,Europe,Southern Europe,Standard Class,Cleats,11,2
1,Europe,Northern Europe,Standard Class,Women's Apparel,10,5
0,Europe,Southern Europe,Standard Class,Shop By Sport,9,4
1,Europe,Southern Europe,Standard Class,Shop By Sport,8,1
1,Europe,Western Europe,Standard Class,Women's Apparel,9,7
0,Europe,Southern Europe,Standard Class,Shop By Sport,8,5
0,Europe,Western Europe,Standard Class,Women's Apparel,8,1
1,Europe,Western Europe,Standard Class,Shop By Sport,9,7
1,Europe,Western Europe,Standard Class,Women's Apparel,8,5
0,Europe,Western Europe,Standard Class,Shop By Sport,7,4
1,Europe,Western Europe,Standard Class,Women's Apparel,7,2
1,Europe,Western Europe,Standard Class,Women's Apparel,6,2
0,Europe,Western Europe,Standard Class,Women's Apparel,8,6
1,Europe,Western Europe,Standard Class,Women's Apparel,7,3
1,Europe,Western Europe,Standard Class,Women's Apparel,7,7
0,Europe,Northern Europe,Standard Class,Women's Apparel,8,7
1,Europe,Western Europe,Standard Class,Women's Apparel,8,7
1,Europe,Northern Europe,Standard Class,Shop By Sport,1,4
0,Europe,Northern Europe,Standard Class,Shop By Sport,7,3
1,Europe,Northern Europe,Standard Class,Women's Apparel,8,5
1,Europe,Eastern Europe,Standard Class,Women's Apparel,12,6
0,Europe,Eastern Europe,Standard Class,Women's Apparel,11,3
1,Europe,Northern Europe,Standard Class,Women's Apparel,9,3
0,Europe,Western Europe,Standard Class,Women's Apparel,8,3
1,Europe,Northern Europe,Standard Class,Women's Apparel,9,7
0,Europe,Western Europe,Standard Class,Shop By Sport,8,4
1,Europe,Western Europe,Standard Class,Women's Apparel,6,6
1,Europe,Eastern Europe,Standard Class,Women's Apparel,11,5
1,Europe,Western Europe,Standard Class,Shop By Sport,8,2
0,Europe,Western Europe,Standard Class,Women's Apparel,8,2
1,Europe,Western Europe,Standard Class,Women's Apparel,8,5
0,Europe,Western Europe,Standard Class,Women's Apparel,8,1
0,Europe,Western Europe,Standard Class,Shop By Sport,6,4
1,Europe,Western Europe,Standard Class,Women's Apparel,8,4
0,Europe,Western Europe,Standard Class,Women's Apparel,7,1
0,Europe,Northern Europe,Standard Class,Women's Apparel,9,2
0,Europe,Southern Europe,Standard Class,Women's Apparel,9,4
0,Europe,Northern Europe,Standard Class,Women's Apparel,9,4
0,Europe,Southern Europe,Standard Class,Women's Apparel,6,1
1,Europe,Southern Europe,Standard Class,Women's Apparel,7,5
0,Europe,Western Europe,Standard Class,Shop By Sport,7,2
1,Europe,Eastern Europe,Standard Class,Women's Apparel,10,2
1,Europe,Eastern Europe,Standard Class,Women's Apparel,10,7
1,Europe,Northern Europe,Standard Class,Women's Apparel,7,6
0,Europe,Northern Europe,Standard Class,Accessories,9,4
1,Europe,Northern Europe,Standard Class,Electronics,9,6
0,Europe,Northern Europe,Standard Class,Golf Balls,6,2
0,Europe,Western Europe,Standard Class,Electronics,8,1
0,Europe,Western Europe,Standard Class,Cardio Equipment,6,1
0,Europe,Northern Europe,Standard Class,Cardio Equipment,9,7
0,Europe,Western Europe,Standard Class,Cardio Equipment,7,4
0,Europe,Western Europe,Standard Class,Cleats,9,6
0,Europe,Eastern Europe,Standard Class,Cleats,9,5
0,Europe,Southern Europe,Standard Class,Cleats,9,5
0,Europe,Western Europe,Standard Class,Cleats,8,7
0,Europe,Northern Europe,Standard Class,Cleats,10,6
0,Europe,Southern Europe,Standard Class,Cleats,9,2
0,Europe,Southern Europe,Standard Class,Cleats,10,2
0,Europe,Northern Europe,Standard Class,Women's Apparel,8,2
0,Europe,Western Europe,Standard Class,Women's Apparel,7,1
0,Europe,Southern Europe,Standard Class,Shop By Sport,9,2
0,Europe,Southern Europe,Standard Class,Women's Apparel,7,6
0,Europe,Eastern Europe,Standard Class,Women's Apparel,9,5
0,Europe,Western Europe,Standard Class,Shop By Sport,9,7
0,Europe,Western Europe,Standard Class,Shop By Sport,7,3
0,Europe,Northern Europe,Standard Class,Women's Apparel,9,7
0,Europe,Western Europe,Standard Class,Shop By Sport,8,1
0,Europe,Western Europe,Standard Class,Women's Apparel,10,3
0,Europe,Southern Europe,Standard Class,Electronics,9,7
0,Europe,Southern Europe,Standard Class,Electronics,9,2
0,LATAM,Central America,Standard Class,Baseball & Softball,2,1
0,LATAM,Central America,Standard Class,Cardio Equipment,1,3
0,LATAM,South America,Standard Class,Cardio Equipment,5,6
0,LATAM,Central America,Standard Class,Cardio Equipment,3,1
0,LATAM,Central America,Standard Class,Cleats,3,7
0,LATAM,Central America,Standard Class,Cleats,1,3
0,LATAM,South America,Standard Class,Cleats,1,1
0,LATAM,South America,Standard Class,Cleats,2,5
0,LATAM,South America,Standard Class,Cleats,1,1
0,LATAM,Caribbean,Standard Class,Cleats,4,2
0,LATAM,South America,Standard Class,Cleats,1,5
0,LATAM,South America,Standard Class,Cleats,4,5
0,LATAM,South America,Standard Class,Cleats,5,6
0,Pacific Asia,Southeast Asia,Standard Class,Shop By Sport,12,4
0,Pacific Asia,West Asia,Standard Class,Women's Apparel,9,2
0,Pacific Asia,South Asia,Standard Class,Women's Apparel,11,5
1,Pacific Asia,West Asia,Standard Class,Girls' Apparel,10,4
1,Pacific Asia,Oceania,Standard Class,Shop By Sport,12,5
0,Pacific Asia,Oceania,Standard Class,Women's Apparel,3,2
0,Pacific Asia,Oceania,Standard Class,Women's Apparel,2,3
0,Pacific Asia,West Asia,Standard Class,Trade-In,11,4
0,Pacific Asia,South Asia,Standard Class,Golf Balls,12,2
0,Pacific Asia,Eastern Asia,Standard Class,Trade-In,11,3
1,Pacific Asia,Eastern Asia,Standard Class,Cardio Equipment,11,2
0,Pacific Asia,Oceania,Standard Class,Cardio Equipment,3,4
0,Pacific Asia,West Asia,Standard Class,Cardio Equipment,9,6
1,Pacific Asia,Oceania,Standard Class,Cardio Equipment,1,5
0,Pacific Asia,South Asia,Standard Class,Cardio Equipment,2,2
0,Pacific Asia,Eastern Asia,Standard Class,Cardio Equipment,3,5
0,Pacific Asia,Oceania,Standard Class,Cardio Equipment,2,1
1,Pacific Asia,South Asia,Standard Class,Cardio Equipment,1,5
1,Pacific Asia,Eastern Asia,Standard Class,Electronics,11,3
0,Pacific Asia,Southeast Asia,Standard Class,Cardio Equipment,12,7
1,Pacific Asia,Southeast Asia,Standard Class,Cardio Equipment,2,2
0,Pacific Asia,Eastern Asia,Standard Class,Cleats,12,5
0,Pacific Asia,South Asia,Standard Class,Cleats,3,7
0,Pacific Asia,Oceania,Standard Class,Cleats,11,5
1,Pacific Asia,Eastern Asia,Standard Class,Cleats,11,3
1,Pacific Asia,West Asia,Standard Class,Cleats,12,1
0,Pacific Asia,Eastern Asia,Standard Class,Cleats,2,1
0,Pacific Asia,Oceania,Standard Class,Cleats,2,1
1,Pacific Asia,Eastern Asia,Standard Class,Cleats,1,5
0,Pacific Asia,Southeast Asia,Standard Class,Cleats,2,7
1,Pacific Asia,West Asia,Standard Class,Cleats,11,2
1,Pacific Asia,Southeast Asia,Standard Class,Cleats,1,1
0,Pacific Asia,West Asia,Standard Class,Cleats,9,4
0,Pacific Asia,South Asia,Standard Class,Cleats,1,1
0,Pacific Asia,Southeast Asia,Standard Class,Cleats,2,2
0,Pacific Asia,South Asia,Standard Class,Shop By Sport,12,1
0,Pacific Asia,South Asia,Standard Class,Shop By Sport,1,7
0,Pacific Asia,Southeast Asia,Standard Class,Shop By Sport,2,6
0,Pacific Asia,Eastern Asia,Standard Class,Women's Apparel,12,4
1,Pacific Asia,Central Asia,Standard Class,Women's Apparel,10,1
0,Pacific Asia,Eastern Asia,Standard Class,Women's Apparel,12,4
1,Pacific Asia,Oceania,Standard Class,Women's Apparel,2,6
0,Pacific Asia,South Asia,Standard Class,Women's Apparel,12,6
0,Pacific Asia,Oceania,Standard Class,Women's Apparel,3,5
1,Pacific Asia,West Asia,Standard Class,Women's Apparel,12,6
0,Pacific Asia,South Asia,Standard Class,Women's Apparel,2,2
1,Pacific Asia,Eastern Asia,Standard Class,Women's Apparel,2,3
1,Pacific Asia,South Asia,Standard Class,Women's Apparel,11,7
0,Pacific Asia,Oceania,Standard Class,Women's Apparel,4,2
1,Pacific Asia,Oceania,Standard Class,Women's Apparel,2,1
1,Pacific Asia,South Asia,Standard Class,Women's Apparel,10,1
0,Pacific Asia,Oceania,Standard Class,Shop By Sport,11,4
0,Pacific Asia,Eastern Asia,Standard Class,Women's Apparel,12,5
0,Pacific Asia,Southeast Asia,Standard Class,Women's Apparel,1,1
1,Pacific Asia,Eastern Asia,Standard Class,Shop By Sport,11,4
0,Pacific Asia,Southeast Asia,Standard Class,Shop By Sport,1,7
1,Pacific Asia,West Asia,Standard Class,Women's Apparel,12,1
0,Pacific Asia,Oceania,Standard Class,Electronics,11,5
0,Pacific Asia,Southeast Asia,Standard Class,Golf Balls,2,2
0,Pacific Asia,West Asia,Standard Class,Trade-In,9,6
0,Pacific Asia,Oceania,Standard Class,Trade-In,1,3
1,Pacific Asia,South Asia,Standard Class,Trade-In,3,7
0,Pacific Asia,Eastern Asia,Standard Class,Golf Balls,11,4
1,Pacific Asia,Southeast Asia,Standard Class,Accessories,11,6
0,Pacific Asia,South Asia,Standard Class,Trade-In,2,3
0,Pacific Asia,West Asia,Standard Class,Trade-In,11,2
1,Pacific Asia,Eastern Asia,Standard Class,Electronics,3,7
0,Pacific Asia,Eastern Asia,Standard Class,Electronics,12,1
0,Pacific Asia,Oceania,Standard Class,Electronics,4,6
0,Pacific Asia,Oceania,Standard Class,Cardio Equipment,10,6
0,Pacific Asia,South Asia,Standard Class,Cleats,1,6
0,Pacific Asia,South Asia,Standard Class,Cleats,1,6
0,Pacific Asia,South Asia,Standard Class,Cleats,1,6
0,Pacific Asia,Oceania,Standard Class,Shop By Sport,3,3
0,Pacific Asia,Southeast Asia,Standard Class,Women's Apparel,12,5
0,Pacific Asia,Oceania,Standard Class,Women's Apparel,2,6
0,Pacific Asia,Oceania,Standard Class,Shop By Sport,3,2
0,USCA,US Center ,Standard Class,Cardio Equipment,7,6
0,USCA,East of USA,Standard Class,Cardio Equipment,5,7
0,USCA,West of USA ,Standard Class,Cleats,8,6
0,USCA,US Center ,Standard Class,Cleats,8,7
0,USCA,US Center ,Standard Class,Cleats,8,4
0,USCA,South of  USA ,Standard Class,Girls' Apparel,5,6
0,USCA,US Center ,Standard Class,Women's Apparel,8,6
0,USCA,West of USA ,Standard Class,Women's Apparel,8,1
0,USCA,South of  USA ,Standard Class,Women's Apparel,6,2
0,USCA,West of USA ,Standard Class,Electronics,8,1
0,USCA,South of  USA ,Standard Class,Electronics,4,6
1,USCA,East of USA,Standard Class,Cardio Equipment,8,3
1,USCA,East of USA,Standard Class,Cardio Equipment,8,1
0,USCA,West of USA ,Standard Class,Cardio Equipment,8,3
1,USCA,East of USA,Standard Class,Electronics,6,1
0,USCA,West of USA ,Standard Class,Cleats,4,2
0,USCA,Canada,Standard Class,Cleats,12,1
0,USCA,Canada,Standard Class,Cleats,12,1
1,USCA,South of  USA ,Standard Class,Cleats,4,4
0,USCA,West of USA ,Standard Class,Cleats,7,7
0,USCA,Canada,Standard Class,Cleats,12,5
1,USCA,West of USA ,Standard Class,Cleats,8,5
0,USCA,East of USA,Standard Class,Women's Apparel,4,4
0,USCA,US Center ,Standard Class,Women's Apparel,8,2
0,USCA,Canada,Standard Class,Women's Apparel,10,3
0,USCA,East of USA,Standard Class,Shop By Sport,8,7
1,USCA,US Center ,Standard Class,Women's Apparel,6,4
1,USCA,US Center ,Standard Class,Women's Apparel,7,4
0,USCA,West of USA ,Standard Class,Women's Apparel,4,2
0,USCA,West of USA ,Standard Class,Women's Apparel,5,1
0,USCA,East of USA,Standard Class,Women's Apparel,8,7
1,USCA,West of USA ,Standard Class,Women's Apparel,6,2
0,USCA,West of USA ,Standard Class,Accessories,4,2
0,USCA,Canada,Standard Class,Electronics,10,3
0,USCA,US Center ,Standard Class,Baseball & Softball,4,3
0,USCA,US Center ,Standard Class,Lacrosse,6,7
0,USCA,South of  USA ,Standard Class,Electronics,7,3
0,USCA,US Center ,Standard Class,Cardio Equipment,8,6
0,USCA,Canada,Standard Class,Cardio Equipment,9,6
0,USCA,South of  USA ,Standard Class,Cardio Equipment,6,6
1,USCA,West of USA ,Standard Class,Cardio Equipment,8,1
0,USCA,US Center ,Standard Class,Cleats,6,7
1,USCA,West of USA ,Standard Class,Cleats,6,6
0,USCA,East of USA,Standard Class,Cleats,6,2
0,USCA,Canada,Standard Class,Cleats,11,4
0,USCA,US Center ,Standard Class,Cleats,5,3
1,USCA,US Center ,Standard Class,Cleats,5,3
0,USCA,Canada,Standard Class,Cleats,1,3
1,USCA,Canada,Standard Class,Shop By Sport,11,6
1,USCA,East of USA,Standard Class,Shop By Sport,6,2
0,USCA,US Center ,Standard Class,Shop By Sport,7,5
0,USCA,Canada,Standard Class,Women's Apparel,11,7
0,USCA,East of USA,Standard Class,Shop By Sport,4,3
0,USCA,Canada,Standard Class,Women's Apparel,11,4
0,USCA,East of USA,Standard Class,Shop By Sport,6,2
0,USCA,East of USA,Standard Class,Women's Apparel,8,4
0,USCA,West of USA ,Standard Class,Shop By Sport,6,4
0,USCA,West of USA ,Standard Class,Women's Apparel,8,6
0,USCA,US Center ,Standard Class,Women's Apparel,4,5
1,USCA,East of USA,Standard Class,Shop By Sport,4,7
0,USCA,US Center ,Standard Class,Golf Balls,4,5
0,USCA,US Center ,Standard Class,Electronics,6,6
1,USCA,East of USA,Standard Class,Trade-In,7,7
0,USCA,West of USA ,Standard Class,Accessories,4,5
0,USCA,US Center ,Standard Class,Lacrosse,4,2
0,USCA,East of USA,Standard Class,Cardio Equipment,4,3
0,USCA,West of USA ,Standard Class,Cardio Equipment,5,3
0,USCA,West of USA ,Standard Class,Cardio Equipment,7,2
0,USCA,East of USA,Standard Class,Cleats,7,3
0,USCA,South of  USA ,Standard Class,Cleats,5,3
0,USCA,West of USA ,Standard Class,Cleats,4,3
0,USCA,West of USA ,Standard Class,Cleats,4,3
0,USCA,West of USA ,Standard Class,Women's Apparel,4,2
0,USCA,West of USA ,Standard Class,Women's Apparel,5,2
0,USCA,West of USA ,Standard Class,Women's Apparel,6,3
0,USCA,West of USA ,Standard Class,Electronics,6,1
0,USCA,US Center ,Standard Class,Electronics,4,2
1,Africa,Southern Africa,First Class,Men's Footwear,11,6
1,Africa,North Africa,First Class,Men's Footwear,1,5
1,Europe,Northern Europe,First Class,Cameras ,10,5
1,Europe,Eastern Europe,First Class,Cardio Equipment,12,5
1,Europe,Southern Europe,First Class,Men's Footwear,9,6
1,Europe,Southern Europe,First Class,Men's Footwear,9,6
1,Europe,Western Europe,First Class,Men's Footwear,9,5
1,Europe,Western Europe,First Class,Men's Footwear,6,4
1,Europe,Western Europe,First Class,Men's Footwear,10,5
1,Europe,Southern Europe,First Class,Men's Footwear,8,3
1,Europe,Western Europe,First Class,Men's Footwear,8,6
1,Europe,Western Europe,First Class,Crafts,11,3
1,Europe,Western Europe,First Class,Men's Footwear,9,7
1,Europe,Western Europe,First Class,Men's Footwear,8,3
1,Europe,Western Europe,First Class,Men's Footwear,8,2
1,Europe,Western Europe,First Class,Men's Footwear,8,2
1,Europe,Southern Europe,First Class,Men's Footwear,7,1
1,Europe,Western Europe,First Class,Men's Footwear,8,2
1,Europe,Western Europe,First Class,Cleats,10,7
1,Europe,Western Europe,First Class,Men's Footwear,8,3
1,Europe,Western Europe,First Class,Cleats,8,6
1,Europe,Western Europe,First Class,Men's Footwear,8,7
1,Europe,Western Europe,First Class,Children's Clothing,10,7
1,Europe,Northern Europe,First Class,Cleats,8,1
1,Europe,Western Europe,First Class,Cleats,8,7
1,Europe,Western Europe,First Class,Women's Apparel,8,7
1,Europe,Southern Europe,First Class,Women's Apparel,7,1
0,Europe,Western Europe,Standard Class,Cleats,7,4
1,Europe,Western Europe,Standard Class,Cleats,9,4
1,Europe,Western Europe,Standard Class,Cleats,9,4
0,Europe,Western Europe,Standard Class,Cleats,10,2
0,Europe,Northern Europe,Standard Class,Cleats,9,1
0,Europe,Southern Europe,Standard Class,Cleats,10,6
1,Europe,Western Europe,Standard Class,Cleats,6,3
1,Europe,Western Europe,Standard Class,Cleats,8,1
0,Europe,Western Europe,Standard Class,Cleats,8,7
0,Europe,Eastern Europe,Standard Class,Cleats,10,1
0,Europe,Southern Europe,Standard Class,Cleats,9,4
0,Europe,Southern Europe,Standard Class,Cleats,9,1
1,Europe,Western Europe,Standard Class,Cleats,7,7
1,Europe,Northern Europe,Standard Class,Women's Apparel,9,2
0,Europe,Southern Europe,Standard Class,Women's Apparel,9,6
0,Europe,Western Europe,Standard Class,Shop By Sport,7,3
0,Europe,Western Europe,Standard Class,Shop By Sport,9,2
0,Europe,Western Europe,Standard Class,Women's Apparel,7,7
1,Europe,Northern Europe,Standard Class,Women's Apparel,6,3
0,Europe,Southern Europe,Standard Class,Women's Apparel,9,6
0,Europe,Western Europe,Standard Class,Shop By Sport,7,7
0,Europe,Western Europe,Standard Class,Shop By Sport,7,5
0,Europe,Western Europe,Standard Class,Women's Apparel,9,6
0,Europe,Western Europe,Standard Class,Women's Apparel,8,4
0,Europe,Eastern Europe,Standard Class,Shop By Sport,9,4
0,Europe,Eastern Europe,Standard Class,Women's Apparel,11,2
0,Europe,Northern Europe,Standard Class,Women's Apparel,8,7
0,Europe,Southern Europe,Standard Class,Women's Apparel,9,4
0,Europe,Western Europe,Standard Class,Shop By Sport,7,3
0,Europe,Western Europe,Standard Class,Women's Apparel,6,3
1,Europe,Eastern Europe,Standard Class,Women's Apparel,1,4
0,Europe,Northern Europe,Standard Class,Shop By Sport,8,5
1,Europe,Western Europe,Standard Class,Women's Apparel,9,4
0,Europe,Western Europe,Standard Class,Women's Apparel,8,7
0,Europe,Northern Europe,Standard Class,Women's Apparel,8,3
0,Europe,Southern Europe,Standard Class,Shop By Sport,7,4
0,Europe,Southern Europe,Standard Class,Women's Apparel,9,1
1,Europe,Western Europe,Standard Class,Shop By Sport,8,1
0,Europe,Western Europe,Standard Class,Women's Apparel,7,6
0,Europe,Western Europe,Standard Class,Women's Apparel,6,2
1,Europe,Eastern Europe,Standard Class,Women's Apparel,12,7
1,Europe,Northern Europe,Standard Class,Shop By Sport,9,1
0,Europe,Northern Europe,Standard Class,Women's Apparel,9,6
1,Europe,Southern Europe,Standard Class,Women's Apparel,9,5
0,Europe,Western Europe,Standard Class,Shop By Sport,8,5
1,Europe,Western Europe,Standard Class,Women's Apparel,9,7
0,Europe,Western Europe,Standard Class,Women's Apparel,10,1
1,Europe,Western Europe,Standard Class,Women's Apparel,10,2
1,Europe,Eastern Europe,Standard Class,Shop By Sport,12,1
1,Europe,Northern Europe,Standard Class,Women's Apparel,8,7
0,Europe,Northern Europe,Standard Class,Women's Apparel,7,7
0,Europe,Southern Europe,Standard Class,Shop By Sport,8,6
1,Europe,Southern Europe,Standard Class,Shop By Sport,7,3
0,Europe,Western Europe,Standard Class,Shop By Sport,6,3
0,Europe,Western Europe,Standard Class,Women's Apparel,6,4
0,Europe,Western Europe,Standard Class,Women's Apparel,9,3
0,Europe,Western Europe,Standard Class,Women's Apparel,9,6
1,Europe,Western Europe,Standard Class,Women's Apparel,10,6
1,Europe,Western Europe,Standard Class,Women's Apparel,10,2
1,Europe,Northern Europe,Standard Class,Shop By Sport,8,7
0,Europe,Southern Europe,Standard Class,Women's Apparel,8,5
1,Europe,Western Europe,Standard Class,Shop By Sport,6,3
0,Europe,Western Europe,Standard Class,Women's Apparel,8,7
0,Europe,Western Europe,Standard Class,Women's Apparel,10,7
0,Europe,Western Europe,Standard Class,Women's Apparel,9,6
1,Europe,Western Europe,Standard Class,Women's Apparel,8,4
0,Europe,Eastern Europe,Standard Class,Women's Apparel,10,4
0,Europe,Eastern Europe,Standard Class,Women's Apparel,9,3
1,Europe,Northern Europe,Standard Class,Girls' Apparel,8,7
0,Europe,Eastern Europe,Standard Class,Women's Apparel,10,2
0,Europe,Northern Europe,Standard Class,Shop By Sport,8,2
0,Europe,Northern Europe,Standard Class,Shop By Sport,7,4
1,Europe,Southern Europe,Standard Class,Women's Apparel,12,3
1,Europe,Western Europe,Standard Class,Women's Apparel,7,3
1,Europe,Western Europe,Standard Class,Women's Apparel,9,2
1,Europe,Northern Europe,Standard Class,Shop By Sport,9,4
0,Europe,Northern Europe,Standard Class,Women's Apparel,8,5
0,Europe,Northern Europe,Standard Class,Women's Apparel,9,6
1,Europe,Southern Europe,Standard Class,Women's Apparel,12,3
0,Europe,Western Europe,Standard Class,Shop By Sport,7,3
0,Europe,Western Europe,Standard Class,Shop By Sport,10,6
0,Europe,Western Europe,Standard Class,Shop By Sport,6,7
1,Europe,Western Europe,Standard Class,Women's Apparel,7,3
0,Europe,Western Europe,Standard Class,Women's Apparel,10,3
0,Europe,Eastern Europe,Standard Class,Women's Apparel,10,4
1,Europe,Southern Europe,Standard Class,Women's Apparel,12,3
1,Europe,Southern Europe,Standard Class,Women's Apparel,7,1
1,Europe,Western Europe,Standard Class,Shop By Sport,7,7
0,Europe,Western Europe,Standard Class,Women's Apparel,8,5
0,Europe,Western Europe,Standard Class,Women's Apparel,7,2
1,Europe,Northern Europe,Standard Class,Women's Apparel,6,1
0,Europe,Western Europe,Standard Class,Shop By Sport,9,3
0,Europe,Western Europe,Standard Class,Women's Apparel,10,2
0,Europe,Southern Europe,Standard Class,Shop By Sport,8,2
0,Europe,Southern Europe,Standard Class,Women's Apparel,9,1
1,Europe,Western Europe,Standard Class,Girls' Apparel,9,3
1,Europe,Western Europe,Standard Class,Shop By Sport,10,6
1,Europe,Western Europe,Standard Class,Women's Apparel,6,6
0,Europe,Western Europe,Standard Class,Women's Apparel,8,5
1,Europe,Western Europe,Standard Class,Women's Apparel,9,5
1,Europe,Eastern Europe,Standard Class,Women's Apparel,10,4
1,Europe,Northern Europe,Standard Class,Shop By Sport,10,7
0,Europe,Southern Europe,Standard Class,Shop By Sport,9,3
1,Europe,Southern Europe,Standard Class,Women's Apparel,7,5
1,Europe,Western Europe,Standard Class,Shop By Sport,8,3
0,Europe,Western Europe,Standard Class,Shop By Sport,8,3
0,Europe,Western Europe,Standard Class,Women's Apparel,6,6
0,Europe,Western Europe,Standard Class,Women's Apparel,7,1
0,Europe,Western Europe,Standard Class,Women's Apparel,7,5
0,Europe,Northern Europe,Standard Class,Shop By Sport,9,1
1,Europe,Northern Europe,Standard Class,Women's Apparel,9,2
1,Europe,Northern Europe,Standard Class,Women's Apparel,10,1
0,Europe,Southern Europe,Standard Class,Shop By Sport,6,5
1,Europe,Western Europe,Standard Class,Girls' Apparel,6,1
1,Europe,Western Europe,Standard Class,Shop By Sport,8,3
0,Europe,Western Europe,Standard Class,Shop By Sport,8,2
0,Europe,Western Europe,Standard Class,Women's Apparel,9,2
1,Europe,Western Europe,Standard Class,Women's Apparel,8,4
0,Europe,Western Europe,Standard Class,Women's Apparel,8,4
0,Europe,Western Europe,Standard Class,Women's Apparel,7,7
0,Europe,Western Europe,Standard Class,Women's Apparel,10,2
1,Europe,Eastern Europe,Standard Class,Women's Apparel,10,2
1,Europe,Northern Europe,Standard Class,Women's Apparel,9,2
1,Europe,Northern Europe,Standard Class,Women's Apparel,10,1
0,Europe,Southern Europe,Standard Class,Shop By Sport,8,7
1,Europe,Western Europe,Standard Class,Shop By Sport,9,4
0,Europe,Western Europe,Standard Class,Shop By Sport,8,7
0,Europe,Western Europe,Standard Class,Women's Apparel,7,3
1,Europe,Western Europe,Standard Class,Women's Apparel,8,2
0,Europe,Western Europe,Standard Class,Women's Apparel,10,6
1,Europe,Western Europe,Standard Class,Women's Apparel,9,4
1,Europe,Eastern Europe,Standard Class,Shop By Sport,11,3
1,Europe,Eastern Europe,Standard Class,Women's Apparel,10,3
0,Europe,Eastern Europe,Standard Class,Women's Apparel,1,5
1,Europe,Northern Europe,Standard Class,Women's Apparel,7,5
1,Europe,Southern Europe,Standard Class,Women's Apparel,9,4
0,Europe,Western Europe,Standard Class,Shop By Sport,6,6
0,Europe,Western Europe,Standard Class,Women's Apparel,10,3
0,Europe,Western Europe,Standard Class,Women's Apparel,10,6
0,Europe,Western Europe,Standard Class,Women's Apparel,9,4
0,Europe,Western Europe,Standard Class,Electronics,7,2
0,Europe,Northern Europe,Standard Class,Accessories,7,7
0,Europe,Western Europe,Standard Class,Accessories,8,4
1,Europe,Eastern Europe,Standard Class,Accessories,11,4
0,Europe,Southern Europe,Standard Class,Golf Balls,10,5
1,Europe,Western Europe,Standard Class,Trade-In,9,1
1,Europe,Eastern Europe,Standard Class,Electronics,9,2
0,Europe,Western Europe,Standard Class,Accessories,6,3
1,Europe,Western Europe,Standard Class,Golf Balls,9,7
0,Europe,Western Europe,Standard Class,Accessories,9,6
0,Europe,Western Europe,Standard Class,Golf Balls,9,3
0,Europe,Western Europe,Standard Class,Trade-In,7,4
1,Europe,Southern Europe,Standard Class,Accessories,8,3
1,Europe,Southern Europe,Standard Class,Electronics,8,3
0,Europe,Eastern Europe,Standard Class,Hunting & Shooting,10,2
0,Europe,Western Europe,Standard Class,Hunting & Shooting,7,5
1,Europe,Southern Europe,Standard Class,Hunting & Shooting,9,7
0,Europe,Western Europe,Standard Class,Hunting & Shooting,9,4
0,Europe,Eastern Europe,Standard Class,Electronics,10,5
0,Europe,Western Europe,Standard Class,Cardio Equipment,7,2
0,Europe,Northern Europe,Standard Class,Cardio Equipment,7,6
0,Europe,Western Europe,Standard Class,Cardio Equipment,9,3
0,Europe,Western Europe,Standard Class,Cardio Equipment,10,5
0,Europe,Southern Europe,Standard Class,Cardio Equipment,8,2
0,Europe,Western Europe,Standard Class,Cardio Equipment,8,3
1,Europe,Northern Europe,Standard Class,Cardio Equipment,8,3
0,Europe,Western Europe,Standard Class,Cardio Equipment,7,4
0,Europe,Southern Europe,Standard Class,Cardio Equipment,9,1
0,Europe,Eastern Europe,Standard Class,Fitness Accessories,10,1
1,Europe,Western Europe,Standard Class,Cleats,10,3
0,Europe,Northern Europe,Standard Class,Cleats,6,6
0,Europe,Northern Europe,Standard Class,Cleats,7,4
1,Europe,Northern Europe,Standard Class,Cleats,6,4
0,Europe,Western Europe,Standard Class,Cleats,8,3
1,Europe,Eastern Europe,Standard Class,Cleats,10,6
0,Europe,Eastern Europe,Standard Class,Cleats,10,1
0,Europe,Western Europe,Standard Class,Cleats,8,3
1,Europe,Eastern Europe,Standard Class,Cleats,1,2
1,Europe,Northern Europe,Standard Class,Cleats,7,1
0,Europe,Western Europe,Standard Class,Cleats,6,2
0,Europe,Southern Europe,Standard Class,Cleats,7,2
0,Pacific Asia,South Asia,Standard Class,Men's Footwear,9,7
0,Pacific Asia,Southeast Asia,Standard Class,Cleats,11,7
0,Pacific Asia,Southeast Asia,Standard Class,Men's Footwear,12,7
0,Pacific Asia,Southeast Asia,Standard Class,Men's Footwear,1,7
1,Pacific Asia,Southeast Asia,Standard Class,Women's Clothing,2,2
0,Pacific Asia,West Asia,Standard Class,Men's Footwear,1,2
1,Pacific Asia,West Asia,Standard Class,Men's Footwear,9,5
0,Pacific Asia,Eastern Asia,Standard Class,Men's Footwear,12,3
0,Pacific Asia,Oceania,Standard Class,Men's Footwear,12,2
1,Pacific Asia,Oceania,Standard Class,Men's Footwear,2,4
1,Pacific Asia,South Asia,Standard Class,Cleats,11,2
0,Pacific Asia,South Asia,Standard Class,Men's Clothing,11,7
1,Pacific Asia,South Asia,Standard Class,Men's Footwear,11,5
0,Pacific Asia,Southeast Asia,Standard Class,Children's Clothing,12,3
1,Pacific Asia,Southeast Asia,Standard Class,Children's Clothing,12,4
0,Pacific Asia,Southeast Asia,Standard Class,Cleats,1,1
0,Pacific Asia,Southeast Asia,Standard Class,Men's Footwear,12,5
1,Pacific Asia,Southeast Asia,Standard Class,Men's Footwear,11,6
0,Pacific Asia,Southeast Asia,Standard Class,Men's Footwear,1,1
0,Pacific Asia,Southeast Asia,Standard Class,Men's Footwear,2,2
0,Pacific Asia,West Asia,Standard Class,Men's Footwear,11,5
1,Pacific Asia,Eastern Asia,Standard Class,Cleats,1,2
1,Pacific Asia,Eastern Asia,Standard Class,Men's Footwear,2,1
0,Pacific Asia,Oceania,Standard Class,Crafts,1,4
1,Pacific Asia,Oceania,Standard Class,Men's Footwear,1,1
1,Pacific Asia,Oceania,Standard Class,Men's Footwear,2,3
0,Pacific Asia,Oceania,Standard Class,Women's Clothing,12,6
1,Pacific Asia,South Asia,Standard Class,Crafts,1,3
1,Pacific Asia,South Asia,Standard Class,Men's Footwear,12,5
1,Pacific Asia,Southeast Asia,Standard Class,Children's Clothing,12,3
0,Pacific Asia,Southeast Asia,Standard Class,Men's Footwear,12,3
0,Pacific Asia,Southeast Asia,Standard Class,Men's Footwear,3,5
0,Pacific Asia,Southeast Asia,Standard Class,Men's Footwear,2,2
0,Pacific Asia,Southeast Asia,Standard Class,Men's Footwear,1,3
0,Pacific Asia,West Asia,Standard Class,Cleats,11,7
0,Pacific Asia,West Asia,Standard Class,Men's Footwear,10,7
0,Pacific Asia,Eastern Asia,Standard Class,Men's Footwear,2,6
0,Pacific Asia,Eastern Asia,Standard Class,Men's Footwear,12,2
0,Pacific Asia,Eastern Asia,Standard Class,Men's Footwear,1,2
0,Pacific Asia,Oceania,Standard Class,Cleats,2,4
1,Pacific Asia,Oceania,Standard Class,Crafts,1,2
0,Pacific Asia,Oceania,Standard Class,Men's Clothing,11,2
1,Pacific Asia,Oceania,Standard Class,Men's Footwear,12,5
0,Pacific Asia,Oceania,Standard Class,Men's Footwear,3,1
0,Pacific Asia,Oceania,Standard Class,Men's Footwear,1,6
1,Pacific Asia,South Asia,Standard Class,Cleats,12,5
0,Pacific Asia,South Asia,Standard Class,Cleats,10,1
1,Pacific Asia,South Asia,Standard Class,Men's Footwear,11,6
0,Pacific Asia,South Asia,Standard Class,Men's Footwear,2,3
0,Pacific Asia,Southeast Asia,Standard Class,Men's Footwear,11,5
0,Pacific Asia,Southeast Asia,Standard Class,Men's Footwear,2,2
0,Pacific Asia,West Asia,Standard Class,Cleats,10,4
0,Pacific Asia,Eastern Asia,Standard Class,Men's Footwear,1,6
0,Pacific Asia,Oceania,Standard Class,Men's Footwear,3,4
0,Pacific Asia,Oceania,Standard Class,Men's Footwear,3,4
1,Pacific Asia,Oceania,Standard Class,Women's Clothing,12,2
0,Pacific Asia,Oceania,Standard Class,Women's Clothing,2,5
0,Pacific Asia,South Asia,Standard Class,Crafts,1,2
1,Pacific Asia,South Asia,Standard Class,Men's Footwear,1,1
1,Pacific Asia,Southeast Asia,Standard Class,Cleats,2,5
1,Pacific Asia,Southeast Asia,Standard Class,Men's Footwear,11,6
1,Pacific Asia,Southeast Asia,Standard Class,Women's Clothing,2,7
1,Pacific Asia,West Asia,Standard Class,Men's Footwear,1,2
0,Pacific Asia,West Asia,Standard Class,Men's Footwear,10,7
1,Pacific Asia,Eastern Asia,Standard Class,Baby ,12,7
0,Pacific Asia,Eastern Asia,Standard Class,Cleats,11,7
0,Pacific Asia,Eastern Asia,Standard Class,Men's Footwear,1,6
0,Pacific Asia,Eastern Asia,Standard Class,Men's Footwear,2,6
0,Pacific Asia,Eastern Asia,Standard Class,Women's Clothing,2,6
1,Pacific Asia,Oceania,Standard Class,Cleats,4,6
1,Pacific Asia,Oceania,Standard Class,Men's Footwear,3,5
0,Pacific Asia,Oceania,Standard Class,Men's Footwear,3,2
1,Pacific Asia,Oceania,Standard Class,Men's Footwear,4,7
0,Pacific Asia,Oceania,Standard Class,Men's Footwear,3,4
1,Pacific Asia,Oceania,Standard Class,Women's Clothing,2,2
0,Pacific Asia,South Asia,Standard Class,Men's Footwear,1,7
0,Pacific Asia,South Asia,Standard Class,Men's Footwear,12,6
1,Pacific Asia,Southeast Asia,Standard Class,Cleats,11,5
1,Pacific Asia,Southeast Asia,Standard Class,Crafts,1,3
0,Pacific Asia,Southeast Asia,Standard Class,Men's Footwear,2,6
1,Pacific Asia,Southeast Asia,Standard Class,Men's Footwear,2,7
0,Pacific Asia,West Asia,Standard Class,Cleats,9,6
0,Pacific Asia,West Asia,Standard Class,Men's Footwear,9,4
0,Pacific Asia,West Asia,Standard Class,Men's Footwear,9,3
0,Pacific Asia,West Asia,Standard Class,Men's Footwear,10,4
0,Pacific Asia,Eastern Asia,Standard Class,Shop By Sport,3,2
0,Pacific Asia,Eastern Asia,Standard Class,Women's Apparel,2,3
0,Pacific Asia,South Asia,Standard Class,Women's Apparel,2,2
1,Pacific Asia,South Asia,Standard Class,Women's Apparel,1,2
1,Pacific Asia,Southeast Asia,Standard Class,Shop By Sport,1,3
0,Pacific Asia,West Asia,Standard Class,Women's Apparel,1,6
0,Pacific Asia,South Asia,Standard Class,Shop By Sport,1,1
0,Pacific Asia,Southeast Asia,Standard Class,Women's Apparel,2,3
1,Pacific Asia,West Asia,Standard Class,Shop By Sport,12,1
0,Pacific Asia,Eastern Asia,Standard Class,Women's Apparel,2,2
0,Pacific Asia,Oceania,Standard Class,Women's Apparel,3,3
1,Pacific Asia,Oceania,Standard Class,Women's Apparel,3,2
0,Pacific Asia,South Asia,Standard Class,Shop By Sport,9,7
0,Pacific Asia,Eastern Asia,Standard Class,Shop By Sport,2,3
0,Pacific Asia,Eastern Asia,Standard Class,Shop By Sport,1,6
0,Pacific Asia,Oceania,Standard Class,Women's Apparel,11,1
1,Pacific Asia,Oceania,Standard Class,Women's Apparel,3,2
0,Pacific Asia,Southeast Asia,Standard Class,Women's Apparel,1,4
0,Pacific Asia,West Asia,Standard Class,Women's Apparel,10,1
1,Pacific Asia,South Asia,Standard Class,Shop By Sport,1,7
0,Pacific Asia,West Asia,Standard Class,Women's Apparel,11,6
0,Pacific Asia,Oceania,Standard Class,Shop By Sport,1,6
0,Pacific Asia,Oceania,Standard Class,Women's Apparel,3,3
1,Pacific Asia,South Asia,Standard Class,Shop By Sport,11,1
0,Pacific Asia,South Asia,Standard Class,Women's Apparel,10,1
1,Pacific Asia,South Asia,Standard Class,Women's Apparel,11,2
0,Pacific Asia,Southeast Asia,Standard Class,Women's Apparel,2,2
0,Pacific Asia,West Asia,Standard Class,Women's Apparel,8,4
1,Pacific Asia,Eastern Asia,Standard Class,Women's Apparel,2,2
1,Pacific Asia,Oceania,Standard Class,Shop By Sport,3,5
0,Pacific Asia,Oceania,Standard Class,Women's Apparel,4,1
0,Pacific Asia,Oceania,Standard Class,Women's Apparel,1,6
1,Pacific Asia,West Asia,Standard Class,Girls' Apparel,10,3
0,Pacific Asia,West Asia,Standard Class,Women's Apparel,1,7
1,Pacific Asia,Eastern Asia,Standard Class,Shop By Sport,1,6
0,Pacific Asia,Southeast Asia,Standard Class,Women's Apparel,2,2
1,Pacific Asia,Eastern Asia,Standard Class,Women's Apparel,11,7
1,Pacific Asia,Oceania,Standard Class,Women's Apparel,2,4
1,Pacific Asia,Oceania,Standard Class,Women's Apparel,3,4
0,Pacific Asia,South Asia,Standard Class,Women's Apparel,10,1
0,Pacific Asia,Eastern Asia,Standard Class,Shop By Sport,11,1
0,Pacific Asia,Eastern Asia,Standard Class,Shop By Sport,3,6
1,Pacific Asia,Eastern Asia,Standard Class,Shop By Sport,3,4
0,Pacific Asia,Eastern Asia,Standard Class,Women's Apparel,3,2
0,Pacific Asia,Oceania,Standard Class,Shop By Sport,3,1
0,Pacific Asia,Southeast Asia,Standard Class,Women's Apparel,2,6
0,Pacific Asia,Oceania,Standard Class,Shop By Sport,1,1
1,Pacific Asia,Oceania,Standard Class,Women's Apparel,2,3
0,Pacific Asia,Southeast Asia,Standard Class,Women's Apparel,1,7
0,Pacific Asia,West Asia,Standard Class,Women's Apparel,11,7
0,Pacific Asia,Eastern Asia,Standard Class,Women's Apparel,1,6
1,Pacific Asia,South Asia,Standard Class,Women's Apparel,1,2
0,Pacific Asia,West Asia,Standard Class,Shop By Sport,12,1
1,Pacific Asia,South Asia,Standard Class,Women's Apparel,1,2
0,Pacific Asia,Eastern Asia,Standard Class,Trade-In,1,5
0,Pacific Asia,Oceania,Standard Class,Garden,11,7
1,Pacific Asia,Oceania,Standard Class,Electronics,12,5
1,Pacific Asia,Eastern Asia,Standard Class,Accessories,2,1
1,Pacific Asia,Eastern Asia,Standard Class,Garden,11,2
0,Pacific Asia,South Asia,Standard Class,Accessories,12,6
0,Pacific Asia,Southeast Asia,Standard Class,Garden,11,1
0,Pacific Asia,Southeast Asia,Standard Class,Garden,11,5
0,Pacific Asia,Eastern Asia,Standard Class,Garden,11,3
1,Pacific Asia,Eastern Asia,Standard Class,Garden,11,4
0,Pacific Asia,Eastern Asia,Standard Class,Garden,11,3
0,Pacific Asia,South Asia,Standard Class,Garden,11,1
0,Pacific Asia,Eastern Asia,Standard Class,Garden,1,4
1,Pacific Asia,Oceania,Standard Class,Accessories,3,2
1,Pacific Asia,Oceania,Standard Class,Garden,11,3
0,Pacific Asia,Southeast Asia,Standard Class,Garden,11,1
1,Pacific Asia,Eastern Asia,Standard Class,Electronics,12,5
0,Pacific Asia,West Asia,Standard Class,Accessories,9,4
0,Pacific Asia,Oceania,Standard Class,Garden,11,3
1,Pacific Asia,Eastern Asia,Standard Class,Garden,11,3
1,Pacific Asia,Eastern Asia,Standard Class,Garden,11,2
1,Pacific Asia,Eastern Asia,Standard Class,Garden,11,1
0,Pacific Asia,Oceania,Standard Class,Electronics,11,3
0,Pacific Asia,Oceania,Standard Class,Garden,11,7
0,Pacific Asia,West Asia,Standard Class,Trade-In,8,4
1,Pacific Asia,Oceania,Standard Class,Accessories,11,3
0,Pacific Asia,West Asia,Standard Class,Electronics,10,1
0,Pacific Asia,Eastern Asia,Standard Class,Garden,11,1
0,Pacific Asia,Oceania,Standard Class,Garden,11,5
0,Pacific Asia,South Asia,Standard Class,Trade-In,1,1
0,Pacific Asia,West Asia,Standard Class,Electronics,1,1
0,Pacific Asia,Eastern Asia,Standard Class,Garden,11,7
0,Pacific Asia,Oceania,Standard Class,Accessories,3,3
0,Pacific Asia,Southeast Asia,Standard Class,Garden,1,4
0,Pacific Asia,West Asia,Standard Class,Golf Balls,10,3
1,Pacific Asia,South Asia,Standard Class,Garden,1,1
0,Pacific Asia,Eastern Asia,Standard Class,Accessories,11,3
0,Pacific Asia,Oceania,Standard Class,Golf Balls,1,1
0,Pacific Asia,Oceania,Standard Class,Trade-In,12,3
1,Pacific Asia,Eastern Asia,Standard Class,Fishing,11,3
1,Pacific Asia,Oceania,Standard Class,Fishing,12,6
1,Pacific Asia,Southeast Asia,Standard Class,Camping & Hiking,1,1
0,Pacific Asia,Southeast Asia,Standard Class,Fishing,1,5
0,Pacific Asia,Southeast Asia,Standard Class,Fishing,1,2
1,Pacific Asia,West Asia,Standard Class,Camping & Hiking,12,5
0,Pacific Asia,South Asia,Standard Class,Women's Apparel,3,1
0,Pacific Asia,Oceania,Standard Class,Shop By Sport,11,3
1,Pacific Asia,Oceania,Standard Class,Golf Balls,11,7
1,Pacific Asia,Southeast Asia,Standard Class,Accessories,12,2
0,Pacific Asia,South Asia,Standard Class,Electronics,12,2
1,Pacific Asia,Southeast Asia,Standard Class,Golf Balls,1,3
0,Pacific Asia,Southeast Asia,Standard Class,Trade-In,1,1
1,Pacific Asia,West Asia,Standard Class,Trade-In,9,2
0,Pacific Asia,Oceania,Standard Class,Accessories,3,2
0,Pacific Asia,Oceania,Standard Class,Trade-In,3,3
0,Pacific Asia,South Asia,Standard Class,Cardio Equipment,10,4
0,Pacific Asia,Oceania,Standard Class,Cardio Equipment,2,2
0,Pacific Asia,Eastern Asia,Standard Class,Cleats,12,1
0,Pacific Asia,Southeast Asia,Standard Class,Women's Apparel,11,1
0,Pacific Asia,Southeast Asia,Standard Class,Shop By Sport,1,7
0,Pacific Asia,Eastern Asia,Standard Class,Accessories,3,5
0,USCA,South of  USA ,Standard Class,Cleats,6,2
0,USCA,US Center ,Standard Class,Cleats,5,2
0,USCA,South of  USA ,Standard Class,Shop By Sport,5,1
0,USCA,South of  USA ,Standard Class,Women's Apparel,7,5
0,USCA,South of  USA ,Standard Class,Women's Apparel,7,5
0,USCA,East of USA,Standard Class,Cardio Equipment,5,4
0,USCA,West of USA ,Standard Class,Cardio Equipment,8,2
0,USCA,West of USA ,Standard Class,Cardio Equipment,7,1
0,USCA,West of USA ,Standard Class,Cardio Equipment,4,5
0,USCA,South of  USA ,Standard Class,Boxing & MMA,5,5
1,USCA,South of  USA ,Standard Class,Cardio Equipment,7,7
0,USCA,South of  USA ,Standard Class,Cardio Equipment,8,6
0,USCA,Canada,Standard Class,Cardio Equipment,12,2
0,USCA,South of  USA ,Standard Class,Cleats,5,5
0,USCA,East of USA,Standard Class,Cleats,7,2
1,USCA,US Center ,Standard Class,Cleats,6,3
0,USCA,West of USA ,Standard Class,Cleats,8,7
1,USCA,US Center ,Standard Class,Cleats,5,3
0,USCA,West of USA ,Standard Class,Cleats,5,7
1,USCA,South of  USA ,Standard Class,Cleats,5,1
1,USCA,South of  USA ,Standard Class,Cleats,5,1
0,USCA,US Center ,Standard Class,Cleats,7,7
0,USCA,West of USA ,Standard Class,Cleats,8,2
1,USCA,South of  USA ,Standard Class,Cleats,6,3
0,USCA,East of USA,Standard Class,Women's Apparel,4,2
0,USCA,East of USA,Standard Class,Women's Apparel,5,6
0,USCA,East of USA,Standard Class,Women's Apparel,7,6
0,USCA,US Center ,Standard Class,Girls' Apparel,7,4
1,USCA,West of USA ,Standard Class,Women's Apparel,6,5
0,USCA,East of USA,Standard Class,Women's Apparel,5,3
1,USCA,West of USA ,Standard Class,Shop By Sport,7,4
1,USCA,East of USA,Standard Class,Women's Apparel,5,7
0,USCA,South of  USA ,Standard Class,Women's Apparel,7,6
0,USCA,US Center ,Standard Class,Women's Apparel,6,7
1,USCA,East of USA,Standard Class,Shop By Sport,7,4
1,USCA,US Center ,Standard Class,Women's Apparel,8,6
0,USCA,Canada,Standard Class,Women's Apparel,11,1
1,USCA,East of USA,Standard Class,Shop By Sport,4,3
0,USCA,South of  USA ,Standard Class,Shop By Sport,7,2
1,USCA,US Center ,Standard Class,Electronics,8,5
1,USCA,East of USA,Standard Class,Electronics,7,5
1,USCA,US Center ,Standard Class,Accessories,7,6
0,USCA,East of USA,Standard Class,Electronics,4,4
1,USCA,East of USA,Standard Class,Cardio Equipment,5,5
0,USCA,West of USA ,Standard Class,Cardio Equipment,7,7
0,USCA,South of  USA ,Standard Class,Fitness Accessories,6,5
1,USCA,East of USA,Standard Class,Cardio Equipment,4,5
0,USCA,US Center ,Standard Class,Electronics,6,6
0,USCA,South of  USA ,Standard Class,Cardio Equipment,6,3
0,USCA,East of USA,Standard Class,Cleats,7,7
1,USCA,East of USA,Standard Class,Cleats,6,5
1,USCA,West of USA ,Standard Class,Cleats,4,5
0,USCA,Canada,Standard Class,Cleats,11,5
0,USCA,West of USA ,Standard Class,Cleats,6,1
0,USCA,West of USA ,Standard Class,Cleats,6,5
0,USCA,West of USA ,Standard Class,Cleats,4,7
0,USCA,West of USA ,Standard Class,Cleats,7,5
0,USCA,East of USA,Standard Class,Women's Apparel,5,6
1,USCA,West of USA ,Standard Class,Shop By Sport,4,2
0,USCA,East of USA,Standard Class,Shop By Sport,6,2
1,USCA,East of USA,Standard Class,Shop By Sport,4,1
0,USCA,US Center ,Standard Class,Women's Apparel,8,2
0,USCA,South of  USA ,Standard Class,Girls' Apparel,6,2
1,USCA,US Center ,Standard Class,Women's Apparel,8,3
1,USCA,South of  USA ,Standard Class,Women's Apparel,5,7
1,USCA,East of USA,Standard Class,Women's Apparel,7,1
0,USCA,South of  USA ,Standard Class,Shop By Sport,7,4
0,USCA,East of USA,Standard Class,Women's Apparel,4,7
1,USCA,South of  USA ,Standard Class,Women's Apparel,6,5
1,USCA,East of USA,Standard Class,Women's Apparel,6,3
0,USCA,South of  USA ,Standard Class,Women's Apparel,6,4
0,USCA,US Center ,Standard Class,Accessories,7,7
0,USCA,US Center ,Standard Class,Cleats,4,2
0,USCA,East of USA,Standard Class,Cleats,6,4
0,USCA,Canada,Standard Class,Cleats,12,3
0,USCA,West of USA ,Standard Class,Cleats,4,7
0,USCA,East of USA,Standard Class,Shop By Sport,8,2
0,USCA,South of  USA ,Standard Class,Shop By Sport,5,7
0,USCA,East of USA,Standard Class,Women's Apparel,8,2
0,USCA,West of USA ,Standard Class,Accessories,6,7
0,USCA,East of USA,Standard Class,Trade-In,6,6
0,USCA,East of USA,Standard Class,Golf Balls,8,2
0,Africa,Central Africa,Standard Class,Cleats,12,2
0,Africa,East Africa,Standard Class,Cleats,1,2
0,Africa,East Africa,Standard Class,Cleats,1,2
0,Africa,West Africa,Standard Class,Women's Apparel,11,5
1,Africa,Southern Africa,Standard Class,Cardio Equipment,10,3
0,Africa,North Africa,Standard Class,Cardio Equipment,10,7
1,Africa,East Africa,Standard Class,Cleats,10,1
1,Africa,West Africa,Standard Class,Cleats,1,4
0,Africa,East Africa,Standard Class,Cleats,10,5
0,Africa,North Africa,Standard Class,Girls' Apparel,1,2
0,Africa,Central Africa,Standard Class,Women's Apparel,1,3
0,Africa,Central Africa,Standard Class,Women's Apparel,11,1
1,Africa,Southern Africa,Standard Class,Shop By Sport,10,3
0,Africa,North Africa,Standard Class,Cardio Equipment,12,3
1,Africa,West Africa,Standard Class,Cardio Equipment,10,1
0,Africa,Southern Africa,Standard Class,Cleats,9,2
1,Africa,East Africa,Standard Class,Cleats,1,2
1,Africa,Central Africa,Standard Class,Cleats,9,7
1,Africa,Central Africa,Standard Class,Cleats,1,7
1,Africa,Central Africa,Standard Class,Cleats,1,7
0,Africa,Central Africa,Standard Class,Cleats,11,1
0,Africa,North Africa,Standard Class,Women's Apparel,9,3
0,Africa,North Africa,Standard Class,Shop By Sport,12,5
0,Africa,West Africa,Standard Class,Women's Apparel,9,7
0,Africa,East Africa,Standard Class,Women's Apparel,12,2
1,Africa,Central Africa,Standard Class,Shop By Sport,11,2
0,Africa,North Africa,Standard Class,Women's Apparel,10,7
1,Africa,Central Africa,Standard Class,Trade-In,9,7
0,Africa,North Africa,Standard Class,Cardio Equipment,1,1
0,Africa,West Africa,Standard Class,Cleats,12,5
0,Africa,North Africa,Standard Class,Cleats,9,7
0,Europe,Western Europe,Standard Class,Cardio Equipment,6,5
0,Europe,Western Europe,Standard Class,Cleats,10,6
0,Europe,Western Europe,Standard Class,Cleats,9,2
0,Europe,Northern Europe,Standard Class,Shop By Sport,9,2
0,Europe,Northern Europe,Standard Class,Women's Apparel,9,2
0,Europe,Southern Europe,Standard Class,Women's Apparel,9,6
0,Europe,Eastern Europe,Standard Class,Women's Apparel,10,7
0,Europe,Western Europe,Standard Class,Cardio Equipment,9,3
0,Europe,Western Europe,Standard Class,Cardio Equipment,6,7
0,Europe,Western Europe,Standard Class,Fitness Accessories,9,2
0,Europe,Western Europe,Standard Class,Cardio Equipment,6,1
0,Europe,Western Europe,Standard Class,Fitness Accessories,8,2
1,Europe,Southern Europe,Standard Class,Cardio Equipment,6,1
0,Europe,Western Europe,Standard Class,Cardio Equipment,9,2
0,Europe,Southern Europe,Standard Class,Cleats,9,6
0,Europe,Western Europe,Standard Class,Cleats,8,2
1,Europe,Western Europe,Standard Class,Cleats,10,3
0,Europe,Western Europe,Standard Class,Cleats,6,2
0,Europe,Eastern Europe,Standard Class,Cleats,11,4
1,Europe,Northern Europe,Standard Class,Cleats,8,4
1,Europe,Western Europe,Standard Class,Cleats,8,5
0,Europe,Western Europe,Standard Class,Cleats,6,1
0,Europe,Western Europe,Standard Class,Cleats,10,5
1,Europe,Western Europe,Standard Class,Cleats,9,1
0,Europe,Southern Europe,Standard Class,Cleats,6,6
1,Europe,Northern Europe,Standard Class,Cleats,7,2
0,Europe,Western Europe,Standard Class,Cleats,9,2
0,Europe,Western Europe,Standard Class,Cleats,8,7
0,Europe,Western Europe,Standard Class,Cleats,8,2
1,Europe,Western Europe,Standard Class,Cleats,9,4
0,Europe,Southern Europe,Standard Class,Cleats,6,3
0,Europe,Western Europe,Standard Class,Cleats,6,1
0,Europe,Western Europe,Standard Class,Cleats,9,5
0,Europe,Western Europe,Standard Class,Cleats,7,5
0,Europe,Western Europe,Standard Class,Shop By Sport,8,7
0,Europe,Western Europe,Standard Class,Women's Apparel,7,4
1,Europe,Southern Europe,Standard Class,Women's Apparel,9,6
0,Europe,Western Europe,Standard Class,Shop By Sport,9,3
0,Europe,Northern Europe,Standard Class,Women's Apparel,7,2
1,Europe,Southern Europe,Standard Class,Shop By Sport,9,3
0,Europe,Southern Europe,Standard Class,Shop By Sport,6,5
1,Europe,Western Europe,Standard Class,Girls' Apparel,7,6
0,Europe,Western Europe,Standard Class,Women's Apparel,7,1
0,Europe,Southern Europe,Standard Class,Women's Apparel,6,5
0,Europe,Western Europe,Standard Class,Shop By Sport,9,3
0,Europe,Western Europe,Standard Class,Women's Apparel,8,7
1,Europe,Eastern Europe,Standard Class,Women's Apparel,10,5
1,Europe,Western Europe,Standard Class,Women's Apparel,7,2
0,Europe,Western Europe,Standard Class,Girls' Apparel,8,7
0,Europe,Western Europe,Standard Class,Women's Apparel,9,5
0,Europe,Eastern Europe,Standard Class,Women's Apparel,9,6
0,Pacific Asia,Oceania,Standard Class,Sporting Goods,12,3
1,Pacific Asia,Southeast Asia,Standard Class,Sporting Goods,12,7
1,Pacific Asia,Southeast Asia,Standard Class,Sporting Goods,12,5
0,Pacific Asia,Eastern Asia,Standard Class,Sporting Goods,12,4
0,Pacific Asia,Oceania,Standard Class,Sporting Goods,12,3
0,Pacific Asia,Southeast Asia,Standard Class,Sporting Goods,12,2
1,Pacific Asia,Oceania,Second Class,Sporting Goods,12,6
1,Pacific Asia,Oceania,Second Class,Sporting Goods,12,5
1,Pacific Asia,Eastern Asia,Second Class,Sporting Goods,12,4
0,Pacific Asia,Eastern Asia,Second Class,Sporting Goods,12,3
0,Pacific Asia,Eastern Asia,Standard Class,Sporting Goods,12,2
1,Pacific Asia,South Asia,Standard Class,Sporting Goods,12,6
1,Pacific Asia,Oceania,Standard Class,Sporting Goods,12,5
0,Pacific Asia,Oceania,Standard Class,Sporting Goods,12,4
1,Pacific Asia,Oceania,Second Class,Sporting Goods,12,3
1,Pacific Asia,Eastern Asia,First Class,Sporting Goods,12,2
1,Pacific Asia,South Asia,First Class,Sporting Goods,12,2
1,Pacific Asia,Southeast Asia,First Class,Sporting Goods,12,2
1,Pacific Asia,Southeast Asia,Second Class,Sporting Goods,12,4
1,Pacific Asia,South Asia,Second Class,Sporting Goods,12,3
1,LATAM,South America,Standard Class,Hockey,4,4
1,LATAM,Central America,First Class,Hockey,4,4
0,LATAM,Central America,Same Day,Hockey,4,2
1,LATAM,Central America,Same Day,Hockey,4,5
1,LATAM,South America,Second Class,Hockey,4,4
1,LATAM,Caribbean,Standard Class,Hockey,4,4
1,LATAM,Central America,First Class,Hockey,3,2
0,LATAM,Central America,Standard Class,Hockey,3,6
0,LATAM,Central America,Standard Class,Hockey,3,5
1,LATAM,Central America,Standard Class,Hockey,3,3
0,LATAM,Caribbean,Standard Class,Hockey,3,7
0,LATAM,South America,Standard Class,Hockey,3,2
1,LATAM,Central America,First Class,Hockey,3,7
0,LATAM,Central America,Standard Class,Hockey,3,4
1,LATAM,Caribbean,Standard Class,Hockey,3,5
0,LATAM,South America,Standard Class,Hockey,3,6
0,LATAM,Central America,Standard Class,Hockey,2,6
1,LATAM,South America,Second Class,Hockey,2,6
0,LATAM,Central America,Standard Class,Hockey,2,6
1,LATAM,South America,First Class,Hockey,2,7
1,LATAM,Central America,First Class,Hockey,2,7
0,LATAM,South America,Standard Class,Hockey,2,6
1,LATAM,South America,Standard Class,Hockey,2,4
1,LATAM,Central America,First Class,Hockey,2,1
0,LATAM,Central America,Standard Class,Hockey,2,2
1,LATAM,South America,Second Class,Hockey,2,7
1,LATAM,Central America,Standard Class,Hockey,2,2
1,LATAM,South America,First Class,Hockey,2,1
1,LATAM,South America,Standard Class,Hockey,2,1
0,LATAM,Central America,Standard Class,Hockey,1,3
0,LATAM,Central America,Second Class,Hockey,1,2
1,Africa,West Africa,Standard Class,Hockey,1,3
0,Pacific Asia,West Asia,Standard Class,Hockey,1,1
1,Africa,West Africa,Second Class,Hockey,1,1
0,Africa,West Africa,Standard Class,Hockey,1,4
0,Pacific Asia,West Asia,Standard Class,Hockey,1,2
1,Pacific Asia,West Asia,First Class,Hockey,12,6
0,Pacific Asia,West Asia,Standard Class,Hockey,12,4
0,Pacific Asia,West Asia,Same Day,Hockey,12,7
1,Africa,West Africa,First Class,Hockey,12,7
0,Africa,North Africa,Standard Class,Hockey,12,6
1,Pacific Asia,West Asia,Standard Class,Hockey,12,2
0,Pacific Asia,West Asia,Standard Class,Hockey,12,3
1,Africa,Central Africa,Second Class,Hockey,12,4
1,Africa,East Africa,Standard Class,Hockey,12,5
0,Europe,Eastern Europe,Standard Class,Hockey,12,2
0,Pacific Asia,West Asia,Standard Class,Hockey,12,7
0,Pacific Asia,West Asia,Standard Class,Hockey,12,3
1,Africa,East Africa,Second Class,Hockey,12,4
0,Africa,Central Africa,Standard Class,Hockey,12,7
1,Africa,Central Africa,Standard Class,Hockey,11,1
1,Africa,Central Africa,Standard Class,Hockey,11,2
1,Europe,Eastern Europe,Second Class,Hockey,11,6
1,Africa,Central Africa,Second Class,Hockey,11,3
0,Europe,Eastern Europe,Standard Class,Hockey,11,3
0,Africa,West Africa,Standard Class,Hockey,11,7
0,Pacific Asia,West Asia,Standard Class,Hockey,11,5
1,Europe,Eastern Europe,Standard Class,Hockey,11,7
0,Africa,West Africa,Standard Class,Hockey,11,4
1,Pacific Asia,West Asia,Second Class,Hockey,11,7
1,Pacific Asia,West Asia,Standard Class,Hockey,11,6
0,Europe,Eastern Europe,Standard Class,Hockey,10,2
1,Pacific Asia,West Asia,Second Class,Hockey,10,7
1,Pacific Asia,West Asia,Second Class,Hockey,10,3
1,Africa,West Africa,Standard Class,Hockey,10,5
1,Europe,Southern Europe,First Class,Hockey,10,5
1,USCA,Canada,First Class,Hockey,10,4
0,Africa,North Africa,Standard Class,Hockey,10,7
1,Africa,West Africa,Standard Class,Hockey,10,1
0,Europe,Eastern Europe,Same Day,Hockey,10,3
1,Europe,Eastern Europe,Second Class,Hockey,10,1
1,Africa,West Africa,Standard Class,Hockey,10,5
0,Pacific Asia,West Asia,Standard Class,Hockey,10,2
1,Pacific Asia,South Asia,Second Class,Hockey,9,7
1,Europe,Eastern Europe,Standard Class,Hockey,9,6
1,Pacific Asia,West Asia,First Class,Hockey,9,5
0,Africa,Central Africa,Standard Class,Hockey,9,2
1,Africa,West Africa,Standard Class,Hockey,9,4
0,Africa,North Africa,Same Day,Hockey,9,5
0,Pacific Asia,West Asia,Standard Class,Hockey,9,5
1,Africa,North Africa,Second Class,Hockey,8,3
0,USCA,West of USA ,Standard Class,Hockey,8,3
1,USCA,West of USA ,Standard Class,Hockey,8,4
1,USCA,US Center ,Standard Class,Hockey,8,3
0,USCA,US Center ,Standard Class,Hockey,8,1
0,USCA,West of USA ,Standard Class,Hockey,8,7
1,USCA,East of USA,Standard Class,Hockey,8,7
0,USCA,US Center ,Standard Class,Hockey,8,2
0,USCA,South of  USA ,Standard Class,Hockey,8,7
1,USCA,US Center ,First Class,Hockey,8,6
1,USCA,East of USA,Same Day,Hockey,8,4
0,USCA,US Center ,Standard Class,Hockey,8,4
1,USCA,East of USA,First Class,Hockey,8,3
0,USCA,West of USA ,Second Class,Hockey,8,7
1,USCA,West of USA ,First Class,Hockey,8,2
0,USCA,East of USA,Standard Class,Hockey,7,5
0,USCA,East of USA,Same Day,Hockey,7,7
0,USCA,South of  USA ,Standard Class,Hockey,7,6
0,USCA,West of USA ,Second Class,Hockey,7,1
0,USCA,East of USA,Standard Class,Hockey,7,2
0,USCA,US Center ,Standard Class,Hockey,7,1
0,USCA,West of USA ,Standard Class,Hockey,7,5
0,USCA,West of USA ,Standard Class,Hockey,7,4
1,USCA,West of USA ,First Class,Hockey,7,4
1,USCA,East of USA,Standard Class,Hockey,7,6
0,USCA,East of USA,Standard Class,Hockey,6,3
1,USCA,South of  USA ,Standard Class,Hockey,7,6
0,USCA,South of  USA ,Standard Class,Hockey,6,7
1,USCA,East of USA,Second Class,Hockey,6,6
0,USCA,East of USA,Standard Class,Hockey,6,7
1,USCA,South of  USA ,Second Class,Hockey,6,7
1,USCA,East of USA,Second Class,Hockey,6,5
0,USCA,West of USA ,Standard Class,Hockey,6,2
0,USCA,West of USA ,Same Day,Hockey,6,2
0,USCA,US Center ,Standard Class,Hockey,6,5
1,USCA,US Center ,Standard Class,Hockey,6,2
1,USCA,US Center ,First Class,Hockey,6,4
0,USCA,US Center ,Standard Class,Hockey,6,4
0,USCA,West of USA ,Second Class,Hockey,5,1
0,USCA,South of  USA ,Standard Class,Hockey,5,2
1,USCA,West of USA ,Second Class,Hockey,5,2
1,USCA,East of USA,Standard Class,Hockey,5,7
1,USCA,West of USA ,First Class,Hockey,5,4
0,USCA,US Center ,Standard Class,Hockey,5,3
1,USCA,South of  USA ,Standard Class,Hockey,5,4
0,USCA,West of USA ,Standard Class,Hockey,5,4
0,USCA,US Center ,Standard Class,Hockey,5,4
1,USCA,US Center ,Standard Class,Hockey,4,3
0,USCA,US Center ,Standard Class,Hockey,4,5
1,USCA,South of  USA ,First Class,Hockey,4,4
0,USCA,US Center ,Standard Class,Hockey,4,2
1,USCA,West of USA ,Standard Class,Hockey,4,2
0,USCA,US Center ,Standard Class,Hockey,4,2
0,Pacific Asia,Oceania,Second Class,Hockey,4,1
1,Pacific Asia,Oceania,Standard Class,Hockey,4,7
1,Pacific Asia,Oceania,Standard Class,Hockey,3,5
0,Pacific Asia,Oceania,Standard Class,Hockey,3,2
1,Pacific Asia,Oceania,Standard Class,Hockey,3,2
1,Pacific Asia,Eastern Asia,First Class,Hockey,3,7
1,Pacific Asia,Southeast Asia,First Class,Hockey,3,7
0,Pacific Asia,Eastern Asia,Standard Class,Hockey,3,2
0,Pacific Asia,Oceania,Standard Class,Hockey,3,1
1,Pacific Asia,Southeast Asia,First Class,Hockey,3,5
0,Pacific Asia,Oceania,Standard Class,Hockey,3,3
0,Pacific Asia,Southeast Asia,Standard Class,Hockey,2,7
0,Pacific Asia,Eastern Asia,Standard Class,Hockey,2,2
1,Pacific Asia,Oceania,Standard Class,Hockey,2,2
0,Pacific Asia,Oceania,Standard Class,Hockey,2,6
1,Pacific Asia,South Asia,First Class,Hockey,2,2
1,Pacific Asia,Southeast Asia,Second Class,Hockey,2,3
1,Pacific Asia,Southeast Asia,Second Class,Hockey,2,3
0,Pacific Asia,Oceania,Standard Class,Hockey,2,7
1,Pacific Asia,Oceania,Second Class,Hockey,2,7
1,Pacific Asia,Southeast Asia,Standard Class,Hockey,2,4
1,Pacific Asia,South Asia,Second Class,Hockey,2,3
1,Pacific Asia,Southeast Asia,Same Day,Hockey,1,5
1,Pacific Asia,South Asia,Second Class,Hockey,1,6
1,Pacific Asia,South Asia,Second Class,Hockey,1,6
1,Pacific Asia,Southeast Asia,Standard Class,Hockey,1,4
0,Pacific Asia,Oceania,Standard Class,Hockey,1,5
1,Pacific Asia,South Asia,First Class,Hockey,1,4
1,Pacific Asia,Oceania,Standard Class,Hockey,1,6
0,Pacific Asia,Oceania,Standard Class,Hockey,1,3
1,Pacific Asia,South Asia,Standard Class,Hockey,1,5
1,Pacific Asia,Oceania,Second Class,Hockey,1,4
0,Pacific Asia,Southeast Asia,Same Day,Hockey,1,5
1,Pacific Asia,Southeast Asia,Second Class,Hockey,1,4
1,Pacific Asia,Oceania,Second Class,Hockey,1,5
1,Pacific Asia,Oceania,Standard Class,Hockey,1,4
0,Pacific Asia,Eastern Asia,Standard Class,Hockey,1,1
1,Pacific Asia,Southeast Asia,First Class,Hockey,1,6
0,Pacific Asia,South Asia,Same Day,Hockey,12,2
1,Pacific Asia,Southeast Asia,First Class,Hockey,12,1
1,Pacific Asia,Eastern Asia,First Class,Hockey,12,3
1,Pacific Asia,Southeast Asia,Standard Class,Hockey,12,5
1,Pacific Asia,South Asia,Standard Class,Hockey,12,4
0,Pacific Asia,South Asia,Standard Class,Hockey,12,2
0,Pacific Asia,Southeast Asia,Second Class,Hockey,12,2
0,Pacific Asia,Eastern Asia,Standard Class,Hockey,12,2
0,Pacific Asia,Oceania,Standard Class,Hockey,12,6
1,Pacific Asia,Southeast Asia,Standard Class,Hockey,11,1
1,Pacific Asia,South Asia,Standard Class,Hockey,11,6
0,Pacific Asia,Eastern Asia,Same Day,Hockey,11,7
1,Pacific Asia,Eastern Asia,First Class,Hockey,11,1
1,Pacific Asia,Southeast Asia,Standard Class,Hockey,11,2
1,Pacific Asia,Southeast Asia,Standard Class,Hockey,11,4
1,Pacific Asia,Southeast Asia,Second Class,Hockey,11,7
1,Pacific Asia,Southeast Asia,Standard Class,Hockey,11,1
1,Pacific Asia,South Asia,First Class,Hockey,11,5
0,Pacific Asia,Oceania,Standard Class,Hockey,11,5
0,Pacific Asia,South Asia,Standard Class,Hockey,10,4
1,Pacific Asia,Oceania,Standard Class,Hockey,10,5
1,Europe,Western Europe,First Class,Hockey,10,1
0,Europe,Western Europe,Standard Class,Hockey,10,3
1,Europe,Southern Europe,Standard Class,Hockey,10,5
0,Europe,Western Europe,Standard Class,Hockey,10,1
1,Europe,Southern Europe,Standard Class,Hockey,10,3
0,Europe,Western Europe,Standard Class,Hockey,10,6
1,Europe,Southern Europe,Standard Class,Hockey,10,2
1,Europe,Northern Europe,Second Class,Hockey,10,5
0,Europe,Western Europe,Standard Class,Hockey,10,7
0,Europe,Western Europe,Standard Class,Hockey,10,5
1,Europe,Western Europe,Standard Class,Hockey,10,2
1,Europe,Northern Europe,Standard Class,Hockey,10,6
1,Europe,Southern Europe,Standard Class,Hockey,9,2
0,Europe,Western Europe,Standard Class,Hockey,9,4
1,Europe,Western Europe,Standard Class,Hockey,9,3
0,Europe,Southern Europe,Standard Class,Hockey,9,6
0,Europe,Southern Europe,Standard Class,Hockey,9,3
0,Europe,Northern Europe,Standard Class,Hockey,9,5
0,Europe,Western Europe,Standard Class,Hockey,9,6
0,Europe,Western Europe,Standard Class,Hockey,9,6
0,Europe,Western Europe,Standard Class,Hockey,8,1
0,Europe,Western Europe,Standard Class,Hockey,8,1
0,Europe,Western Europe,Standard Class,Hockey,8,7
0,Europe,Southern Europe,Standard Class,Hockey,8,1
0,Europe,Western Europe,Second Class,Hockey,8,5
0,Europe,Western Europe,Standard Class,Hockey,8,6
0,Europe,Southern Europe,Standard Class,Hockey,8,3
0,Europe,Western Europe,Standard Class,Hockey,8,7
0,Europe,Western Europe,Standard Class,Hockey,8,6
0,Europe,Southern Europe,Standard Class,Hockey,8,4
1,Europe,Western Europe,Second Class,Hockey,8,5
1,Europe,Western Europe,First Class,Hockey,8,7
1,Europe,Western Europe,Second Class,Hockey,8,7
1,Europe,Northern Europe,Standard Class,Hockey,8,3
0,Europe,Western Europe,Standard Class,Hockey,8,5
0,Europe,Northern Europe,Standard Class,Hockey,7,2
0,Europe,Northern Europe,Standard Class,Hockey,7,2
1,Europe,Western Europe,First Class,Hockey,7,1
0,Europe,Southern Europe,Standard Class,Hockey,7,2
0,Europe,Southern Europe,Standard Class,Hockey,7,2
1,Europe,Western Europe,First Class,Hockey,7,6
0,Europe,Western Europe,Standard Class,Hockey,7,6
1,Europe,Western Europe,First Class,Hockey,7,5
1,Europe,Northern Europe,First Class,Hockey,7,5
1,Europe,Western Europe,Second Class,Hockey,7,7
0,Europe,Southern Europe,Standard Class,Hockey,7,4
0,Europe,Western Europe,Standard Class,Hockey,6,7
1,Europe,Western Europe,Same Day,Hockey,6,3
1,Europe,Western Europe,Standard Class,Hockey,6,1
1,Europe,Western Europe,Second Class,Hockey,6,2
1,Europe,Western Europe,Second Class,Hockey,6,6
0,Europe,Western Europe,Standard Class,Hockey,6,4
0,Europe,Southern Europe,Standard Class,Hockey,6,1
1,Europe,Northern Europe,Second Class,Hockey,6,7
1,Europe,Southern Europe,Standard Class,Hockey,6,1
0,Europe,Western Europe,Standard Class,Hockey,6,5
0,LATAM,South America,Same Day,Hockey,5,7
1,LATAM,South America,First Class,Hockey,5,7
1,LATAM,Central America,Second Class,Hockey,5,1
0,LATAM,Central America,Standard Class,Hockey,5,5
0,LATAM,South America,Standard Class,Hockey,5,5
0,LATAM,Central America,Standard Class,Hockey,5,1
1,LATAM,South America,Standard Class,Hockey,5,4
1,LATAM,Central America,Standard Class,Hockey,5,3
1,LATAM,South America,Second Class,Hockey,5,7
0,LATAM,Central America,Standard Class,Hockey,5,6
0,LATAM,Central America,Standard Class,Hockey,5,6
0,LATAM,South America,Same Day,Hockey,5,1
0,LATAM,South America,Standard Class,Hockey,5,2
0,LATAM,Caribbean,Standard Class,Hockey,5,6
1,LATAM,Central America,Second Class,Hockey,5,5
1,LATAM,South America,First Class,Hockey,5,2
1,LATAM,South America,Standard Class,Hockey,5,4
0,LATAM,Caribbean,Standard Class,Hockey,5,7
0,LATAM,Central America,Standard Class,Hockey,4,6
1,LATAM,Central America,First Class,Hockey,4,2
0,LATAM,Central America,Standard Class,Hockey,4,3
0,LATAM,Central America,Standard Class,Hockey,4,1
0,LATAM,Central America,Second Class,Hockey,4,3
0,LATAM,Caribbean,Standard Class,Hockey,3,5
0,LATAM,Caribbean,Second Class,Hockey,3,2
0,LATAM,Central America,Same Day,Hockey,3,6
1,LATAM,Central America,Standard Class,Hockey,3,7
1,LATAM,Central America,Standard Class,Hockey,3,4
1,LATAM,South America,Standard Class,Hockey,3,6
1,LATAM,Central America,Standard Class,Hockey,3,4
1,LATAM,Caribbean,Standard Class,Hockey,3,3
0,LATAM,Caribbean,Standard Class,Hockey,3,1
0,LATAM,South America,Standard Class,Hockey,2,6
0,LATAM,Caribbean,Standard Class,Hockey,2,3
0,LATAM,South America,Standard Class,Hockey,2,7
1,LATAM,South America,First Class,Hockey,2,5
0,LATAM,Caribbean,Same Day,Hockey,2,7
1,LATAM,Central America,First Class,Hockey,2,1
1,LATAM,Central America,First Class,Hockey,2,1
1,LATAM,Caribbean,Standard Class,Hockey,2,4
0,LATAM,Central America,Standard Class,Hockey,2,7
0,LATAM,Caribbean,Standard Class,Hockey,2,1
0,LATAM,South America,Standard Class,Hockey,2,7
1,LATAM,South America,First Class,Hockey,2,4
1,LATAM,South America,First Class,Hockey,2,3
1,LATAM,Central America,Standard Class,Hockey,2,7
0,LATAM,Central America,Standard Class,Hockey,2,7
1,LATAM,Central America,First Class,Hockey,2,7
1,LATAM,Central America,First Class,Hockey,2,5
0,LATAM,Caribbean,Standard Class,Hockey,2,5
0,LATAM,Central America,Same Day,Hockey,1,6
1,LATAM,Caribbean,Standard Class,Hockey,1,4
1,LATAM,Central America,Second Class,Hockey,1,2
0,LATAM,South America,Standard Class,Hockey,1,5
0,LATAM,Central America,Standard Class,Hockey,1,2
0,LATAM,Caribbean,Standard Class,Hockey,1,5
0,LATAM,South America,Standard Class,Hockey,1,4
0,LATAM,Caribbean,Standard Class,Hockey,1,3
0,LATAM,South America,Standard Class,Hockey,1,2
0,LATAM,Caribbean,Standard Class,Hockey,1,1
0,LATAM,South America,Second Class,Hockey,4,2
0,LATAM,South America,Standard Class,Hockey,4,6
1,LATAM,Central America,Same Day,Hockey,4,5
1,LATAM,Caribbean,First Class,Hockey,4,6
1,LATAM,South America,Same Day,Hockey,4,1
0,LATAM,Central America,Standard Class,Hockey,4,1
0,LATAM,Caribbean,Standard Class,Hockey,4,7
0,LATAM,Central America,Second Class,Hockey,4,6
1,LATAM,Central America,First Class,Hockey,4,7
0,LATAM,Central America,Same Day,Hockey,3,6
1,LATAM,Central America,First Class,Hockey,3,7
1,LATAM,Central America,Second Class,Hockey,3,5
0,LATAM,Central America,Standard Class,Hockey,3,2
0,LATAM,Central America,Standard Class,Hockey,2,3
1,LATAM,Central America,First Class,Hockey,2,1
1,LATAM,Central America,First Class,Hockey,2,1
1,LATAM,Central America,Second Class,Hockey,2,7
1,LATAM,South America,Same Day,Hockey,2,6
0,LATAM,South America,Standard Class,Hockey,2,1
1,LATAM,South America,Standard Class,Hockey,2,7
1,LATAM,Caribbean,Standard Class,Hockey,2,7
1,LATAM,South America,Same Day,Hockey,2,2
1,LATAM,Central America,Standard Class,Hockey,2,7
0,LATAM,South America,Standard Class,Hockey,2,5
0,Africa,Central Africa,Standard Class,Hockey,1,5
1,Europe,Northern Europe,Standard Class,Hockey,1,4
1,Pacific Asia,West Asia,First Class,Hockey,1,5
1,Pacific Asia,West Asia,Standard Class,Hockey,1,7
0,Africa,Southern Africa,Standard Class,Hockey,1,1
0,Africa,West Africa,Standard Class,Hockey,1,2
1,Africa,North Africa,First Class,Hockey,12,7
0,Europe,Eastern Europe,Same Day,Hockey,12,6
0,Africa,Southern Africa,Standard Class,Hockey,12,1
0,Europe,Eastern Europe,Standard Class,Hockey,12,4
1,Africa,North Africa,Second Class,Hockey,12,6
1,Europe,Eastern Europe,First Class,Hockey,12,5
1,Africa,East Africa,Same Day,Hockey,11,3
1,Africa,East Africa,Standard Class,Hockey,12,6
1,Pacific Asia,West Asia,Same Day,Hockey,11,1
1,Africa,North Africa,First Class,Hockey,11,3
0,Africa,Central Africa,Standard Class,Hockey,11,2
1,Pacific Asia,West Asia,Standard Class,Hockey,11,5
0,Pacific Asia,West Asia,Standard Class,Hockey,11,7
0,Africa,Central Africa,Standard Class,Hockey,11,4
0,Europe,Eastern Europe,Standard Class,Hockey,11,1
0,Africa,North Africa,Second Class,Hockey,11,7
0,Pacific Asia,West Asia,Standard Class,Hockey,11,3
0,Europe,Eastern Europe,Standard Class,Men's Footwear,12,4
0,Europe,Southern Europe,Standard Class,Men's Footwear,9,3
1,Europe,Western Europe,Standard Class,Cleats,6,4
0,Europe,Western Europe,Standard Class,Men's Footwear,9,4
1,Europe,Northern Europe,Standard Class,Men's Footwear,7,2
0,Europe,Southern Europe,Standard Class,Cleats,8,6
0,Europe,Southern Europe,Standard Class,Men's Footwear,9,3
0,Europe,Western Europe,Standard Class,Cleats,9,7
0,Europe,Western Europe,Standard Class,Men's Footwear,9,4
1,Europe,Western Europe,Standard Class,Men's Footwear,8,6
0,Europe,Western Europe,Standard Class,Men's Footwear,9,1
1,Europe,Northern Europe,Standard Class,Men's Footwear,9,4
1,Europe,Western Europe,Standard Class,Children's Clothing,10,3
1,Europe,Eastern Europe,Standard Class,Women's Apparel,11,1
1,Europe,Northern Europe,Standard Class,Women's Apparel,9,2
0,Europe,Western Europe,Standard Class,Shop By Sport,6,3
0,Europe,Western Europe,Standard Class,Women's Apparel,9,2
0,Europe,Western Europe,Standard Class,Shop By Sport,6,3
1,Europe,Western Europe,Standard Class,Women's Apparel,10,1
0,Europe,Western Europe,Standard Class,Women's Apparel,10,1
1,Europe,Western Europe,Standard Class,Women's Apparel,8,7
0,Europe,Southern Europe,Standard Class,Women's Apparel,6,3
1,Europe,Western Europe,Standard Class,Women's Apparel,7,3
0,Europe,Western Europe,Standard Class,Women's Apparel,9,3
1,Europe,Western Europe,Standard Class,Shop By Sport,10,3
1,Europe,Western Europe,Standard Class,Women's Apparel,7,3
1,Europe,Northern Europe,Standard Class,Shop By Sport,8,5
0,Europe,Western Europe,Standard Class,Shop By Sport,10,6
1,Europe,Western Europe,Standard Class,Women's Apparel,9,5
0,Europe,Western Europe,Standard Class,Women's Apparel,8,4
0,Europe,Western Europe,Standard Class,Shop By Sport,8,3
0,Europe,Western Europe,Standard Class,Women's Apparel,7,1
0,Europe,Western Europe,Standard Class,Women's Apparel,7,5
0,Europe,Eastern Europe,Standard Class,Women's Apparel,10,2
1,Europe,Northern Europe,Standard Class,Shop By Sport,8,5
0,Europe,Eastern Europe,Standard Class,Women's Apparel,11,2
1,Europe,Western Europe,Standard Class,Girls' Apparel,9,4
1,Europe,Eastern Europe,Standard Class,Women's Apparel,1,5
0,Europe,Western Europe,Standard Class,Women's Apparel,9,5
1,Europe,Western Europe,Standard Class,Women's Apparel,9,4
1,Europe,Eastern Europe,Standard Class,Accessories,12,2
0,Europe,Northern Europe,Standard Class,Kids' Golf Clubs,9,3
0,Europe,Western Europe,Standard Class,Kids' Golf Clubs,9,2
1,Europe,Southern Europe,Standard Class,Camping & Hiking,10,7
1,Europe,Southern Europe,Standard Class,Camping & Hiking,8,4
1,Europe,Western Europe,Standard Class,Camping & Hiking,7,3
0,Europe,Western Europe,Standard Class,Fishing,10,2
1,Europe,Western Europe,Standard Class,Fishing,9,5
0,Europe,Southern Europe,Standard Class,Fishing,10,1
0,Europe,Western Europe,Standard Class,Camping & Hiking,7,2
0,Europe,Western Europe,Standard Class,Camping & Hiking,10,5
1,Europe,Eastern Europe,Standard Class,Camping & Hiking,9,6
1,Europe,Northern Europe,Standard Class,Camping & Hiking,7,6
0,Europe,Western Europe,Standard Class,Camping & Hiking,9,6
1,Europe,Western Europe,Standard Class,Camping & Hiking,8,7
1,Europe,Western Europe,Standard Class,Camping & Hiking,8,2
0,Europe,Western Europe,Standard Class,Camping & Hiking,10,6
0,Europe,Western Europe,Standard Class,Camping & Hiking,7,5
0,Europe,Western Europe,Standard Class,Camping & Hiking,9,2
1,Europe,Western Europe,Standard Class,Fishing,9,4
1,Europe,Southern Europe,Standard Class,Camping & Hiking,9,2
0,Europe,Southern Europe,Standard Class,Camping & Hiking,6,3
1,Europe,Western Europe,Standard Class,Fishing,9,4
1,Europe,Western Europe,Standard Class,Fishing,9,5
1,Europe,Northern Europe,Standard Class,Camping & Hiking,10,3
0,Europe,Northern Europe,Standard Class,Fishing,10,2
0,Europe,Southern Europe,Standard Class,Camping & Hiking,6,3
1,Europe,Western Europe,Standard Class,Camping & Hiking,8,3
0,Europe,Western Europe,Standard Class,Camping & Hiking,10,1
1,Europe,Western Europe,Standard Class,Camping & Hiking,7,1
1,Europe,Western Europe,Standard Class,Fishing,6,6
0,Europe,Northern Europe,Standard Class,Fishing,10,2
1,Europe,Western Europe,Standard Class,Camping & Hiking,7,4
1,Europe,Western Europe,Standard Class,Fishing,8,2
1,Europe,Northern Europe,Standard Class,Fishing,10,5
1,Europe,Southern Europe,Standard Class,Fishing,8,4
1,Europe,Western Europe,Standard Class,Fishing,9,4
1,Europe,Western Europe,Standard Class,Fishing,7,3
0,Europe,Northern Europe,Standard Class,Camping & Hiking,8,7
1,Europe,Southern Europe,Standard Class,Camping & Hiking,9,4
1,Europe,Southern Europe,Standard Class,Fishing,7,4
1,Europe,Western Europe,Standard Class,Fishing,8,6
0,Europe,Northern Europe,Standard Class,Hunting & Shooting,8,4
1,Europe,Northern Europe,Standard Class,Camping & Hiking,9,4
1,Europe,Southern Europe,Standard Class,Camping & Hiking,9,7
0,Europe,Western Europe,Standard Class,Camping & Hiking,9,3
0,Europe,Eastern Europe,Standard Class,Camping & Hiking,12,4
0,Europe,Northern Europe,Standard Class,Camping & Hiking,10,2
0,Europe,Western Europe,Standard Class,Camping & Hiking,9,4
1,Europe,Western Europe,Standard Class,Fishing,8,2
1,Europe,Southern Europe,Standard Class,Fishing,9,7
0,Europe,Western Europe,Standard Class,Camping & Hiking,6,1
1,Europe,Western Europe,Standard Class,Camping & Hiking,9,5
1,Europe,Western Europe,Standard Class,Books ,10,1
0,Europe,Western Europe,Standard Class,Books ,10,7
0,Europe,Northern Europe,Standard Class,Books ,10,1
0,Europe,Western Europe,Standard Class,Books ,10,5
0,Europe,Western Europe,Standard Class,Books ,10,3
0,Europe,Northern Europe,Standard Class,Books ,10,5
0,Europe,Northern Europe,Standard Class,Books ,10,7
1,Europe,Western Europe,Standard Class,Books ,10,5
1,Europe,Southern Europe,Standard Class,Books ,10,3
1,Europe,Western Europe,Standard Class,DVDs,11,3
1,LATAM,South America,Standard Class,Cardio Equipment,3,5
0,LATAM,Central America,Standard Class,Cardio Equipment,4,6
1,LATAM,Central America,Standard Class,Camping & Hiking,3,6
1,LATAM,South America,Standard Class,Fishing,3,5
0,LATAM,Caribbean,Standard Class,Fishing,5,5
0,LATAM,Caribbean,Standard Class,Camping & Hiking,5,5
0,LATAM,South America,Standard Class,Baseball & Softball,4,5
0,LATAM,South America,Standard Class,Cardio Equipment,1,5
0,LATAM,Central America,Standard Class,Cardio Equipment,2,4
1,LATAM,Caribbean,Standard Class,Cardio Equipment,4,7
0,LATAM,Central America,Standard Class,Cardio Equipment,5,4
0,LATAM,Central America,Standard Class,Cardio Equipment,2,4
0,LATAM,Caribbean,Standard Class,Cardio Equipment,4,5
0,LATAM,Caribbean,Standard Class,Cardio Equipment,3,6
0,LATAM,South America,Standard Class,Cardio Equipment,1,5
1,LATAM,Caribbean,Standard Class,Men's Footwear,3,2
1,LATAM,Central America,Standard Class,Men's Footwear,6,4
0,LATAM,Central America,Standard Class,Men's Footwear,5,4
0,LATAM,Central America,Standard Class,Men's Footwear,2,5
1,LATAM,South America,Standard Class,Men's Footwear,2,4
0,LATAM,Central America,Standard Class,Men's Footwear,4,5
0,LATAM,Central America,Standard Class,Men's Footwear,1,3
0,LATAM,South America,Standard Class,Men's Footwear,1,4
1,LATAM,Central America,Standard Class,Cleats,4,5
0,LATAM,Central America,Standard Class,Men's Footwear,5,3
1,LATAM,Central America,Standard Class,Men's Footwear,4,6
0,LATAM,South America,Standard Class,Men's Footwear,4,2
1,LATAM,Central America,Standard Class,Men's Footwear,6,6
0,LATAM,Central America,Standard Class,Men's Footwear,5,3
0,LATAM,Central America,Standard Class,Men's Footwear,5,3
0,LATAM,South America,Standard Class,Men's Footwear,3,3
0,LATAM,Caribbean,Standard Class,Cleats,1,4
1,LATAM,Central America,Standard Class,Men's Footwear,5,1
0,LATAM,South America,Standard Class,Men's Footwear,5,2
1,LATAM,South America,Standard Class,Men's Footwear,2,4
0,LATAM,South America,Standard Class,Men's Footwear,4,5
1,LATAM,Caribbean,Standard Class,Men's Footwear,2,4
1,LATAM,Central America,Standard Class,Cleats,4,6
1,LATAM,Caribbean,Standard Class,Men's Footwear,4,7
1,LATAM,Caribbean,Standard Class,Men's Footwear,3,6
1,LATAM,Central America,Standard Class,Cleats,4,6
1,LATAM,Central America,Standard Class,Men's Footwear,4,6
0,LATAM,Central America,Standard Class,Men's Footwear,4,2
1,LATAM,Central America,Standard Class,Men's Footwear,2,4
1,LATAM,Caribbean,Standard Class,Men's Footwear,4,7
0,LATAM,Central America,Standard Class,Men's Footwear,4,2
1,LATAM,Central America,Standard Class,Men's Footwear,3,3
1,LATAM,Central America,Standard Class,Men's Footwear,5,3
1,LATAM,South America,Standard Class,Cleats,4,6
0,LATAM,South America,Standard Class,Cleats,6,2
0,LATAM,Caribbean,Standard Class,Men's Footwear,5,5
1,LATAM,South America,Standard Class,Cleats,3,6
0,LATAM,Caribbean,Standard Class,Men's Footwear,5,5
0,LATAM,Central America,Standard Class,Cleats,2,1
1,LATAM,Central America,Standard Class,Men's Footwear,3,5
1,LATAM,South America,Standard Class,Cleats,6,5
0,LATAM,South America,Standard Class,Cleats,1,5
1,LATAM,Central America,Standard Class,Cleats,3,3
1,LATAM,Central America,Standard Class,Men's Footwear,6,5
1,LATAM,Central America,Standard Class,Men's Footwear,3,3
1,LATAM,South America,Standard Class,Cleats,6,5
0,LATAM,South America,Standard Class,Men's Footwear,2,5
0,LATAM,Caribbean,Standard Class,Men's Footwear,1,4
1,LATAM,Central America,Standard Class,Cleats,5,1
0,LATAM,Central America,Standard Class,Cleats,4,5
1,LATAM,Central America,Standard Class,Cleats,3,5
1,LATAM,Central America,Standard Class,Men's Footwear,6,5
0,LATAM,Central America,Standard Class,Men's Footwear,4,2
1,LATAM,Central America,Standard Class,Men's Footwear,3,6
0,LATAM,Central America,Standard Class,Men's Footwear,3,7
0,LATAM,Central America,Standard Class,Men's Footwear,3,7
0,LATAM,South America,Standard Class,Men's Footwear,6,1
0,LATAM,Caribbean,Standard Class,Men's Footwear,3,6
1,LATAM,Central America,Standard Class,Men's Footwear,3,6
1,LATAM,Central America,Standard Class,Men's Footwear,3,3
0,LATAM,Central America,Standard Class,Men's Footwear,1,2
1,LATAM,South America,Standard Class,Cleats,4,4
0,LATAM,South America,Standard Class,Men's Footwear,3,1
0,LATAM,South America,Standard Class,Men's Footwear,5,2
0,LATAM,South America,Standard Class,Men's Footwear,2,4
1,LATAM,Central America,Standard Class,Men's Footwear,5,6
0,LATAM,Central America,Standard Class,Men's Footwear,5,1
1,LATAM,South America,Standard Class,Men's Footwear,2,4
1,LATAM,South America,Standard Class,Men's Footwear,4,2
1,LATAM,South America,Standard Class,Men's Footwear,3,6
0,LATAM,South America,Standard Class,Men's Footwear,2,3
0,LATAM,South America,Standard Class,Men's Footwear,2,4
0,LATAM,South America,Standard Class,Women's Apparel,1,5
1,LATAM,Caribbean,Standard Class,Women's Apparel,2,4
0,LATAM,Central America,Standard Class,Women's Apparel,1,2
0,LATAM,Caribbean,Standard Class,Women's Apparel,4,4
0,LATAM,Central America,Standard Class,Shop By Sport,2,4
1,LATAM,Central America,Standard Class,Women's Apparel,6,6
0,LATAM,Central America,Standard Class,Women's Apparel,2,4
0,LATAM,South America,Standard Class,Women's Apparel,2,5
1,LATAM,Central America,Standard Class,Shop By Sport,6,6
0,LATAM,Central America,Standard Class,Shop By Sport,5,4
1,LATAM,South America,Standard Class,Women's Apparel,6,3
1,LATAM,Caribbean,Standard Class,Women's Apparel,3,6
1,LATAM,Central America,Standard Class,Shop By Sport,3,3
0,LATAM,Central America,Standard Class,Women's Apparel,1,2
0,LATAM,Central America,Standard Class,Shop By Sport,2,3
0,LATAM,South America,Standard Class,Women's Apparel,3,2
1,LATAM,Central America,Standard Class,Electronics,2,7
0,LATAM,Central America,Standard Class,Golf Balls,1,2
0,LATAM,Central America,Standard Class,Electronics,1,4
1,LATAM,Caribbean,Standard Class,Camping & Hiking,2,4
0,LATAM,Central America,Standard Class,Camping & Hiking,2,1
1,LATAM,Central America,Standard Class,Camping & Hiking,4,4
1,LATAM,Central America,Standard Class,Fishing,5,1
0,LATAM,Central America,Standard Class,Fishing,4,3
0,LATAM,South America,Standard Class,Fishing,6,2
1,LATAM,Caribbean,Standard Class,Camping & Hiking,3,2
1,LATAM,Central America,Standard Class,Camping & Hiking,3,6
0,LATAM,Central America,Standard Class,Fishing,3,2
0,LATAM,South America,Standard Class,Fishing,6,2
1,LATAM,Central America,Standard Class,Camping & Hiking,4,6
1,LATAM,Central America,Standard Class,Camping & Hiking,5,1
0,LATAM,South America,Standard Class,Camping & Hiking,2,5
0,LATAM,Caribbean,Standard Class,Camping & Hiking,4,6
1,LATAM,Central America,Standard Class,Camping & Hiking,3,4
1,LATAM,Central America,Standard Class,Fishing,5,6
0,LATAM,Central America,Standard Class,Fishing,2,4
0,LATAM,Caribbean,Standard Class,Camping & Hiking,4,6
0,LATAM,Caribbean,Standard Class,Camping & Hiking,5,2
1,LATAM,Caribbean,Standard Class,Fishing,4,4
0,LATAM,Central America,Standard Class,Camping & Hiking,3,2
1,LATAM,Central America,Standard Class,Camping & Hiking,3,5
1,LATAM,Central America,Standard Class,Fishing,1,6
0,LATAM,South America,Standard Class,Fishing,4,5
0,LATAM,South America,Standard Class,Fishing,3,1
1,LATAM,South America,Standard Class,Fishing,3,6
0,LATAM,Central America,Standard Class,Camping & Hiking,4,2
0,LATAM,Central America,Standard Class,Fishing,1,2
1,LATAM,South America,Standard Class,Fishing,1,6
0,LATAM,Caribbean,Standard Class,Camping & Hiking,4,5
1,LATAM,Caribbean,Standard Class,Fishing,3,6
0,LATAM,Central America,Standard Class,Camping & Hiking,2,1
1,LATAM,Central America,Standard Class,Fishing,5,6
0,LATAM,Central America,Standard Class,Fishing,4,1
1,LATAM,Caribbean,Standard Class,Fishing,3,6
0,LATAM,Central America,Standard Class,Camping & Hiking,1,4
1,LATAM,Central America,Standard Class,Camping & Hiking,6,4
0,LATAM,Central America,Standard Class,Camping & Hiking,1,4
0,LATAM,South America,Standard Class,Camping & Hiking,1,5
0,LATAM,Central America,Standard Class,Camping & Hiking,4,6
0,LATAM,Central America,Standard Class,Fishing,1,1
1,LATAM,Central America,Standard Class,Camping & Hiking,1,7
0,LATAM,Central America,Standard Class,Fishing,2,2
0,LATAM,Central America,Standard Class,Fishing,1,1
0,LATAM,South America,Standard Class,Camping & Hiking,3,6
0,LATAM,South America,Standard Class,Camping & Hiking,3,3
0,LATAM,South America,Standard Class,Camping & Hiking,3,3
1,LATAM,South America,Standard Class,Camping & Hiking,2,1
1,LATAM,Central America,Standard Class,Camping & Hiking,2,1
1,LATAM,Caribbean,Standard Class,Camping & Hiking,4,4
0,LATAM,Caribbean,Standard Class,Fishing,5,4
0,LATAM,Central America,Standard Class,Camping & Hiking,1,2
0,LATAM,South America,Standard Class,Camping & Hiking,1,5
1,LATAM,Central America,Standard Class,Camping & Hiking,6,3
0,LATAM,Central America,Standard Class,Camping & Hiking,6,5
0,LATAM,South America,Standard Class,Camping & Hiking,3,7
0,LATAM,South America,Standard Class,Camping & Hiking,2,5
0,LATAM,Central America,Standard Class,Camping & Hiking,3,2
1,LATAM,Caribbean,Standard Class,Camping & Hiking,2,4
0,LATAM,Central America,Standard Class,Camping & Hiking,2,5
0,LATAM,Central America,Standard Class,Camping & Hiking,5,1
0,LATAM,Central America,Standard Class,Camping & Hiking,2,2
1,LATAM,South America,Standard Class,Camping & Hiking,3,5
0,LATAM,South America,Standard Class,Camping & Hiking,3,6
1,LATAM,South America,Standard Class,Camping & Hiking,1,6
0,Pacific Asia,West Asia,Standard Class,Cleats,10,1
1,Pacific Asia,Oceania,Standard Class,Cleats,11,2
1,Pacific Asia,Oceania,Standard Class,Men's Footwear,11,2
1,Pacific Asia,Oceania,Standard Class,Men's Footwear,11,2
1,Pacific Asia,South Asia,Standard Class,Shop By Sport,2,5
1,Pacific Asia,West Asia,Standard Class,Camping & Hiking,10,7
1,Pacific Asia,Southeast Asia,Standard Class,Computers,12,5
0,Pacific Asia,Oceania,Standard Class,Pet Supplies,1,5
0,Pacific Asia,Eastern Asia,Standard Class,Pet Supplies,1,7
0,Pacific Asia,Eastern Asia,Standard Class,Pet Supplies,12,7
1,Pacific Asia,Eastern Asia,Standard Class,Health and Beauty,11,6
0,Pacific Asia,South Asia,Standard Class,Health and Beauty,11,4
0,Pacific Asia,South Asia,Standard Class,Cardio Equipment,1,1
0,Pacific Asia,Central Asia,Standard Class,Electronics,9,7
1,Pacific Asia,South Asia,Standard Class,Cardio Equipment,2,5
1,Pacific Asia,South Asia,Standard Class,Cardio Equipment,2,5
1,Pacific Asia,West Asia,Standard Class,Cardio Equipment,12,3
0,Pacific Asia,Oceania,Standard Class,Cardio Equipment,12,4
1,Pacific Asia,South Asia,Standard Class,Cardio Equipment,1,6
1,Pacific Asia,Central Asia,Standard Class,Men's Footwear,9,2
1,Pacific Asia,Eastern Asia,Standard Class,Cleats,3,6
0,Pacific Asia,Eastern Asia,Standard Class,Men's Footwear,2,3
1,Pacific Asia,Eastern Asia,Standard Class,Crafts,1,4
0,Pacific Asia,Oceania,Standard Class,Cleats,3,1
0,Pacific Asia,Oceania,Standard Class,Cleats,10,7
1,Pacific Asia,Oceania,Standard Class,Men's Footwear,3,1
0,Pacific Asia,South Asia,Standard Class,Men's Footwear,2,5
1,Pacific Asia,South Asia,Standard Class,Men's Footwear,12,3
1,Pacific Asia,South Asia,Standard Class,Men's Footwear,11,7
0,Pacific Asia,Southeast Asia,Standard Class,Men's Footwear,1,3
1,Pacific Asia,Southeast Asia,Standard Class,Men's Footwear,12,2
0,Pacific Asia,South Asia,Standard Class,Men's Footwear,11,4
1,Pacific Asia,South Asia,Standard Class,Men's Footwear,12,3
1,Pacific Asia,Southeast Asia,Standard Class,Cleats,1,7
0,Pacific Asia,Central Asia,Standard Class,Cleats,9,7
0,Pacific Asia,South Asia,Standard Class,Cleats,12,7
0,Pacific Asia,South Asia,Standard Class,Men's Footwear,11,4
0,Pacific Asia,South Asia,Standard Class,Men's Footwear,2,1
1,Pacific Asia,Central Asia,Standard Class,Men's Footwear,1,1
1,Pacific Asia,Eastern Asia,Standard Class,Men's Footwear,12,7
1,Pacific Asia,Southeast Asia,Standard Class,Cleats,1,2
0,Pacific Asia,Eastern Asia,Standard Class,Men's Footwear,2,1
0,Pacific Asia,Eastern Asia,Standard Class,Men's Footwear,1,5
0,Pacific Asia,Eastern Asia,Standard Class,Men's Footwear,11,7
0,Pacific Asia,South Asia,Standard Class,Men's Footwear,1,1
1,Pacific Asia,Oceania,Standard Class,Cleats,3,2
1,Pacific Asia,Eastern Asia,Standard Class,Cleats,11,4
1,Pacific Asia,Oceania,Standard Class,Cleats,2,4
0,Pacific Asia,Oceania,Standard Class,Men's Footwear,12,2
0,Pacific Asia,Oceania,Standard Class,Women's Clothing,2,5
1,Pacific Asia,Southeast Asia,Standard Class,Men's Footwear,1,7
1,Pacific Asia,Oceania,Standard Class,Cleats,12,3
1,Pacific Asia,Oceania,Standard Class,Men's Footwear,4,1
1,Pacific Asia,South Asia,Standard Class,Men's Footwear,1,7
0,Pacific Asia,Eastern Asia,Standard Class,Men's Footwear,12,7
0,Pacific Asia,Oceania,Standard Class,Crafts,1,4
1,Pacific Asia,Oceania,Standard Class,Men's Footwear,4,1
0,Pacific Asia,Oceania,Standard Class,Men's Footwear,2,2
0,Pacific Asia,Southeast Asia,Standard Class,Men's Footwear,11,5
0,Pacific Asia,Southeast Asia,Standard Class,Men's Footwear,11,3
0,Pacific Asia,Central Asia,Standard Class,Men's Footwear,11,3
1,Pacific Asia,Eastern Asia,Standard Class,Men's Footwear,3,6
0,Pacific Asia,Oceania,Standard Class,Men's Footwear,3,4
0,Pacific Asia,Oceania,Standard Class,Men's Footwear,11,5
1,Pacific Asia,South Asia,Standard Class,Men's Footwear,11,3
0,Pacific Asia,Southeast Asia,Standard Class,Cleats,11,5
1,Pacific Asia,Southeast Asia,Standard Class,Men's Footwear,1,4
0,Pacific Asia,West Asia,Standard Class,Men's Footwear,10,7
0,Pacific Asia,Eastern Asia,Standard Class,Men's Footwear,11,4
0,Pacific Asia,Oceania,Standard Class,Men's Footwear,3,4
0,Pacific Asia,South Asia,Standard Class,Cleats,11,5
0,Pacific Asia,South Asia,Standard Class,Men's Footwear,11,4
0,Pacific Asia,Southeast Asia,Standard Class,Cleats,12,7
1,Pacific Asia,South Asia,Standard Class,Men's Footwear,1,1
0,Pacific Asia,Southeast Asia,Standard Class,Men's Footwear,12,7
0,Pacific Asia,Southeast Asia,Standard Class,Women's Clothing,2,5
1,Pacific Asia,West Asia,Standard Class,Cleats,1,7
0,Pacific Asia,Oceania,Standard Class,Men's Footwear,3,1
1,Pacific Asia,Oceania,Standard Class,Men's Footwear,3,4
0,Pacific Asia,Oceania,Standard Class,Men's Footwear,3,3
1,Pacific Asia,South Asia,Standard Class,Men's Footwear,11,4
1,LATAM,Central America,Second Class,Cleats,2,7
1,LATAM,Central America,Second Class,Men's Footwear,4,1
1,LATAM,Central America,Second Class,Men's Footwear,3,4
1,LATAM,Central America,Second Class,Men's Footwear,2,2
1,LATAM,South America,Second Class,Men's Footwear,5,7
1,LATAM,South America,Second Class,Men's Footwear,4,1
1,LATAM,Central America,Second Class,Men's Footwear,2,7
1,LATAM,Central America,Second Class,Men's Footwear,5,5
1,LATAM,South America,Second Class,Cleats,5,7
0,LATAM,South America,Second Class,Men's Footwear,3,4
1,LATAM,Caribbean,Second Class,Men's Footwear,4,1
0,LATAM,Central America,Second Class,Men's Footwear,6,7
1,LATAM,Central America,Second Class,Men's Footwear,4,2
1,LATAM,Central America,Second Class,Men's Footwear,2,7
1,LATAM,Central America,Second Class,Men's Footwear,5,5
1,LATAM,Central America,Second Class,Men's Footwear,4,7
1,LATAM,Caribbean,Second Class,Men's Footwear,5,6
0,LATAM,Central America,Second Class,Cleats,5,4
1,LATAM,Central America,Second Class,Men's Footwear,6,3
1,LATAM,Central America,Second Class,Men's Footwear,5,5
1,LATAM,Central America,Second Class,Men's Footwear,5,1
1,LATAM,Central America,Second Class,Men's Footwear,5,1
0,LATAM,Central America,Second Class,Men's Footwear,3,6
1,LATAM,South America,Second Class,Cleats,1,2
0,LATAM,South America,Second Class,Men's Footwear,4,2
1,LATAM,Central America,Second Class,Cleats,5,2
1,LATAM,Central America,Second Class,Cleats,2,3
1,LATAM,Central America,Second Class,Men's Footwear,5,6
1,LATAM,South America,Second Class,Cleats,6,1
1,LATAM,South America,Second Class,Men's Footwear,5,6
0,LATAM,Central America,Second Class,Men's Footwear,3,1
1,LATAM,Central America,Second Class,Men's Footwear,1,3
0,LATAM,South America,Second Class,Men's Footwear,5,2
1,LATAM,South America,Second Class,Men's Footwear,1,5
1,LATAM,South America,Second Class,Men's Footwear,6,4
1,LATAM,South America,Second Class,Men's Footwear,5,3
1,LATAM,Central America,Second Class,Men's Footwear,6,7
1,LATAM,Central America,Second Class,Men's Footwear,2,1
1,LATAM,Central America,Second Class,Men's Footwear,1,5
1,LATAM,South America,Second Class,Men's Footwear,5,1
1,LATAM,Central America,Second Class,Cleats,3,4
1,LATAM,Central America,Second Class,Men's Footwear,6,2
1,LATAM,Central America,Second Class,Men's Footwear,4,5
0,LATAM,South America,Second Class,Cleats,6,2
1,LATAM,South America,Second Class,Men's Footwear,5,1
1,LATAM,Central America,Second Class,Men's Footwear,6,2
1,LATAM,Central America,Second Class,Men's Footwear,4,5
0,LATAM,Central America,Second Class,Men's Footwear,1,4
1,LATAM,South America,Second Class,Men's Footwear,2,5
1,LATAM,Caribbean,Second Class,Men's Footwear,5,7
1,LATAM,Central America,Second Class,Cleats,4,3
0,LATAM,Central America,Second Class,Men's Footwear,5,4
1,LATAM,Central America,Second Class,Men's Footwear,5,2
1,LATAM,Central America,Second Class,Men's Footwear,4,6
1,LATAM,Caribbean,Second Class,Men's Footwear,5,7
0,LATAM,Caribbean,Second Class,Men's Footwear,5,1
1,LATAM,Central America,Second Class,Men's Footwear,4,4
0,LATAM,South America,Second Class,Men's Footwear,2,3
1,LATAM,South America,Second Class,Men's Footwear,1,6
0,LATAM,Caribbean,Second Class,Men's Footwear,5,1
1,LATAM,Central America,Second Class,Cleats,5,2
1,LATAM,Central America,Second Class,Men's Footwear,4,3
1,LATAM,Central America,Second Class,Men's Footwear,5,4
1,LATAM,South America,Second Class,Men's Footwear,3,1
0,LATAM,South America,Second Class,Men's Footwear,2,6
1,LATAM,Caribbean,Second Class,Men's Footwear,4,3
1,LATAM,Central America,Second Class,Cleats,1,5
1,LATAM,Central America,Second Class,Men's Footwear,1,6
1,LATAM,Central America,Second Class,Men's Footwear,4,2
0,LATAM,South America,Second Class,Cleats,6,2
1,LATAM,South America,Second Class,Men's Footwear,1,3
1,LATAM,South America,Second Class,Men's Footwear,1,6
1,LATAM,Caribbean,Second Class,Men's Footwear,5,2
1,LATAM,Central America,Second Class,Cleats,3,2
1,LATAM,Central America,Second Class,Men's Footwear,5,2
1,LATAM,Central America,Second Class,Men's Footwear,4,6
0,LATAM,Central America,Second Class,Men's Footwear,1,1
1,LATAM,Central America,Second Class,Men's Footwear,1,6
1,LATAM,South America,Second Class,Men's Footwear,2,1
1,LATAM,Central America,Second Class,Cleats,2,7
1,LATAM,Central America,Second Class,Men's Footwear,3,2
1,LATAM,Central America,Second Class,Men's Footwear,3,2
1,LATAM,Central America,Second Class,Men's Footwear,2,7
1,LATAM,Central America,Second Class,Men's Footwear,1,6
1,LATAM,South America,Second Class,Cleats,5,7
1,LATAM,South America,Second Class,Men's Footwear,6,1
0,LATAM,Central America,Second Class,Men's Footwear,2,5
1,LATAM,South America,Second Class,Men's Footwear,5,3
0,LATAM,South America,Second Class,Men's Footwear,2,1
0,LATAM,Central America,Second Class,Shop By Sport,3,7
1,LATAM,Caribbean,Second Class,Women's Apparel,1,6
1,LATAM,Central America,Second Class,Women's Apparel,3,5
1,LATAM,Caribbean,Second Class,Shop By Sport,1,6
1,LATAM,Central America,Second Class,Women's Apparel,4,6
0,LATAM,Central America,Second Class,Women's Apparel,3,1
0,LATAM,South America,Second Class,Women's Apparel,6,1
0,LATAM,Central America,Second Class,Women's Apparel,2,2
1,LATAM,South America,Second Class,Shop By Sport,6,2
1,LATAM,South America,Second Class,Shop By Sport,1,5
1,LATAM,Caribbean,Second Class,Shop By Sport,4,3
1,LATAM,Central America,Second Class,Women's Apparel,4,4
0,LATAM,Central America,Second Class,Women's Apparel,2,1
1,LATAM,South America,Second Class,Women's Apparel,6,4
0,LATAM,Central America,Second Class,Women's Apparel,3,6
1,LATAM,Central America,Second Class,Girls' Apparel,5,7
1,LATAM,Central America,Second Class,Women's Apparel,4,7
1,LATAM,Caribbean,Second Class,Women's Apparel,2,5
1,LATAM,South America,Second Class,Women's Apparel,5,7
1,LATAM,Central America,Second Class,Women's Apparel,5,4
1,LATAM,Central America,Second Class,Women's Apparel,6,3
1,LATAM,Caribbean,Second Class,Accessories,3,6
1,LATAM,Caribbean,Second Class,Trade-In,5,6
1,LATAM,Central America,Second Class,Electronics,4,2
0,LATAM,Central America,Second Class,Accessories,2,5
1,LATAM,Central America,Second Class,Accessories,1,6
1,LATAM,Caribbean,Second Class,Camping & Hiking,5,6
1,LATAM,Central America,Second Class,Fishing,4,4
1,LATAM,Central America,Second Class,Fishing,1,2
0,LATAM,Central America,Second Class,Fishing,1,4
1,LATAM,Central America,Second Class,Camping & Hiking,1,3
1,LATAM,Central America,Second Class,Fishing,4,4
1,LATAM,Central America,Second Class,Fishing,4,2
1,LATAM,South America,Second Class,Fishing,1,4
1,LATAM,Caribbean,Second Class,Camping & Hiking,5,1
1,LATAM,Central America,Second Class,Camping & Hiking,5,4
0,LATAM,Central America,Second Class,Camping & Hiking,3,7
1,LATAM,South America,Second Class,Camping & Hiking,6,2
1,LATAM,South America,Second Class,Camping & Hiking,1,6
1,LATAM,Central America,Second Class,Camping & Hiking,4,2
1,LATAM,Central America,Second Class,Camping & Hiking,3,5
1,LATAM,Central America,Second Class,Fishing,5,1
1,LATAM,South America,Second Class,Camping & Hiking,5,1
1,LATAM,Central America,Second Class,Camping & Hiking,5,7
1,LATAM,Central America,Second Class,Fishing,5,4
0,LATAM,Central America,Second Class,Fishing,3,1
1,LATAM,Caribbean,Second Class,Camping & Hiking,2,6
1,LATAM,Central America,Second Class,Camping & Hiking,3,2
1,LATAM,Central America,Second Class,Fishing,4,7
1,LATAM,Central America,Second Class,Fishing,4,7
0,LATAM,South America,Second Class,Fishing,1,6
1,LATAM,Central America,Second Class,Camping & Hiking,3,2
0,LATAM,South America,Second Class,Camping & Hiking,2,3
1,LATAM,South America,Second Class,Fishing,5,7
1,LATAM,South America,Second Class,Fishing,4,4
1,LATAM,Caribbean,Second Class,Fishing,5,6
1,LATAM,Caribbean,Second Class,Fishing,4,4
0,LATAM,Central America,Second Class,Camping & Hiking,2,1
1,LATAM,South America,Second Class,Camping & Hiking,6,7
0,LATAM,South America,Second Class,Camping & Hiking,4,2
1,LATAM,South America,Second Class,Fishing,4,6
1,LATAM,Caribbean,Second Class,Camping & Hiking,3,2
0,LATAM,Central America,Second Class,Camping & Hiking,6,1
1,LATAM,Central America,Second Class,Camping & Hiking,2,6
1,LATAM,Central America,Second Class,Fishing,3,5
1,LATAM,South America,Second Class,Camping & Hiking,6,7
0,LATAM,South America,Second Class,Camping & Hiking,4,2
0,LATAM,South America,Second Class,Camping & Hiking,3,4
1,LATAM,Caribbean,Second Class,Fishing,4,3
0,LATAM,Central America,Second Class,Camping & Hiking,3,1
1,LATAM,Central America,Second Class,Camping & Hiking,3,2
1,LATAM,Central America,Second Class,Fishing,3,2
1,LATAM,South America,Second Class,Camping & Hiking,5,2
0,LATAM,South America,Second Class,Camping & Hiking,1,6
1,LATAM,South America,Second Class,Fishing,6,4
1,LATAM,Caribbean,Second Class,Fishing,2,6
1,LATAM,Central America,Second Class,Camping & Hiking,5,1
1,LATAM,Central America,Second Class,Camping & Hiking,5,5
1,LATAM,Central America,Second Class,Camping & Hiking,4,4
0,LATAM,Central America,Second Class,Camping & Hiking,2,3
1,LATAM,Central America,Second Class,Camping & Hiking,2,3
1,LATAM,Central America,Second Class,Camping & Hiking,3,2
0,LATAM,Central America,Second Class,Camping & Hiking,2,2
1,LATAM,Caribbean,Second Class,Camping & Hiking,4,3
1,LATAM,Central America,Second Class,Camping & Hiking,4,3
1,LATAM,Central America,Second Class,Camping & Hiking,2,3
0,LATAM,Central America,Second Class,Camping & Hiking,2,2
0,LATAM,Central America,Second Class,Fishing,1,4
1,LATAM,South America,Second Class,Camping & Hiking,5,6
1,LATAM,Central America,Second Class,Camping & Hiking,5,6
1,LATAM,Central America,Second Class,Camping & Hiking,4,6
1,LATAM,Central America,Second Class,Camping & Hiking,4,7
0,LATAM,Central America,Second Class,Camping & Hiking,3,6
0,LATAM,Central America,Second Class,Camping & Hiking,2,2
1,LATAM,Central America,Second Class,Camping & Hiking,4,5
1,LATAM,Central America,Second Class,Camping & Hiking,3,1
0,LATAM,Central America,Second Class,Camping & Hiking,2,2
1,LATAM,Central America,Second Class,Camping & Hiking,1,2
1,LATAM,South America,Second Class,Camping & Hiking,4,1
1,LATAM,Central America,Second Class,Baseball & Softball,2,6
1,LATAM,Central America,Second Class,Cardio Equipment,5,4
1,LATAM,Central America,Second Class,Cardio Equipment,1,5
1,LATAM,Central America,Second Class,Men's Footwear,2,7
1,LATAM,South America,Second Class,Men's Footwear,2,1
1,LATAM,Central America,Second Class,Cleats,4,7
1,LATAM,Central America,Second Class,Men's Footwear,2,7
1,LATAM,Central America,Second Class,Men's Footwear,1,5
0,LATAM,South America,Second Class,Men's Footwear,2,1
0,LATAM,South America,Second Class,Men's Footwear,1,6
0,LATAM,Caribbean,Second Class,Men's Footwear,1,2
1,LATAM,Central America,Second Class,Men's Footwear,3,7
1,LATAM,Central America,Second Class,Men's Footwear,4,5
1,LATAM,South America,Second Class,Cleats,1,6
1,LATAM,South America,Second Class,Men's Footwear,6,2
1,LATAM,South America,Second Class,Men's Footwear,1,6
1,LATAM,South America,Second Class,Men's Footwear,1,6
1,LATAM,South America,Second Class,Men's Footwear,2,7
1,LATAM,Caribbean,Second Class,Men's Footwear,1,4
1,LATAM,Caribbean,Second Class,Shop By Sport,3,2
0,LATAM,Central America,Second Class,Shop By Sport,6,4
0,LATAM,Central America,Second Class,Fishing,4,7
1,LATAM,Central America,Second Class,Camping & Hiking,3,7
0,LATAM,South America,Second Class,Camping & Hiking,3,5
0,LATAM,Central America,Second Class,Camping & Hiking,4,7
0,LATAM,South America,Second Class,Camping & Hiking,2,1
0,LATAM,South America,Second Class,Camping & Hiking,1,6
1,LATAM,Central America,Second Class,Fishing,2,7
0,Pacific Asia,South Asia,Second Class,Computers,12,3
1,Pacific Asia,Eastern Asia,Second Class,Computers,12,7
1,Pacific Asia,Oceania,Second Class,Pet Supplies,12,3
1,Pacific Asia,Oceania,Second Class,Pet Supplies,1,1
1,Pacific Asia,Oceania,Second Class,Pet Supplies,1,6
1,Pacific Asia,South Asia,Second Class,Pet Supplies,12,5
1,Pacific Asia,Southeast Asia,Second Class,Pet Supplies,12,1
1,Pacific Asia,South Asia,Second Class,Pet Supplies,12,5
1,Pacific Asia,Southeast Asia,Second Class,Pet Supplies,1,7
1,Pacific Asia,Eastern Asia,Second Class,Health and Beauty,1,7
0,Pacific Asia,Eastern Asia,Second Class,Health and Beauty,11,3
1,Pacific Asia,Southeast Asia,Second Class,Health and Beauty,11,5
1,Pacific Asia,Oceania,Second Class,Cardio Equipment,4,2
0,Pacific Asia,Central Asia,Second Class,Cardio Equipment,9,5
1,Pacific Asia,Oceania,Second Class,Cardio Equipment,12,5
1,Pacific Asia,Central Asia,Second Class,Men's Footwear,12,3
0,Pacific Asia,Eastern Asia,Second Class,Men's Footwear,1,3
1,Pacific Asia,South Asia,Second Class,Men's Footwear,11,5
1,Pacific Asia,Eastern Asia,Second Class,Men's Footwear,3,2
1,Pacific Asia,South Asia,Second Class,Cleats,1,1
0,Pacific Asia,South Asia,Second Class,Men's Footwear,1,2
1,Pacific Asia,West Asia,Second Class,Men's Footwear,12,5
0,Pacific Asia,West Asia,Second Class,Men's Footwear,10,2
1,Pacific Asia,Eastern Asia,Second Class,Cleats,3,4
1,Pacific Asia,Eastern Asia,Second Class,Men's Footwear,3,2
0,Pacific Asia,Oceania,Second Class,Cleats,3,5
1,Pacific Asia,Oceania,Second Class,Men's Clothing,11,1
1,Pacific Asia,South Asia,Second Class,Men's Footwear,11,2
1,Pacific Asia,Southeast Asia,Second Class,Crafts,12,7
1,Pacific Asia,Southeast Asia,Second Class,Women's Clothing,12,5
1,Pacific Asia,West Asia,Second Class,Men's Footwear,11,3
0,Pacific Asia,West Asia,Second Class,Men's Footwear,10,2
1,Pacific Asia,Eastern Asia,Second Class,Men's Footwear,12,2
0,Pacific Asia,Oceania,Second Class,Cleats,1,5
1,Pacific Asia,South Asia,Second Class,Cleats,11,2
1,Pacific Asia,South Asia,Second Class,Men's Footwear,3,3
1,Pacific Asia,Southeast Asia,Second Class,Men's Footwear,3,1
1,Pacific Asia,Eastern Asia,Second Class,Baby ,12,7
1,Pacific Asia,Eastern Asia,Second Class,Men's Footwear,12,2
1,Pacific Asia,Oceania,Second Class,Men's Footwear,12,4
1,Pacific Asia,Central Asia,Second Class,Men's Footwear,11,6
1,Pacific Asia,Eastern Asia,Second Class,Men's Footwear,12,2
1,Pacific Asia,Central Asia,Second Class,Men's Footwear,11,4
1,Pacific Asia,Eastern Asia,Second Class,Baby ,12,5
1,Pacific Asia,Eastern Asia,Second Class,Men's Footwear,12,2
1,Pacific Asia,Eastern Asia,Second Class,Men's Footwear,11,2
0,Pacific Asia,Eastern Asia,Second Class,Men's Footwear,11,6
1,Pacific Asia,Oceania,Second Class,Men's Footwear,12,4
1,Pacific Asia,Southeast Asia,Second Class,Cleats,11,5
1,Pacific Asia,Southeast Asia,Second Class,Men's Footwear,1,7
1,Pacific Asia,Central Asia,Second Class,Men's Footwear,11,4
0,Pacific Asia,Eastern Asia,Second Class,Men's Footwear,1,3
1,Pacific Asia,Oceania,Second Class,Men's Footwear,12,3
1,Pacific Asia,Southeast Asia,Second Class,Cleats,3,1
0,Pacific Asia,Southeast Asia,Second Class,Men's Footwear,3,4
1,Pacific Asia,Southeast Asia,Second Class,Men's Footwear,2,4
1,Pacific Asia,Southeast Asia,Second Class,Men's Footwear,12,5
1,Pacific Asia,Oceania,Second Class,Men's Clothing,11,2
1,Pacific Asia,West Asia,Second Class,Cleats,11,3
1,Pacific Asia,Central Asia,Second Class,Cleats,10,4
1,Pacific Asia,Oceania,Second Class,Men's Footwear,3,4
1,Pacific Asia,Oceania,Second Class,Men's Footwear,11,1
1,Pacific Asia,Oceania,Second Class,Women's Clothing,12,1
0,Pacific Asia,Southeast Asia,Second Class,Cleats,1,2
0,Pacific Asia,Southeast Asia,Second Class,Men's Footwear,1,2
1,Pacific Asia,South Asia,Second Class,Women's Clothing,2,1
1,Pacific Asia,South Asia,Second Class,Women's Clothing,12,1
1,Pacific Asia,West Asia,Second Class,Cleats,10,4
1,Pacific Asia,Oceania,Second Class,Women's Clothing,12,3
0,Pacific Asia,Oceania,Second Class,Women's Clothing,12,6
1,Pacific Asia,South Asia,Second Class,Cleats,3,3
1,Pacific Asia,South Asia,Second Class,Cleats,2,1
1,Pacific Asia,South Asia,Second Class,Women's Clothing,2,7
1,Pacific Asia,Oceania,Second Class,Baby ,12,5
1,Pacific Asia,Eastern Asia,Second Class,Men's Footwear,3,5
1,Pacific Asia,Southeast Asia,Second Class,Crafts,1,2
1,Pacific Asia,Southeast Asia,Second Class,Women's Clothing,12,3
1,Pacific Asia,Eastern Asia,Second Class,Men's Footwear,3,5
0,Pacific Asia,Eastern Asia,Second Class,Women's Clothing,1,4
1,Pacific Asia,Oceania,Second Class,Children's Clothing,12,2
1,Pacific Asia,Oceania,Second Class,Men's Footwear,2,3
1,Pacific Asia,West Asia,Second Class,Men's Footwear,12,5
1,Pacific Asia,West Asia,Second Class,Men's Footwear,9,6
0,Pacific Asia,Eastern Asia,Second Class,Women's Clothing,2,6
0,Pacific Asia,Southeast Asia,Second Class,Men's Footwear,12,1
1,Pacific Asia,Southeast Asia,Second Class,Men's Footwear,12,3
1,Pacific Asia,West Asia,Second Class,Cleats,9,6
1,Pacific Asia,West Asia,Second Class,Men's Footwear,12,5
1,Pacific Asia,West Asia,Second Class,Men's Footwear,9,6
1,Pacific Asia,Eastern Asia,Second Class,Men's Clothing,1,2
0,Pacific Asia,South Asia,Second Class,Cleats,1,2
0,Pacific Asia,Southeast Asia,Second Class,Children's Clothing,12,7
0,Pacific Asia,Southeast Asia,Second Class,Crafts,12,1
1,Pacific Asia,Southeast Asia,Second Class,Crafts,12,6
0,Pacific Asia,Southeast Asia,Second Class,Men's Footwear,12,6
1,Pacific Asia,Southeast Asia,Second Class,Women's Clothing,2,1
1,Pacific Asia,West Asia,Second Class,Cleats,9,6
1,Pacific Asia,West Asia,Second Class,Men's Footwear,10,4
0,Pacific Asia,Eastern Asia,Second Class,Men's Footwear,1,3
1,Pacific Asia,Oceania,Second Class,Men's Clothing,11,4
1,Pacific Asia,Oceania,Second Class,Men's Footwear,12,5
1,Pacific Asia,South Asia,Second Class,Men's Footwear,11,5
1,Pacific Asia,South Asia,Second Class,Men's Footwear,3,4
1,Pacific Asia,South Asia,Second Class,Men's Footwear,2,4
1,Pacific Asia,Southeast Asia,Second Class,Crafts,1,2
1,Pacific Asia,Southeast Asia,Second Class,Men's Clothing,11,3
0,Pacific Asia,Southeast Asia,Second Class,Men's Footwear,12,6
1,Pacific Asia,South Asia,Second Class,Women's Apparel,1,7
1,Pacific Asia,Oceania,Second Class,Women's Apparel,3,5
1,Pacific Asia,South Asia,Second Class,Women's Apparel,1,2
1,Pacific Asia,South Asia,Second Class,Women's Apparel,1,1
1,Pacific Asia,Eastern Asia,Second Class,Women's Apparel,2,3
1,Pacific Asia,Oceania,Second Class,Women's Apparel,2,3
1,Pacific Asia,Eastern Asia,Second Class,Women's Apparel,3,2
1,Pacific Asia,Oceania,Second Class,Shop By Sport,12,5
1,Pacific Asia,West Asia,Second Class,Shop By Sport,1,3
1,Pacific Asia,West Asia,Second Class,Girls' Apparel,9,4
1,Pacific Asia,Eastern Asia,Second Class,Women's Apparel,12,6
0,Pacific Asia,Eastern Asia,Second Class,Women's Apparel,1,7
1,Pacific Asia,West Asia,Second Class,Shop By Sport,12,5
1,Pacific Asia,Oceania,Second Class,Women's Apparel,12,1
1,Pacific Asia,Central Asia,Second Class,Women's Apparel,12,3
1,Pacific Asia,South Asia,Second Class,Women's Apparel,2,4
1,Pacific Asia,Oceania,Second Class,Shop By Sport,4,2
1,Pacific Asia,West Asia,Second Class,Shop By Sport,10,5
1,Pacific Asia,Oceania,Second Class,Shop By Sport,10,5
1,Pacific Asia,Southeast Asia,Second Class,Shop By Sport,3,6
1,Pacific Asia,Southeast Asia,Second Class,Accessories,12,5
1,Pacific Asia,Eastern Asia,Second Class,Garden,1,7
1,Pacific Asia,Oceania,Second Class,Accessories,4,2
1,Pacific Asia,Eastern Asia,Second Class,Golf Balls,11,2
1,Pacific Asia,Southeast Asia,Second Class,Electronics,12,3
0,Pacific Asia,South Asia,Second Class,Garden,1,4
1,Pacific Asia,Southeast Asia,Second Class,Garden,1,7
1,Pacific Asia,Oceania,Second Class,Camping & Hiking,2,2
1,Pacific Asia,South Asia,Second Class,Fishing,1,7
0,Pacific Asia,South Asia,Second Class,Fishing,12,4
1,Pacific Asia,South Asia,Second Class,Camping & Hiking,2,1
0,Pacific Asia,South Asia,Second Class,Fishing,12,4
1,Pacific Asia,Southeast Asia,Second Class,Camping & Hiking,12,3
0,Pacific Asia,South Asia,Second Class,Camping & Hiking,12,3
1,Pacific Asia,Oceania,Second Class,Camping & Hiking,4,2
1,Pacific Asia,Oceania,Second Class,Fishing,12,4
0,Pacific Asia,South Asia,Second Class,Camping & Hiking,12,3
1,Pacific Asia,South Asia,Second Class,Fishing,1,7
1,Pacific Asia,Southeast Asia,Second Class,Fishing,11,4
1,Pacific Asia,Eastern Asia,Second Class,Camping & Hiking,3,4
1,Pacific Asia,Oceania,Second Class,Camping & Hiking,3,4
1,Europe,Western Europe,First Class,Shop By Sport,10,7
1,Europe,Western Europe,First Class,Camping & Hiking,9,1
1,Europe,Eastern Europe,First Class,Camping & Hiking,12,5
1,Europe,Northern Europe,First Class,Camping & Hiking,7,5
1,Europe,Southern Europe,First Class,Fishing,8,6
1,Europe,Western Europe,First Class,Fishing,8,3
1,Europe,Northern Europe,First Class,Camping & Hiking,7,1
1,Europe,Western Europe,First Class,Camping & Hiking,6,5
1,Europe,Southern Europe,First Class,Camping & Hiking,10,7
1,Europe,Southern Europe,First Class,Camping & Hiking,8,3
1,Europe,Western Europe,First Class,Fishing,9,7
1,Europe,Western Europe,First Class,Fishing,8,1
1,Europe,Northern Europe,First Class,Fishing,7,5
1,Europe,Western Europe,First Class,Fishing,8,1
1,Europe,Western Europe,First Class,Camping & Hiking,8,7
1,Europe,Northern Europe,First Class,Books ,10,7
1,Europe,Western Europe,First Class,Books ,10,7
1,Europe,Western Europe,First Class,CDs ,10,4
1,LATAM,Central America,First Class,Cardio Equipment,5,4
1,LATAM,South America,First Class,Cardio Equipment,4,6
1,LATAM,Caribbean,First Class,Cardio Equipment,5,2
1,LATAM,South America,First Class,Cardio Equipment,6,5
1,LATAM,Central America,First Class,Men's Footwear,4,3
1,LATAM,South America,First Class,Men's Footwear,1,6
1,LATAM,Central America,First Class,Men's Footwear,3,4
1,LATAM,South America,First Class,Men's Footwear,3,6
1,LATAM,Caribbean,First Class,Men's Footwear,5,2
1,LATAM,Caribbean,First Class,Men's Footwear,3,1
1,LATAM,South America,First Class,Men's Footwear,6,7
1,LATAM,Caribbean,First Class,Men's Footwear,3,6
1,LATAM,Central America,First Class,Men's Footwear,5,5
1,LATAM,Caribbean,First Class,Men's Footwear,3,6
1,LATAM,South America,First Class,Men's Footwear,6,5
1,LATAM,Caribbean,First Class,Cleats,3,3
1,LATAM,Central America,First Class,Men's Footwear,5,6
1,LATAM,Central America,First Class,Men's Footwear,5,6
1,LATAM,Caribbean,First Class,Men's Footwear,4,4
1,LATAM,South America,First Class,Cleats,3,6
1,LATAM,South America,First Class,Men's Footwear,5,2
1,LATAM,South America,First Class,Women's Apparel,2,1
1,LATAM,Caribbean,First Class,Women's Apparel,3,6
1,LATAM,South America,First Class,Shop By Sport,4,1
1,LATAM,Central America,First Class,Shop By Sport,3,4
1,LATAM,South America,First Class,Shop By Sport,4,6
1,LATAM,South America,First Class,Women's Apparel,3,1
1,LATAM,Central America,First Class,Women's Apparel,5,4
1,LATAM,Central America,First Class,Fishing,4,3
1,LATAM,Caribbean,First Class,Fishing,1,7
1,LATAM,Central America,First Class,Camping & Hiking,4,3
1,LATAM,Central America,First Class,Camping & Hiking,3,4
1,LATAM,Central America,First Class,Fishing,1,6
1,LATAM,Central America,First Class,Camping & Hiking,2,1
1,LATAM,South America,First Class,Camping & Hiking,2,1
1,LATAM,South America,First Class,Camping & Hiking,4,1
1,LATAM,Central America,First Class,Camping & Hiking,2,6
1,LATAM,Central America,First Class,Fishing,2,1
1,LATAM,Central America,First Class,Camping & Hiking,1,6
1,LATAM,Central America,First Class,Fishing,4,3
1,LATAM,South America,First Class,Fishing,4,6
1,LATAM,Caribbean,First Class,Camping & Hiking,4,4
1,LATAM,Caribbean,First Class,Fishing,5,2
1,LATAM,Central America,First Class,Fishing,4,3
1,Pacific Asia,South Asia,First Class,Health and Beauty,11,4
1,Pacific Asia,Eastern Asia,First Class,Cardio Equipment,11,1
1,Pacific Asia,West Asia,First Class,Men's Footwear,10,3
1,Pacific Asia,Eastern Asia,First Class,Men's Footwear,2,5
1,Pacific Asia,Oceania,First Class,Cleats,3,2
1,Pacific Asia,South Asia,First Class,Cleats,11,4
1,Pacific Asia,South Asia,First Class,Men's Footwear,11,4
1,Pacific Asia,Eastern Asia,First Class,Men's Footwear,1,2
1,Pacific Asia,Southeast Asia,First Class,Men's Footwear,2,4
1,Pacific Asia,Southeast Asia,First Class,Men's Footwear,2,4
1,Pacific Asia,Oceania,First Class,Men's Footwear,3,5
1,Pacific Asia,Oceania,First Class,Cleats,11,3
1,Pacific Asia,Oceania,First Class,Men's Footwear,12,5
1,Pacific Asia,Eastern Asia,First Class,Men's Footwear,12,4
1,Pacific Asia,Southeast Asia,First Class,Men's Footwear,1,7
1,Pacific Asia,Eastern Asia,First Class,Men's Footwear,11,1
1,Pacific Asia,South Asia,First Class,Women's Apparel,2,4
1,Pacific Asia,Oceania,First Class,Women's Apparel,12,6
1,Pacific Asia,West Asia,First Class,Girls' Apparel,12,3
1,Pacific Asia,Southeast Asia,First Class,Camping & Hiking,3,7
1,Pacific Asia,West Asia,First Class,Camping & Hiking,12,5
1,Pacific Asia,Southeast Asia,First Class,Camping & Hiking,3,7
1,Pacific Asia,Eastern Asia,First Class,Camping & Hiking,1,3
1,Pacific Asia,West Asia,First Class,Camping & Hiking,9,5
1,Pacific Asia,Eastern Asia,First Class,Fishing,11,3
1,Pacific Asia,South Asia,First Class,Camping & Hiking,11,4
1,Pacific Asia,West Asia,First Class,Camping & Hiking,9,5
1,Pacific Asia,Southeast Asia,First Class,Fishing,12,6
1,Pacific Asia,Eastern Asia,First Class,Camping & Hiking,1,5
1,Pacific Asia,West Asia,First Class,Camping & Hiking,9,7
1,Pacific Asia,Oceania,First Class,Camping & Hiking,1,6
1,Pacific Asia,Oceania,First Class,CDs ,12,6
1,Pacific Asia,Oceania,First Class,Music,11,3
1,USCA,East of USA,First Class,Lacrosse,4,7
1,USCA,West of USA ,First Class,Men's Footwear,8,2
1,USCA,East of USA,First Class,Men's Footwear,4,7
1,USCA,South of  USA ,First Class,Men's Footwear,5,5
1,USCA,South of  USA ,First Class,Men's Footwear,5,5
1,USCA,West of USA ,First Class,Cleats,8,2
1,USCA,US Center ,First Class,Cleats,6,2
1,USCA,Canada,First Class,Men's Footwear,9,4
1,USCA,East of USA,First Class,Women's Apparel,7,3
1,USCA,West of USA ,First Class,Accessories,5,2
1,USCA,East of USA,First Class,Camping & Hiking,7,3
1,USCA,South of  USA ,First Class,Camping & Hiking,5,5
1,USCA,South of  USA ,First Class,Camping & Hiking,7,7
1,USCA,South of  USA ,First Class,Camping & Hiking,7,7
1,USCA,West of USA ,First Class,Camping & Hiking,5,3
1,Africa,Southern Africa,First Class,Cardio Equipment,11,6
1,Africa,West Africa,First Class,Cleats,1,4
1,Africa,West Africa,First Class,Women's Apparel,1,4
1,Africa,West Africa,First Class,Women's Apparel,10,3
1,Europe,Southern Europe,First Class,Cleats,6,5
1,Europe,Northern Europe,First Class,Cleats,7,5
1,Europe,Western Europe,First Class,Women's Apparel,10,5
1,Europe,Northern Europe,First Class,Women's Apparel,6,2
1,Europe,Northern Europe,First Class,Shop By Sport,7,5
1,Europe,Northern Europe,First Class,Women's Apparel,10,2
1,LATAM,Central America,First Class,Cardio Equipment,1,6
1,LATAM,South America,First Class,Cardio Equipment,1,4
1,LATAM,Central America,First Class,Boxing & MMA,4,3
1,LATAM,Central America,First Class,Cardio Equipment,4,3
1,LATAM,Central America,First Class,Cleats,5,4
1,LATAM,Central America,First Class,Cleats,1,3
1,LATAM,Caribbean,First Class,Cleats,5,2
1,LATAM,South America,First Class,Cleats,2,7
1,LATAM,Caribbean,First Class,Women's Apparel,3,3
1,LATAM,South America,First Class,Women's Apparel,5,7
1,LATAM,South America,First Class,Shop By Sport,2,1
1,LATAM,South America,First Class,Shop By Sport,3,1
1,LATAM,Central America,First Class,Women's Apparel,3,4
1,Pacific Asia,Eastern Asia,First Class,Baseball & Softball,1,3
1,Pacific Asia,West Asia,First Class,Cleats,10,3
1,Pacific Asia,Oceania,First Class,Cleats,1,6
1,Pacific Asia,Oceania,First Class,Cleats,11,3
1,Pacific Asia,Oceania,First Class,Shop By Sport,12,5
1,USCA,US Center ,First Class,Women's Apparel,4,5
1,USCA,West of USA ,First Class,Electronics,8,2
1,Europe,Southern Europe,First Class,Cardio Equipment,9,6
1,Europe,Western Europe,First Class,Cleats,10,7
1,Europe,Southern Europe,First Class,Cleats,10,7
1,Europe,Southern Europe,First Class,Shop By Sport,8,3
1,Europe,Western Europe,First Class,Shop By Sport,6,5
1,Europe,Western Europe,First Class,Women's Apparel,9,5
1,Europe,Northern Europe,First Class,Girls' Apparel,10,2
1,Europe,Western Europe,First Class,Shop By Sport,8,3
1,Europe,Western Europe,First Class,Women's Apparel,6,6
1,LATAM,Central America,First Class,Cardio Equipment,4,3
1,LATAM,South America,First Class,Cardio Equipment,3,1
1,LATAM,Central America,First Class,Cardio Equipment,2,6
1,LATAM,Caribbean,First Class,Cardio Equipment,5,7
1,LATAM,Central America,First Class,Cardio Equipment,1,3
1,LATAM,Central America,First Class,Cleats,4,2
1,LATAM,Central America,First Class,Cleats,3,4
1,LATAM,Central America,First Class,Cleats,5,6
1,LATAM,Central America,First Class,Shop By Sport,4,3
1,LATAM,South America,First Class,Women's Apparel,6,7
1,LATAM,Central America,First Class,Shop By Sport,5,2
1,LATAM,South America,First Class,Accessories,3,6
1,LATAM,Central America,First Class,Trade-In,2,1
1,LATAM,Central America,First Class,Electronics,2,1
1,Pacific Asia,South Asia,First Class,Cardio Equipment,2,4
1,Pacific Asia,Oceania,First Class,Cardio Equipment,1,6
1,Pacific Asia,Eastern Asia,First Class,Cleats,1,2
1,Pacific Asia,Eastern Asia,First Class,Cleats,11,7
1,Pacific Asia,Oceania,First Class,Cleats,12,6
1,Pacific Asia,Eastern Asia,First Class,Shop By Sport,2,6
1,Pacific Asia,Eastern Asia,First Class,Accessories,1,5
1,USCA,US Center ,First Class,Shop By Sport,4,5
1,USCA,East of USA,First Class,Women's Apparel,6,3
1,USCA,US Center ,First Class,Shop By Sport,6,2
1,Africa,North Africa,First Class,Electronics,1,5
1,Africa,West Africa,First Class,Shop By Sport,12,3
1,Africa,West Africa,First Class,Women's Apparel,1,4
1,Europe,Southern Europe,First Class,Cleats,9,6
1,Europe,Western Europe,First Class,Cleats,9,5
1,Europe,Western Europe,First Class,Cleats,9,5
1,Europe,Western Europe,First Class,Cleats,8,7
1,Europe,Northern Europe,First Class,Cleats,8,7
1,Europe,Western Europe,First Class,Cleats,8,3
1,Europe,Western Europe,First Class,Electronics,8,1
1,LATAM,Central America,First Class,Cardio Equipment,1,3
1,LATAM,South America,First Class,Women's Apparel,6,5
1,LATAM,Central America,First Class,Shop By Sport,5,6
1,LATAM,Central America,First Class,Shop By Sport,2,2
1,Pacific Asia,Southeast Asia,First Class,Cardio Equipment,2,1
1,Pacific Asia,Southeast Asia,First Class,Fitness Accessories,1,7
1,Pacific Asia,Eastern Asia,First Class,Cardio Equipment,11,7
1,Pacific Asia,Eastern Asia,First Class,Cardio Equipment,12,4
1,Pacific Asia,South Asia,First Class,Cardio Equipment,2,4
1,Pacific Asia,West Asia,First Class,Cardio Equipment,9,7
1,Pacific Asia,Southeast Asia,First Class,Cleats,3,7
1,Pacific Asia,Eastern Asia,First Class,Cleats,1,5
1,Pacific Asia,Southeast Asia,First Class,Cleats,2,1
1,Pacific Asia,Southeast Asia,First Class,Cleats,3,1
1,Pacific Asia,Southeast Asia,First Class,Women's Apparel,2,6
1,Pacific Asia,Eastern Asia,First Class,Women's Apparel,1,2
1,Pacific Asia,Southeast Asia,First Class,Girls' Apparel,3,1
1,Pacific Asia,West Asia,First Class,Women's Apparel,9,7
1,Pacific Asia,Southeast Asia,First Class,Shop By Sport,2,6
1,Pacific Asia,Eastern Asia,First Class,Shop By Sport,11,7
1,USCA,South of  USA ,First Class,Baseball & Softball,6,5
1,USCA,West of USA ,First Class,Cardio Equipment,8,2
1,USCA,US Center ,First Class,Cleats,4,5
1,USCA,US Center ,First Class,Cleats,6,2
1,USCA,South of  USA ,First Class,Cleats,7,1
1,USCA,South of  USA ,First Class,Women's Apparel,5,7
1,USCA,South of  USA ,First Class,Women's Apparel,5,6
1,USCA,South of  USA ,First Class,Women's Apparel,5,6
1,Africa,North Africa,First Class,Women's Apparel,11,6
1,Africa,West Africa,First Class,Shop By Sport,12,3
1,Africa,West Africa,First Class,Women's Apparel,1,4
1,Europe,Western Europe,First Class,Cardio Equipment,8,1
1,Europe,Western Europe,First Class,Cleats,8,2
1,Europe,Southern Europe,First Class,Cleats,10,7
1,Europe,Southern Europe,First Class,Women's Apparel,10,7
1,Europe,Eastern Europe,First Class,Women's Apparel,10,3
1,Europe,Northern Europe,First Class,Girls' Apparel,7,5
1,Europe,Western Europe,First Class,Girls' Apparel,10,5
1,Europe,Western Europe,First Class,Women's Apparel,10,7
1,LATAM,South America,First Class,Cardio Equipment,5,7
1,LATAM,South America,First Class,Boxing & MMA,5,7
1,LATAM,Central America,First Class,Cleats,2,7
1,LATAM,Central America,First Class,Cleats,5,4
1,LATAM,South America,First Class,Cleats,5,3
1,LATAM,Central America,First Class,Cleats,2,6
1,LATAM,Central America,First Class,Cleats,4,6
1,LATAM,South America,First Class,Women's Apparel,5,7
1,LATAM,Central America,First Class,Shop By Sport,2,7
1,LATAM,Central America,First Class,Girls' Apparel,2,7
1,Pacific Asia,Eastern Asia,First Class,Cardio Equipment,1,5
1,Pacific Asia,Oceania,First Class,Cardio Equipment,12,5
1,Pacific Asia,Southeast Asia,First Class,Cleats,3,7
1,Pacific Asia,Eastern Asia,First Class,Cleats,11,3
1,Pacific Asia,Southeast Asia,First Class,Women's Apparel,2,6
1,Pacific Asia,Oceania,First Class,Shop By Sport,12,6
1,Pacific Asia,Eastern Asia,First Class,Girls' Apparel,11,1
1,Pacific Asia,South Asia,First Class,Women's Apparel,11,4
1,Pacific Asia,Southeast Asia,First Class,Women's Apparel,1,7
1,Pacific Asia,Oceania,First Class,Women's Apparel,12,5
1,USCA,East of USA,First Class,Cardio Equipment,6,3
1,USCA,West of USA ,First Class,Women's Apparel,5,2
1,USCA,East of USA,First Class,Women's Apparel,7,3
1,USCA,South of  USA ,First Class,Accessories,7,7
1,Europe,Western Europe,Same Day,Consumer Electronics,11,5
1,Europe,Northern Europe,Same Day,Cardio Equipment,10,2
1,Europe,Northern Europe,Same Day,Men's Footwear,8,5
1,Europe,Eastern Europe,Same Day,Men's Footwear,10,2
1,Europe,Eastern Europe,Same Day,Men's Footwear,10,2
0,Europe,Western Europe,Same Day,Fishing,6,2
0,Europe,Northern Europe,Same Day,Fishing,9,1
1,Europe,Northern Europe,Same Day,Fishing,8,5
0,Europe,Southern Europe,Same Day,Camping & Hiking,9,5
1,Europe,Northern Europe,Same Day,Camping & Hiking,7,2
1,Europe,Northern Europe,Same Day,Camping & Hiking,8,5
1,Europe,Northern Europe,Same Day,Books ,10,4
1,LATAM,South America,Same Day,Cardio Equipment,2,3
0,LATAM,Central America,Same Day,Cardio Equipment,3,2
1,LATAM,South America,Same Day,Men's Footwear,3,6
0,LATAM,South America,Same Day,Men's Footwear,5,1
1,LATAM,South America,Same Day,Shop By Sport,2,6
1,LATAM,South America,Same Day,Fishing,2,3
1,LATAM,South America,Same Day,Camping & Hiking,2,3
1,LATAM,South America,Same Day,Camping & Hiking,3,6
1,Pacific Asia,Eastern Asia,Same Day,Pet Supplies,12,7
1,Pacific Asia,Oceania,Same Day,Pet Supplies,1,4
0,Pacific Asia,Oceania,Same Day,Cardio Equipment,1,4
0,Pacific Asia,Oceania,Same Day,Men's Footwear,12,5
1,Pacific Asia,Eastern Asia,Same Day,Men's Footwear,3,6
0,Pacific Asia,Southeast Asia,Same Day,Men's Footwear,1,3
1,Pacific Asia,Eastern Asia,Same Day,Men's Footwear,3,6
0,Pacific Asia,Oceania,Same Day,Men's Footwear,1,4
0,Pacific Asia,West Asia,Same Day,Shop By Sport,11,3
0,Pacific Asia,Oceania,Same Day,Women's Apparel,1,4
1,Pacific Asia,South Asia,Same Day,Garden,11,3
0,Pacific Asia,Oceania,Same Day,Camping & Hiking,12,5
1,Pacific Asia,Eastern Asia,Same Day,Fishing,12,2
1,Pacific Asia,Southeast Asia,Same Day,Books ,12,1
1,Pacific Asia,South Asia,Same Day,Video Games,1,6
1,Pacific Asia,South Asia,Same Day,Music,11,2
1,USCA,South of  USA ,Same Day,Women's Apparel,4,6
1,USCA,South of  USA ,Same Day,Camping & Hiking,4,6
1,USCA,South of  USA ,Same Day,Camping & Hiking,4,6
0,USCA,East of USA,Same Day,Camping & Hiking,8,2
1,Africa,East Africa,Same Day,Boxing & MMA,10,1
1,Europe,Northern Europe,Same Day,Cardio Equipment,7,2
1,Europe,Western Europe,Same Day,Cleats,8,7
1,Europe,Northern Europe,Same Day,Women's Apparel,8,5
1,LATAM,South America,Same Day,Cleats,2,6
1,LATAM,Caribbean,Same Day,Cleats,3,7
0,LATAM,South America,Same Day,Cleats,5,1
0,Pacific Asia,Oceania,Same Day,Cardio Equipment,12,5
0,Pacific Asia,Oceania,Same Day,Cleats,12,5
0,Pacific Asia,Southeast Asia,Same Day,Cleats,2,6
1,Pacific Asia,Eastern Asia,Same Day,Women's Apparel,12,2
1,Pacific Asia,Oceania,Same Day,Women's Apparel,11,4
1,Pacific Asia,Eastern Asia,Same Day,Accessories,3,6
1,Europe,Western Europe,Same Day,Cleats,8,7
1,Europe,Northern Europe,Same Day,Shop By Sport,7,2
1,LATAM,Central America,Same Day,As Seen on  TV!,5,5
0,Pacific Asia,Oceania,Same Day,Cleats,1,4
0,Pacific Asia,Southeast Asia,Same Day,Cleats,1,3
0,Pacific Asia,Southeast Asia,Same Day,Shop By Sport,2,6
0,Pacific Asia,Oceania,Same Day,Women's Apparel,1,4
1,Pacific Asia,Eastern Asia,Same Day,Accessories,3,6
0,Europe,Western Europe,Same Day,Cardio Equipment,6,2
1,Europe,Northern Europe,Same Day,Cardio Equipment,10,2
1,Europe,Eastern Europe,Same Day,Women's Apparel,10,2
1,Europe,Eastern Europe,Same Day,Women's Apparel,10,2
1,Pacific Asia,Eastern Asia,Same Day,Cardio Equipment,3,6
0,Pacific Asia,Southeast Asia,Same Day,Women's Apparel,1,3
1,Africa,East Africa,Same Day,Cleats,10,1
1,Europe,Northern Europe,Same Day,Shop By Sport,10,2
0,Europe,Northern Europe,Same Day,Women's Apparel,9,1
1,Europe,Northern Europe,Same Day,Accessories,10,2
0,LATAM,Central America,Same Day,Cardio Equipment,3,2
0,LATAM,South America,Same Day,Cleats,5,1
1,LATAM,Central America,Same Day,Women's Apparel,3,6
1,LATAM,South America,Same Day,Shop By Sport,3,6
1,LATAM,Central America,Same Day,Shop By Sport,5,5
0,LATAM,Central America,Same Day,Women's Apparel,4,6
1,LATAM,South America,Same Day,Women's Apparel,3,6
0,Pacific Asia,West Asia,Same Day,Cleats,1,3
0,USCA,East of USA,Same Day,Women's Apparel,8,2
1,Africa,North Africa,Second Class,Baseball & Softball,10,6
1,Africa,West Africa,Second Class,Men's Footwear,1,7
1,Africa,North Africa,Second Class,Men's Footwear,9,4
1,Africa,East Africa,Second Class,Men's Footwear,10,2
1,Africa,West Africa,Second Class,Camping & Hiking,1,7
1,Africa,West Africa,Second Class,Camping & Hiking,1,7
1,Africa,Central Africa,Second Class,Camping & Hiking,12,3
1,Europe,Northern Europe,Second Class,Computers,11,7
1,Europe,Southern Europe,Second Class,Cardio Equipment,7,1
0,Europe,Northern Europe,Second Class,Cardio Equipment,9,5
1,Europe,Southern Europe,Second Class,Cardio Equipment,6,3
0,Europe,Western Europe,Second Class,Cardio Equipment,8,3
0,Europe,Western Europe,Second Class,Cardio Equipment,10,4
1,Europe,Western Europe,Second Class,Cardio Equipment,9,5
1,Europe,Eastern Europe,Second Class,Cleats,11,6
1,Europe,Western Europe,Second Class,Cleats,8,3
1,Europe,Eastern Europe,Second Class,Cleats,1,5
1,Europe,Eastern Europe,Second Class,Cleats,11,6
1,Europe,Northern Europe,Second Class,Men's Footwear,8,2
1,Europe,Southern Europe,Second Class,Men's Footwear,7,3
1,Europe,Western Europe,Second Class,Men's Footwear,8,1
1,Europe,Western Europe,Second Class,Men's Footwear,9,4
1,Europe,Western Europe,Second Class,Men's Footwear,8,1
1,Europe,Eastern Europe,Second Class,Men's Footwear,1,4
1,Europe,Western Europe,Second Class,Children's Clothing,10,1
1,Europe,Southern Europe,Second Class,Men's Footwear,9,2
1,Europe,Southern Europe,Second Class,Men's Footwear,9,3
1,Europe,Western Europe,Second Class,Cleats,9,4
0,Europe,Western Europe,Second Class,Men's Footwear,8,3
1,Europe,Western Europe,Second Class,Crafts,11,5
1,Europe,Western Europe,Second Class,Men's Footwear,8,1
1,Europe,Eastern Europe,Second Class,Men's Footwear,1,5
1,Europe,Northern Europe,Second Class,Men's Footwear,8,1
0,Europe,Western Europe,Second Class,Children's Clothing,10,3
1,Europe,Southern Europe,Second Class,Men's Footwear,7,4
1,Europe,Eastern Europe,Second Class,Shop By Sport,11,3
1,Europe,Southern Europe,Second Class,Women's Apparel,9,3
1,Europe,Western Europe,Second Class,Shop By Sport,8,5
1,Europe,Southern Europe,Second Class,Women's Apparel,9,3
1,Europe,Western Europe,Second Class,Girls' Apparel,9,3
0,Pacific Asia,West Asia,Standard Class,Camping & Hiking,9,2
0,Pacific Asia,Eastern Asia,Standard Class,Camping & Hiking,2,3
1,Pacific Asia,Eastern Asia,Standard Class,Camping & Hiking,11,4
0,Pacific Asia,Eastern Asia,Standard Class,Camping & Hiking,12,4
0,Pacific Asia,Eastern Asia,Standard Class,Camping & Hiking,11,4
0,Pacific Asia,Oceania,Standard Class,Camping & Hiking,2,7
1,Pacific Asia,Oceania,Standard Class,Camping & Hiking,3,5
0,Pacific Asia,Oceania,Standard Class,Camping & Hiking,2,5
1,Pacific Asia,Southeast Asia,Standard Class,Camping & Hiking,1,1
1,Pacific Asia,Southeast Asia,Standard Class,Camping & Hiking,1,6
1,Pacific Asia,Eastern Asia,Standard Class,Fishing,1,3
0,Pacific Asia,Eastern Asia,Standard Class,Fishing,11,6
0,Pacific Asia,Oceania,Standard Class,Camping & Hiking,1,1
1,Pacific Asia,Oceania,Standard Class,Fishing,12,7
0,Pacific Asia,Oceania,Standard Class,Fishing,12,3
0,Pacific Asia,Southeast Asia,Standard Class,Camping & Hiking,3,3
0,Pacific Asia,Southeast Asia,Standard Class,Camping & Hiking,1,6
1,Pacific Asia,Southeast Asia,Standard Class,Camping & Hiking,2,5
1,Pacific Asia,Southeast Asia,Standard Class,Camping & Hiking,1,6
1,Pacific Asia,West Asia,Standard Class,Camping & Hiking,12,6
0,Pacific Asia,Eastern Asia,Standard Class,Camping & Hiking,12,3
1,Pacific Asia,Eastern Asia,Standard Class,Fishing,1,6
1,Pacific Asia,Oceania,Standard Class,Camping & Hiking,3,5
1,Pacific Asia,Oceania,Standard Class,Fishing,12,7
1,Pacific Asia,Oceania,Standard Class,Fishing,12,7
0,Pacific Asia,Southeast Asia,Standard Class,Camping & Hiking,3,3
1,Pacific Asia,Southeast Asia,Standard Class,Fishing,11,5
1,Pacific Asia,Eastern Asia,Standard Class,Camping & Hiking,2,1
0,Pacific Asia,Eastern Asia,Standard Class,Camping & Hiking,2,2
0,Pacific Asia,Eastern Asia,Standard Class,Fishing,12,5
0,Pacific Asia,Eastern Asia,Standard Class,Fishing,1,5
1,Pacific Asia,Oceania,Standard Class,Camping & Hiking,12,2
0,Pacific Asia,Oceania,Standard Class,Camping & Hiking,2,3
0,Pacific Asia,Oceania,Standard Class,Camping & Hiking,3,2
1,Pacific Asia,Oceania,Standard Class,Fishing,12,7
0,Pacific Asia,South Asia,Standard Class,Camping & Hiking,1,4
0,Pacific Asia,South Asia,Standard Class,Camping & Hiking,12,4
0,Pacific Asia,Southeast Asia,Standard Class,Camping & Hiking,11,4
1,Pacific Asia,Southeast Asia,Standard Class,Camping & Hiking,3,6
1,Pacific Asia,Southeast Asia,Standard Class,Camping & Hiking,11,6
1,Pacific Asia,Southeast Asia,Standard Class,Camping & Hiking,12,5
0,Pacific Asia,Southeast Asia,Standard Class,Camping & Hiking,2,6
1,Pacific Asia,Southeast Asia,Standard Class,Fishing,11,6
0,Pacific Asia,Eastern Asia,Standard Class,Camping & Hiking,11,1
0,Pacific Asia,Eastern Asia,Standard Class,Fishing,12,5
0,Pacific Asia,Eastern Asia,Standard Class,Fishing,1,2
0,Pacific Asia,Oceania,Standard Class,Camping & Hiking,11,4
0,Pacific Asia,Oceania,Standard Class,Fishing,11,1
0,Pacific Asia,Oceania,Standard Class,Fishing,11,4
1,Pacific Asia,South Asia,Standard Class,Camping & Hiking,12,5
0,Pacific Asia,Southeast Asia,Standard Class,Camping & Hiking,12,4
0,Pacific Asia,Southeast Asia,Standard Class,Fishing,11,7
0,Pacific Asia,Eastern Asia,Standard Class,Camping & Hiking,12,3
0,Pacific Asia,Eastern Asia,Standard Class,Fishing,1,2
0,Pacific Asia,Oceania,Standard Class,Camping & Hiking,3,4
0,Pacific Asia,Oceania,Standard Class,Camping & Hiking,12,2
0,Pacific Asia,Oceania,Standard Class,Fishing,1,7
0,Pacific Asia,South Asia,Standard Class,Camping & Hiking,1,5
1,Pacific Asia,South Asia,Standard Class,Camping & Hiking,1,1
0,Pacific Asia,South Asia,Standard Class,Camping & Hiking,11,5
0,Pacific Asia,Southeast Asia,Standard Class,Camping & Hiking,2,1
1,Pacific Asia,Southeast Asia,Standard Class,Camping & Hiking,12,5
0,Pacific Asia,Eastern Asia,Standard Class,Camping & Hiking,2,6
0,Pacific Asia,Eastern Asia,Standard Class,Camping & Hiking,3,7
0,Pacific Asia,Eastern Asia,Standard Class,Fishing,1,2
1,Pacific Asia,South Asia,Standard Class,Camping & Hiking,10,7
1,Pacific Asia,South Asia,Standard Class,Camping & Hiking,11,2
0,Pacific Asia,Southeast Asia,Standard Class,Camping & Hiking,1,5
1,Pacific Asia,Southeast Asia,Standard Class,Fishing,1,7
0,Pacific Asia,West Asia,Standard Class,Camping & Hiking,9,4
0,Pacific Asia,Eastern Asia,Standard Class,Camping & Hiking,3,7
0,Pacific Asia,Eastern Asia,Standard Class,Camping & Hiking,12,1
1,Pacific Asia,Eastern Asia,Standard Class,Fishing,12,3
0,Pacific Asia,Eastern Asia,Standard Class,Fishing,11,5
0,Pacific Asia,Oceania,Standard Class,Camping & Hiking,2,1
0,Pacific Asia,South Asia,Standard Class,Camping & Hiking,1,7
0,Pacific Asia,South Asia,Standard Class,Camping & Hiking,1,4
1,Pacific Asia,South Asia,Standard Class,Camping & Hiking,11,2
0,Pacific Asia,Southeast Asia,Standard Class,Camping & Hiking,1,2
0,Pacific Asia,Southeast Asia,Standard Class,Camping & Hiking,3,5
1,Pacific Asia,Southeast Asia,Standard Class,Fishing,1,7
0,Pacific Asia,Eastern Asia,Standard Class,Camping & Hiking,12,1
1,Pacific Asia,Oceania,Standard Class,Fishing,1,5
0,Pacific Asia,Southeast Asia,Standard Class,Camping & Hiking,1,2
0,Pacific Asia,West Asia,Standard Class,Camping & Hiking,1,4
1,Pacific Asia,West Asia,Standard Class,Camping & Hiking,12,5
0,Pacific Asia,West Asia,Standard Class,Hunting & Shooting,9,4
0,Pacific Asia,Southeast Asia,Standard Class,Sporting Goods,2,7
1,Pacific Asia,South Asia,Standard Class,Sporting Goods,1,5
0,Pacific Asia,South Asia,Standard Class,Sporting Goods,1,4
0,Pacific Asia,Oceania,Standard Class,Sporting Goods,1,3
0,Pacific Asia,Oceania,Standard Class,Sporting Goods,1,2
0,Pacific Asia,Oceania,Standard Class,Sporting Goods,1,6
1,Pacific Asia,Eastern Asia,First Class,Sporting Goods,1,2
1,Pacific Asia,Eastern Asia,First Class,Sporting Goods,1,2
1,Pacific Asia,Eastern Asia,Second Class,Sporting Goods,1,3
0,Pacific Asia,Eastern Asia,Second Class,Sporting Goods,1,6
1,Pacific Asia,South Asia,First Class,Sporting Goods,1,2
1,Pacific Asia,South Asia,First Class,Sporting Goods,1,2
1,Pacific Asia,South Asia,First Class,Sporting Goods,1,2
1,Pacific Asia,South Asia,First Class,Sporting Goods,1,2
0,Pacific Asia,South Asia,Same Day,Sporting Goods,1,7
0,Pacific Asia,South Asia,Same Day,Sporting Goods,1,7
1,Pacific Asia,South Asia,Standard Class,Sporting Goods,1,5
1,Pacific Asia,Oceania,Second Class,Sporting Goods,1,4
0,Pacific Asia,Oceania,Second Class,Sporting Goods,1,3
0,Pacific Asia,Oceania,Second Class,Sporting Goods,1,2
1,Pacific Asia,Oceania,Second Class,Sporting Goods,1,6
1,Pacific Asia,Oceania,Second Class,Sporting Goods,1,5
0,Pacific Asia,Eastern Asia,Standard Class,Sporting Goods,1,4
0,Pacific Asia,Eastern Asia,Standard Class,Sporting Goods,1,2
1,Pacific Asia,Eastern Asia,Standard Class,Sporting Goods,1,6
1,Pacific Asia,South Asia,Standard Class,Sporting Goods,1,5
0,Pacific Asia,South Asia,Standard Class,Sporting Goods,1,4
1,Pacific Asia,Eastern Asia,First Class,Sporting Goods,1,2
1,Pacific Asia,Eastern Asia,First Class,Sporting Goods,1,2
1,Pacific Asia,Southeast Asia,First Class,Sporting Goods,1,2
1,Pacific Asia,South Asia,First Class,Sporting Goods,1,2
1,Pacific Asia,Oceania,First Class,Sporting Goods,1,1
1,Pacific Asia,Oceania,Same Day,Sporting Goods,1,7
1,Pacific Asia,Southeast Asia,Same Day,Sporting Goods,1,7
0,Pacific Asia,Southeast Asia,Standard Class,Sporting Goods,1,3
0,Pacific Asia,Southeast Asia,Standard Class,Sporting Goods,1,2
0,Pacific Asia,Oceania,Standard Class,Sporting Goods,1,1
1,Pacific Asia,South Asia,Standard Class,Sporting Goods,1,5
0,Pacific Asia,Eastern Asia,Standard Class,Sporting Goods,1,3
1,Pacific Asia,South Asia,Second Class,Cleats,2,2
0,Pacific Asia,West Asia,Second Class,Shop By Sport,10,5
1,Pacific Asia,Oceania,Second Class,Women's Apparel,4,3
0,Pacific Asia,West Asia,Second Class,Shop By Sport,11,3
1,Pacific Asia,Eastern Asia,Second Class,Women's Apparel,12,5
1,Pacific Asia,West Asia,Second Class,Women's Apparel,1,5
1,Pacific Asia,South Asia,Second Class,Women's Apparel,10,7
0,USCA,West of USA ,Second Class,Electronics,6,2
1,USCA,West of USA ,Second Class,Boxing & MMA,8,2
1,USCA,West of USA ,Second Class,Cleats,4,3
1,USCA,US Center ,Second Class,Cleats,5,5
0,Africa,West Africa,Second Class,Cardio Equipment,10,5
1,Africa,Central Africa,Second Class,Shop By Sport,11,1
1,Africa,West Africa,Second Class,Trade-In,11,4
1,Africa,North Africa,Second Class,Electronics,12,3
1,Europe,Western Europe,Second Class,Cardio Equipment,7,6
0,Europe,Western Europe,Second Class,Cardio Equipment,7,2
1,Europe,Western Europe,Second Class,Cardio Equipment,8,1
1,Europe,Western Europe,Second Class,Cleats,9,7
0,Europe,Northern Europe,Second Class,Cleats,7,3
1,Europe,Northern Europe,Second Class,Cleats,9,6
1,Europe,Western Europe,Second Class,Cleats,8,4
0,Europe,Western Europe,Second Class,Women's Apparel,7,2
1,Europe,Northern Europe,Second Class,Shop By Sport,8,3
1,Europe,Western Europe,Second Class,Women's Apparel,9,5
1,Europe,Western Europe,Second Class,Trade-In,7,4
1,LATAM,Central America,Second Class,Cardio Equipment,4,6
1,LATAM,Central America,Second Class,Cleats,4,6
1,LATAM,Central America,Second Class,Cleats,5,3
1,LATAM,Caribbean,Second Class,Cleats,4,5
1,LATAM,South America,Second Class,Cleats,4,5
1,LATAM,South America,Second Class,Cleats,4,5
1,LATAM,Caribbean,Second Class,Cleats,6,6
1,LATAM,South America,Second Class,Cleats,2,4
1,LATAM,Central America,Second Class,Women's Apparel,4,5
1,LATAM,Central America,Second Class,Shop By Sport,4,3
1,LATAM,South America,Second Class,Women's Apparel,4,7
1,LATAM,Caribbean,Second Class,Women's Apparel,4,5
1,LATAM,Central America,Second Class,Women's Apparel,3,4
0,LATAM,Central America,Second Class,Women's Apparel,3,3
1,LATAM,Central America,Second Class,Women's Apparel,2,7
1,LATAM,Central America,Second Class,Women's Apparel,2,7
1,LATAM,Central America,Second Class,Women's Apparel,2,4
1,LATAM,South America,Second Class,Shop By Sport,1,1
1,LATAM,South America,Standard Class,Women's Apparel,3,4
1,LATAM,South America,Standard Class,Shop By Sport,2,2
0,LATAM,South America,Standard Class,Shop By Sport,4,3
0,LATAM,South America,Standard Class,Women's Apparel,4,7
1,LATAM,South America,Standard Class,Women's Apparel,4,4
0,LATAM,Caribbean,Standard Class,Shop By Sport,2,5
0,LATAM,Caribbean,Standard Class,Shop By Sport,4,1
1,LATAM,Caribbean,Standard Class,Women's Apparel,3,5
0,LATAM,Central America,Standard Class,Women's Apparel,2,5
0,LATAM,Central America,Standard Class,Women's Apparel,2,4
0,LATAM,South America,Standard Class,Women's Apparel,5,3
0,LATAM,Central America,Standard Class,Shop By Sport,3,1
0,LATAM,South America,Standard Class,Women's Apparel,6,6
0,LATAM,Caribbean,Standard Class,Shop By Sport,1,2
1,LATAM,Central America,Standard Class,Women's Apparel,5,2
1,LATAM,South America,Standard Class,Women's Apparel,3,2
0,LATAM,Caribbean,Standard Class,Women's Apparel,4,2
1,LATAM,Central America,Standard Class,Women's Apparel,3,4
0,LATAM,Central America,Standard Class,Shop By Sport,6,5
0,LATAM,Central America,Standard Class,Women's Apparel,5,6
1,LATAM,South America,Standard Class,Women's Apparel,2,2
0,LATAM,South America,Standard Class,Women's Apparel,5,7
1,LATAM,Central America,Standard Class,Electronics,4,1
0,LATAM,Central America,Standard Class,Electronics,2,5
0,LATAM,Caribbean,Standard Class,Hunting & Shooting,4,6
0,LATAM,South America,Standard Class,Baseball & Softball,5,7
1,LATAM,Central America,Standard Class,Cardio Equipment,5,3
0,LATAM,Central America,Standard Class,Cardio Equipment,2,6
1,LATAM,South America,Standard Class,Cardio Equipment,2,7
0,LATAM,Central America,Standard Class,Cardio Equipment,5,2
1,LATAM,South America,Standard Class,Cardio Equipment,3,6
0,LATAM,Central America,Standard Class,Cardio Equipment,5,2
1,LATAM,Central America,Standard Class,Cardio Equipment,5,1
1,LATAM,Central America,Standard Class,Cardio Equipment,4,5
0,LATAM,South America,Standard Class,Cardio Equipment,5,7
0,LATAM,South America,Standard Class,Boxing & MMA,6,5
0,LATAM,Central America,Standard Class,Cleats,3,3
0,LATAM,Central America,Standard Class,Cleats,2,1
1,LATAM,Central America,Standard Class,Cleats,1,3
0,LATAM,South America,Standard Class,Cleats,2,5
1,LATAM,Central America,Standard Class,Cleats,5,7
1,LATAM,Central America,Standard Class,Cleats,2,1
1,LATAM,Central America,Standard Class,Cleats,1,1
1,Africa,Central Africa,Second Class,Cardio Equipment,1,7
1,Africa,North Africa,Second Class,Men's Footwear,11,5
1,Africa,East Africa,Second Class,Men's Footwear,9,5
1,Africa,North Africa,Second Class,Men's Footwear,8,3
1,Africa,North Africa,Second Class,Cleats,11,5
1,Africa,West Africa,Second Class,Men's Footwear,10,3
1,Africa,North Africa,Second Class,Camping & Hiking,11,2
1,Africa,North Africa,Second Class,Camping & Hiking,8,3
1,Europe,Southern Europe,Second Class,Consumer Electronics,11,2
1,Europe,Western Europe,Second Class,Cameras ,10,4
1,Europe,Western Europe,Second Class,Consumer Electronics,11,3
1,Europe,Western Europe,Second Class,Cameras ,10,1
1,Europe,Western Europe,Second Class,Consumer Electronics,11,2
1,Europe,Southern Europe,Second Class,Cameras ,10,5
1,Europe,Western Europe,Second Class,Consumer Electronics,11,4
1,Europe,Northern Europe,Second Class,Computers,11,6
0,Europe,Western Europe,Second Class,Cameras ,10,1
1,Europe,Western Europe,Second Class,Cameras ,10,7
1,Europe,Northern Europe,Second Class,Computers,11,7
1,Europe,Southern Europe,Second Class,Cameras ,10,3
0,Europe,Northern Europe,Second Class,Consumer Electronics,11,1
1,Europe,Southern Europe,Second Class,Cameras ,10,7
1,Europe,Southern Europe,Second Class,Consumer Electronics,11,4
1,Europe,Western Europe,Second Class,Computers,10,3
0,Europe,Southern Europe,Second Class,Cameras ,10,1
1,Europe,Western Europe,Second Class,Consumer Electronics,11,3
1,Europe,Northern Europe,Second Class,Cameras ,10,7
1,Europe,Western Europe,Second Class,Consumer Electronics,11,7
1,Europe,Western Europe,Second Class,Cameras ,10,2
1,Europe,Northern Europe,Second Class,Consumer Electronics,11,3
1,Europe,Southern Europe,Second Class,Consumer Electronics,11,2
1,Europe,Western Europe,Second Class,Consumer Electronics,11,3
1,Europe,Northern Europe,Second Class,Cameras ,10,3
1,Europe,Southern Europe,Second Class,Cameras ,10,7
1,Europe,Western Europe,Second Class,Consumer Electronics,11,5
1,Europe,Northern Europe,Second Class,Computers,10,3
0,Europe,Northern Europe,Second Class,Cameras ,10,6
1,Europe,Western Europe,Second Class,Basketball,10,7
1,Europe,Southern Europe,Second Class,Soccer,9,4
1,Europe,Northern Europe,Second Class,Baseball & Softball,9,4
1,Europe,Northern Europe,Second Class,Electronics,10,3
1,Europe,Western Europe,Second Class,Cardio Equipment,8,1
1,Europe,Northern Europe,Second Class,Cardio Equipment,8,6
1,Europe,Western Europe,Second Class,Electronics,9,1
1,Europe,Western Europe,Second Class,Cardio Equipment,10,4
1,Europe,Western Europe,Second Class,Cardio Equipment,7,5
0,USCA,US Center ,Standard Class,Electronics,5,6
0,USCA,West of USA ,Standard Class,Cardio Equipment,4,5
0,USCA,West of USA ,Standard Class,Cardio Equipment,8,7
0,USCA,West of USA ,Standard Class,Cardio Equipment,4,5
0,USCA,West of USA ,Standard Class,Cleats,5,6
0,USCA,West of USA ,Standard Class,Cleats,5,1
0,USCA,Canada,Standard Class,Women's Apparel,12,6
0,USCA,US Center ,Standard Class,Women's Apparel,5,6
0,USCA,Canada,Standard Class,Women's Apparel,12,6
0,USCA,East of USA,Standard Class,Shop By Sport,7,6
0,Africa,North Africa,Standard Class,Cleats,9,5
0,Africa,West Africa,Standard Class,Accessories,9,2
0,Africa,North Africa,Standard Class,Women's Apparel,11,4
0,Africa,North Africa,Standard Class,Women's Apparel,9,6
0,Africa,West Africa,Standard Class,Accessories,12,2
1,Africa,East Africa,Standard Class,Cardio Equipment,12,6
1,Africa,East Africa,Standard Class,Cardio Equipment,12,6
0,Africa,North Africa,Standard Class,Cardio Equipment,11,5
0,Africa,Southern Africa,Standard Class,Cardio Equipment,11,7
0,Pacific Asia,Oceania,Standard Class,Cleats,2,7
0,Pacific Asia,Oceania,Standard Class,Men's Footwear,1,1
0,Pacific Asia,Oceania,Standard Class,Men's Footwear,3,2
1,Pacific Asia,Oceania,Standard Class,Men's Footwear,1,5
1,Pacific Asia,Oceania,Standard Class,Women's Clothing,2,6
0,Pacific Asia,West Asia,Standard Class,Men's Footwear,12,6
0,Pacific Asia,Eastern Asia,Standard Class,Crafts,12,6
0,Pacific Asia,Eastern Asia,Standard Class,Men's Footwear,2,3
0,Pacific Asia,Oceania,Standard Class,Cleats,3,6
0,Pacific Asia,Oceania,Standard Class,Men's Footwear,3,4
0,Pacific Asia,Oceania,Standard Class,Men's Footwear,3,6
0,Pacific Asia,West Asia,Standard Class,Men's Footwear,12,6
0,Pacific Asia,Eastern Asia,Standard Class,Men's Footwear,11,7
0,Pacific Asia,Eastern Asia,Standard Class,Men's Footwear,12,4
0,Pacific Asia,Eastern Asia,Standard Class,Men's Footwear,1,2
0,Pacific Asia,Eastern Asia,Standard Class,Women's Clothing,12,2
1,Pacific Asia,Oceania,Standard Class,Cleats,3,2
0,Pacific Asia,Oceania,Standard Class,Men's Footwear,3,7
0,Pacific Asia,Oceania,Standard Class,Men's Footwear,2,4
0,Pacific Asia,Oceania,Standard Class,Women's Clothing,1,3
0,Pacific Asia,South Asia,Standard Class,Men's Footwear,12,3
1,Pacific Asia,South Asia,Standard Class,Men's Footwear,1,1
0,Pacific Asia,Southeast Asia,Standard Class,Crafts,12,7
0,Pacific Asia,Southeast Asia,Standard Class,Men's Footwear,1,6
1,Pacific Asia,West Asia,Standard Class,Men's Footwear,11,3
0,Pacific Asia,Eastern Asia,Standard Class,Cleats,3,7
0,Pacific Asia,Eastern Asia,Standard Class,Men's Clothing,11,3
0,Africa,West Africa,Standard Class,Women's Apparel,10,6
0,Africa,West Africa,Standard Class,Shop By Sport,10,7
0,Africa,West Africa,Standard Class,Women's Apparel,11,3
1,Africa,West Africa,Standard Class,Women's Apparel,10,6
1,Africa,Central Africa,Standard Class,Shop By Sport,10,4
1,Africa,Southern Africa,Standard Class,Accessories,9,5
0,Africa,North Africa,Standard Class,Cardio Equipment,10,2
0,Africa,East Africa,Standard Class,Cleats,9,5
1,Europe,Western Europe,Standard Class,Baseball & Softball,10,2
1,Europe,Eastern Europe,Standard Class,Fitness Accessories,10,4
0,Europe,Western Europe,Standard Class,Cardio Equipment,8,5
0,Europe,Southern Europe,Standard Class,Electronics,8,2
0,Europe,Western Europe,Standard Class,Cardio Equipment,7,2
0,Europe,Western Europe,Standard Class,Cardio Equipment,6,6
1,Europe,Western Europe,Standard Class,Electronics,6,7
1,Europe,Southern Europe,Standard Class,Cardio Equipment,7,4
0,Europe,Southern Europe,Standard Class,Cardio Equipment,9,7
1,Europe,Southern Europe,Standard Class,Cardio Equipment,7,6
0,Europe,Western Europe,Standard Class,Cardio Equipment,9,6
1,Europe,Western Europe,Standard Class,Fitness Accessories,10,5
1,Europe,Southern Europe,Standard Class,Fitness Accessories,10,6
1,Europe,Northern Europe,Standard Class,As Seen on  TV!,9,5
1,Europe,Eastern Europe,Standard Class,Cardio Equipment,11,3
0,LATAM,Central America,Standard Class,Cleats,3,5
1,LATAM,South America,Standard Class,Cleats,6,4
0,LATAM,Central America,Standard Class,Cleats,2,5
0,LATAM,Central America,Standard Class,Cleats,4,2
0,LATAM,South America,Standard Class,Women's Apparel,2,1
0,LATAM,South America,Standard Class,Women's Apparel,3,3
0,LATAM,Central America,Standard Class,Women's Apparel,5,3
0,LATAM,Central America,Standard Class,Women's Apparel,3,3
0,LATAM,Caribbean,Standard Class,Women's Apparel,5,5
0,LATAM,Central America,Standard Class,Shop By Sport,5,2
1,LATAM,Caribbean,Standard Class,Shop By Sport,2,4
1,LATAM,Central America,Standard Class,Shop By Sport,5,1
1,LATAM,South America,Standard Class,Women's Apparel,2,7
1,LATAM,Central America,Standard Class,Girls' Apparel,2,4
1,LATAM,Central America,Standard Class,Girls' Apparel,3,6
0,LATAM,Central America,Standard Class,Women's Apparel,2,5
0,LATAM,Central America,Standard Class,Women's Apparel,4,2
1,LATAM,South America,Standard Class,Shop By Sport,4,7
0,LATAM,Central America,Standard Class,Shop By Sport,4,2
0,LATAM,Central America,Standard Class,Shop By Sport,4,4
0,LATAM,Central America,Standard Class,Women's Apparel,3,5
0,LATAM,South America,Standard Class,Women's Apparel,2,3
1,LATAM,South America,Standard Class,Women's Apparel,2,1
0,LATAM,Caribbean,Standard Class,Shop By Sport,6,6
0,LATAM,Central America,Standard Class,Women's Apparel,4,7
0,LATAM,Central America,Standard Class,Women's Apparel,3,3
0,LATAM,Central America,Standard Class,Girls' Apparel,2,7
0,LATAM,South America,Standard Class,Shop By Sport,2,4
0,LATAM,Central America,Standard Class,Women's Apparel,2,7
0,LATAM,Central America,Standard Class,Shop By Sport,4,7
1,LATAM,Central America,Standard Class,Shop By Sport,2,7
1,LATAM,Central America,Standard Class,Electronics,5,1
0,LATAM,South America,Standard Class,Accessories,3,7
1,LATAM,South America,Standard Class,Golf Balls,5,5
0,Pacific Asia,South Asia,Standard Class,Sporting Goods,1,2
0,Pacific Asia,Eastern Asia,Standard Class,Sporting Goods,1,1
1,Pacific Asia,Eastern Asia,Second Class,Sporting Goods,1,5
1,Pacific Asia,South Asia,Standard Class,Sporting Goods,1,4
0,Pacific Asia,South Asia,Standard Class,Sporting Goods,1,2
0,Pacific Asia,Oceania,Standard Class,Sporting Goods,1,1
1,Pacific Asia,Southeast Asia,Second Class,Sporting Goods,1,5
1,Pacific Asia,Oceania,Standard Class,Sporting Goods,1,4
1,Pacific Asia,Eastern Asia,First Class,Sporting Goods,1,1
0,Pacific Asia,Eastern Asia,Standard Class,Sporting Goods,1,1
1,Pacific Asia,South Asia,Standard Class,Sporting Goods,1,4
0,Pacific Asia,Southeast Asia,Standard Class,Sporting Goods,1,2
0,Pacific Asia,Southeast Asia,Standard Class,Sporting Goods,1,1
1,Pacific Asia,Southeast Asia,Second Class,Sporting Goods,1,5
1,Pacific Asia,Southeast Asia,Standard Class,Sporting Goods,1,4
0,Pacific Asia,South Asia,Standard Class,Sporting Goods,1,3
0,Pacific Asia,South Asia,Standard Class,Sporting Goods,1,2
1,Pacific Asia,South Asia,First Class,Sporting Goods,1,1
1,Pacific Asia,South Asia,First Class,Sporting Goods,1,1
1,Pacific Asia,Eastern Asia,First Class,Sporting Goods,1,1
0,Pacific Asia,Southeast Asia,Same Day,Sporting Goods,1,6
0,Pacific Asia,Southeast Asia,Same Day,Sporting Goods,1,6
0,Pacific Asia,Oceania,Same Day,Sporting Goods,1,6
1,Pacific Asia,Oceania,Standard Class,Sporting Goods,1,4
0,Pacific Asia,Oceania,Standard Class,Sporting Goods,1,3
0,Pacific Asia,Oceania,Standard Class,Sporting Goods,1,2
0,Pacific Asia,Oceania,Standard Class,Sporting Goods,1,1
1,Pacific Asia,Oceania,Standard Class,Sporting Goods,1,5
0,Pacific Asia,Eastern Asia,Standard Class,Sporting Goods,1,4
1,Pacific Asia,Oceania,Second Class,Sporting Goods,1,3
0,Pacific Asia,Oceania,Standard Class,Sporting Goods,1,2
0,Pacific Asia,Eastern Asia,Second Class,Sporting Goods,1,1
1,Pacific Asia,Southeast Asia,First Class,Sporting Goods,1,1
1,Pacific Asia,Southeast Asia,Second Class,Sporting Goods,1,4
1,Pacific Asia,Eastern Asia,Second Class,Sporting Goods,1,3
0,Pacific Asia,Eastern Asia,Standard Class,Sporting Goods,1,1
1,Pacific Asia,South Asia,Standard Class,Sporting Goods,1,4
1,Pacific Asia,South Asia,Second Class,Sporting Goods,1,3
0,Pacific Asia,South Asia,Second Class,Sporting Goods,1,2
1,Pacific Asia,Southeast Asia,Standard Class,Sporting Goods,1,5
1,Pacific Asia,Southeast Asia,Standard Class,Sporting Goods,1,4
1,Pacific Asia,Southeast Asia,Second Class,Sporting Goods,1,3
0,Pacific Asia,Southeast Asia,Standard Class,Sporting Goods,1,1
1,Pacific Asia,Eastern Asia,Second Class,Sporting Goods,1,5
1,Pacific Asia,Eastern Asia,Second Class,Sporting Goods,1,4
1,Pacific Asia,Eastern Asia,First Class,Sporting Goods,1,1
0,Pacific Asia,Southeast Asia,Second Class,Sporting Goods,1,1
1,Pacific Asia,South Asia,Second Class,Sporting Goods,1,5
1,Pacific Asia,South Asia,Second Class,Sporting Goods,1,3
1,Pacific Asia,South Asia,First Class,Sporting Goods,1,7
1,Pacific Asia,South Asia,First Class,Sporting Goods,1,7
1,Pacific Asia,South Asia,First Class,Sporting Goods,1,7
1,Pacific Asia,Southeast Asia,Standard Class,Sporting Goods,1,3
0,Pacific Asia,Oceania,Standard Class,Sporting Goods,1,1
1,Pacific Asia,Southeast Asia,Standard Class,Sporting Goods,1,4
0,Pacific Asia,South Asia,Standard Class,Sporting Goods,1,2
0,Pacific Asia,South Asia,Standard Class,Sporting Goods,1,1
0,Pacific Asia,South Asia,Standard Class,Sporting Goods,1,7
1,Pacific Asia,Southeast Asia,Standard Class,Sporting Goods,1,4
1,Pacific Asia,Southeast Asia,Standard Class,Sporting Goods,1,3
0,Pacific Asia,Oceania,Standard Class,Sporting Goods,1,2
0,Pacific Asia,Oceania,Standard Class,Sporting Goods,1,1
1,Pacific Asia,Eastern Asia,Standard Class,Sporting Goods,1,4
1,Pacific Asia,Eastern Asia,Standard Class,Sporting Goods,1,3
1,Pacific Asia,Oceania,Second Class,Sporting Goods,1,1
1,Pacific Asia,Eastern Asia,First Class,Sporting Goods,1,7
1,Pacific Asia,Eastern Asia,Second Class,Sporting Goods,1,4
1,Pacific Asia,Eastern Asia,Same Day,Sporting Goods,1,6
1,Pacific Asia,Eastern Asia,Same Day,Sporting Goods,1,6
1,Pacific Asia,Oceania,Same Day,Sporting Goods,1,6
1,Pacific Asia,Oceania,Same Day,Sporting Goods,1,6
1,Pacific Asia,Oceania,Same Day,Sporting Goods,1,6
0,Pacific Asia,Oceania,Same Day,Sporting Goods,1,6
1,Pacific Asia,South Asia,Same Day,Sporting Goods,1,6
1,Pacific Asia,South Asia,Standard Class,Sporting Goods,1,4
1,Pacific Asia,Southeast Asia,Standard Class,Sporting Goods,1,3
0,Pacific Asia,South Asia,Standard Class,Sporting Goods,1,2
0,Pacific Asia,Eastern Asia,Standard Class,Sporting Goods,1,1
1,LATAM,Central America,Second Class,Women's Apparel,4,6
1,LATAM,Central America,Second Class,Women's Apparel,2,7
0,Pacific Asia,West Asia,Second Class,Cardio Equipment,12,1
1,Pacific Asia,Oceania,Second Class,Shop By Sport,3,5
1,Pacific Asia,West Asia,Second Class,Cardio Equipment,1,5
1,Pacific Asia,Southeast Asia,Second Class,Cleats,2,7
1,Pacific Asia,Eastern Asia,Second Class,Cleats,12,5
0,Pacific Asia,Southeast Asia,Second Class,Cleats,4,1
0,Pacific Asia,Eastern Asia,Second Class,Cleats,11,7
1,Pacific Asia,Oceania,Second Class,Cleats,1,7
0,Pacific Asia,Southeast Asia,Second Class,Women's Apparel,4,1
1,Pacific Asia,Oceania,Second Class,Shop By Sport,12,7
1,Pacific Asia,Oceania,Second Class,Trade-In,2,6
1,Pacific Asia,South Asia,Second Class,Trade-In,2,7
1,USCA,West of USA ,Second Class,Cleats,7,7
1,USCA,West of USA ,Second Class,Tennis & Racquet,4,3
0,USCA,West of USA ,Second Class,Cardio Equipment,5,1
1,USCA,East of USA,Second Class,Cardio Equipment,7,6
1,USCA,East of USA,Second Class,Cleats,7,6
1,USCA,US Center ,Second Class,Women's Apparel,5,5
1,USCA,South of  USA ,Second Class,Women's Apparel,8,1
1,Africa,Southern Africa,Second Class,Cardio Equipment,11,4
0,Africa,Southern Africa,Second Class,Electronics,10,2
1,Europe,Western Europe,Second Class,Cardio Equipment,7,3
0,Europe,Western Europe,Second Class,Electronics,9,4
0,Europe,Western Europe,Second Class,Cardio Equipment,6,4
1,Europe,Northern Europe,Second Class,Cleats,8,3
1,Europe,Northern Europe,Second Class,Cleats,9,6
1,Europe,Western Europe,Second Class,Cleats,7,6
0,Europe,Western Europe,Second Class,Women's Apparel,6,6
1,Europe,Western Europe,Second Class,Shop By Sport,9,4
0,Europe,Eastern Europe,Second Class,Women's Apparel,10,2
1,Europe,Northern Europe,Second Class,Women's Apparel,8,3
0,Europe,Northern Europe,Second Class,Women's Apparel,7,4
1,Europe,Eastern Europe,Second Class,Shop By Sport,12,4
1,Europe,Northern Europe,Second Class,Women's Apparel,10,6
0,Europe,Western Europe,Second Class,Shop By Sport,7,2
1,Europe,Eastern Europe,Second Class,Accessories,12,4
0,LATAM,Central America,Second Class,Cardio Equipment,1,1
1,LATAM,Caribbean,Second Class,Cardio Equipment,5,6
1,LATAM,Central America,Second Class,Cardio Equipment,4,3
1,LATAM,Central America,Second Class,Cleats,2,7
1,LATAM,Central America,Second Class,Cleats,5,5
1,LATAM,Central America,Second Class,Cleats,4,6
1,LATAM,South America,Second Class,Women's Apparel,3,4
1,LATAM,Central America,Second Class,Shop By Sport,2,7
0,LATAM,Central America,Second Class,Women's Apparel,3,5
1,LATAM,South America,Second Class,Electronics,3,1
1,Pacific Asia,Eastern Asia,Second Class,Accessories,11,5
1,Pacific Asia,Eastern Asia,Second Class,Cleats,12,5
1,Pacific Asia,Oceania,Second Class,Cleats,4,4
1,Pacific Asia,South Asia,Second Class,Cleats,11,4
0,Pacific Asia,Oceania,Second Class,Shop By Sport,12,2
1,Pacific Asia,West Asia,Second Class,Women's Apparel,1,5
1,Pacific Asia,Southeast Asia,Second Class,Shop By Sport,12,1
1,Pacific Asia,Southeast Asia,Second Class,Women's Apparel,11,5
1,Pacific Asia,Eastern Asia,Second Class,Shop By Sport,11,2
0,Pacific Asia,West Asia,Second Class,Women's Apparel,10,5
1,Pacific Asia,Oceania,Second Class,Accessories,12,6
1,USCA,West of USA ,Second Class,Women's Apparel,7,7
1,USCA,West of USA ,Second Class,Electronics,4,7
1,USCA,West of USA ,Second Class,Cleats,7,7
1,USCA,US Center ,Second Class,Cleats,7,7
1,USCA,East of USA,Second Class,Cleats,4,7
1,USCA,South of  USA ,Second Class,Cleats,6,7
1,USCA,US Center ,Second Class,Cleats,7,7
1,USCA,South of  USA ,Second Class,Shop By Sport,8,1
1,USCA,South of  USA ,Second Class,Women's Apparel,8,1
1,Africa,Central Africa,Second Class,Cardio Equipment,12,2
1,Africa,North Africa,Second Class,Women's Apparel,12,3
1,Europe,Southern Europe,Second Class,Cardio Equipment,9,2
0,Europe,Southern Europe,Second Class,Cardio Equipment,8,6
1,Europe,Western Europe,Second Class,Cleats,7,5
1,Europe,Western Europe,Second Class,Cleats,8,5
1,Europe,Western Europe,Second Class,Cleats,7,6
1,Europe,Western Europe,Second Class,Cleats,9,5
0,Europe,Southern Europe,Second Class,Girls' Apparel,8,6
1,Europe,Western Europe,Second Class,Women's Apparel,8,1
1,Europe,Northern Europe,Second Class,Women's Apparel,8,3
0,Europe,Northern Europe,Second Class,Women's Apparel,7,4
1,Europe,Western Europe,Second Class,Shop By Sport,9,1
1,Europe,Western Europe,Second Class,Women's Apparel,8,1
1,Europe,Western Europe,Second Class,Women's Apparel,8,5
1,Europe,Western Europe,Second Class,Women's Apparel,8,3
0,Europe,Western Europe,Second Class,Girls' Apparel,6,6
1,Europe,Western Europe,Second Class,Women's Apparel,7,3
0,Europe,Eastern Europe,Second Class,Golf Balls,1,5
0,LATAM,Central America,Second Class,Women's Apparel,2,4
1,LATAM,Central America,Second Class,Electronics,2,7
1,Europe,Western Europe,Second Class,Strength Training,9,4
0,Europe,Southern Europe,Second Class,Cardio Equipment,8,1
1,Europe,Northern Europe,Second Class,Electronics,7,1
1,Europe,Southern Europe,Second Class,Crafts,11,6
1,Europe,Southern Europe,Second Class,Men's Footwear,7,5
1,Europe,Western Europe,Second Class,Cleats,9,4
1,Europe,Western Europe,Second Class,Men's Footwear,10,7
1,Europe,Western Europe,Second Class,Men's Footwear,8,4
1,Europe,Western Europe,Second Class,Men's Footwear,8,2
1,Europe,Western Europe,Second Class,Men's Footwear,8,7
1,Europe,Eastern Europe,Second Class,Cleats,11,5
1,Europe,Northern Europe,Second Class,Crafts,11,4
1,Europe,Northern Europe,Second Class,Men's Footwear,7,3
1,Europe,Northern Europe,Second Class,Men's Footwear,10,4
1,Europe,Northern Europe,Second Class,Men's Footwear,9,6
0,Europe,Northern Europe,Second Class,Men's Footwear,6,4
1,Europe,Southern Europe,Second Class,Men's Footwear,9,1
0,Europe,Southern Europe,Second Class,Men's Footwear,8,1
0,Europe,Western Europe,Second Class,Crafts,11,4
1,Europe,Western Europe,Second Class,Men's Footwear,10,7
1,Europe,Western Europe,Second Class,Men's Footwear,8,4
1,Europe,Western Europe,Second Class,Men's Footwear,9,4
1,Europe,Eastern Europe,Second Class,Cleats,12,6
0,Europe,Northern Europe,Second Class,Men's Footwear,8,2
0,Europe,Northern Europe,Second Class,Men's Footwear,6,4
1,Europe,Western Europe,Second Class,Cleats,8,5
1,Europe,Northern Europe,Second Class,Men's Footwear,9,7
0,Europe,Northern Europe,Second Class,Men's Footwear,6,4
1,Europe,Southern Europe,Second Class,Cleats,7,7
0,Europe,Western Europe,Second Class,Men's Footwear,8,3
1,Europe,Western Europe,Second Class,Men's Footwear,6,3
1,Europe,Western Europe,Second Class,Men's Footwear,8,1
1,Europe,Western Europe,Second Class,Men's Footwear,9,3
1,Europe,Western Europe,Second Class,Men's Footwear,9,5
1,Europe,Western Europe,Second Class,Men's Footwear,7,4
1,Europe,Western Europe,Second Class,Men's Footwear,6,3
1,Europe,Western Europe,Second Class,Cleats,7,5
1,Europe,Eastern Europe,Second Class,Men's Footwear,10,5
1,Europe,Northern Europe,Second Class,Cleats,7,5
1,Europe,Northern Europe,Second Class,Men's Footwear,7,4
1,Europe,Southern Europe,Second Class,Men's Footwear,9,7
1,Europe,Western Europe,Second Class,Men's Footwear,7,3
1,Europe,Western Europe,Second Class,Men's Footwear,10,7
1,Europe,Southern Europe,Second Class,Men's Footwear,10,3
0,Europe,Western Europe,Second Class,Men's Footwear,8,3
1,Europe,Western Europe,Second Class,Men's Footwear,10,6
1,Europe,Northern Europe,Second Class,Men's Footwear,8,7
1,Europe,Northern Europe,Second Class,Men's Footwear,10,3
1,Europe,Northern Europe,Second Class,Men's Footwear,9,4
1,Europe,Northern Europe,Second Class,Men's Footwear,9,4
1,Europe,Southern Europe,Second Class,Men's Footwear,10,3
1,Europe,Southern Europe,Second Class,Men's Footwear,6,1
1,Europe,Northern Europe,Second Class,Men's Footwear,8,6
1,Europe,Northern Europe,Second Class,Men's Footwear,7,5
0,Europe,Western Europe,Second Class,Cleats,8,2
1,Europe,Western Europe,Second Class,Cleats,7,5
1,Europe,Eastern Europe,Second Class,Men's Footwear,12,6
1,Europe,Northern Europe,Second Class,Men's Footwear,9,5
1,Europe,Northern Europe,Second Class,Men's Footwear,8,2
0,Europe,Southern Europe,Second Class,Men's Footwear,8,3
1,Europe,Southern Europe,Second Class,Men's Footwear,7,4
1,Europe,Western Europe,Second Class,Men's Footwear,9,2
1,Europe,Northern Europe,Second Class,Men's Footwear,10,7
1,Europe,Northern Europe,Second Class,Men's Footwear,9,5
1,Europe,Northern Europe,Second Class,Men's Footwear,8,7
1,Europe,Northern Europe,Second Class,Men's Footwear,8,2
1,Europe,Northern Europe,Second Class,Men's Footwear,7,7
1,Europe,Southern Europe,Second Class,Cleats,6,4
1,Europe,Southern Europe,Second Class,Men's Footwear,7,5
1,Europe,Western Europe,Second Class,Men's Footwear,9,7
1,Europe,Western Europe,Second Class,Men's Footwear,9,2
1,Europe,Western Europe,Second Class,Men's Footwear,6,5
1,Europe,Eastern Europe,Second Class,Cleats,9,6
1,Europe,Northern Europe,Second Class,Men's Footwear,10,7
1,Europe,Northern Europe,Second Class,Men's Footwear,7,7
1,Europe,Southern Europe,Second Class,Men's Footwear,7,5
1,Europe,Western Europe,Second Class,Children's Clothing,10,3
1,Europe,Western Europe,Second Class,Men's Footwear,9,4
1,Europe,Western Europe,Second Class,Men's Footwear,9,5
1,Europe,Western Europe,Second Class,Men's Footwear,8,5
1,Europe,Western Europe,Second Class,Men's Footwear,7,5
1,Europe,Northern Europe,Second Class,Men's Footwear,8,6
1,Europe,Northern Europe,Second Class,Men's Footwear,7,7
1,Europe,Southern Europe,Second Class,Men's Footwear,10,6
1,Europe,Western Europe,Second Class,Cleats,7,6
1,Europe,Western Europe,Second Class,Crafts,11,1
0,Europe,Western Europe,Second Class,Men's Footwear,8,2
1,Europe,Western Europe,Second Class,Men's Footwear,7,5
1,Europe,Eastern Europe,Second Class,Men's Footwear,10,2
1,LATAM,Central America,Standard Class,Cleats,2,1
1,LATAM,South America,Standard Class,Cleats,2,7
1,LATAM,Caribbean,Standard Class,Cleats,4,4
1,LATAM,Central America,Standard Class,Cleats,3,1
0,LATAM,South America,Standard Class,Cleats,5,1
0,LATAM,Central America,Standard Class,Cleats,3,2
1,LATAM,Central America,Standard Class,Cleats,5,7
0,LATAM,Caribbean,Standard Class,Cleats,5,3
1,LATAM,Central America,Standard Class,Cleats,5,1
0,LATAM,Caribbean,Standard Class,Shop By Sport,1,6
1,LATAM,Central America,Standard Class,Women's Apparel,3,2
0,LATAM,South America,Standard Class,Shop By Sport,6,6
1,LATAM,Caribbean,Standard Class,Women's Apparel,2,4
0,LATAM,Central America,Standard Class,Girls' Apparel,2,5
0,LATAM,Central America,Standard Class,Women's Apparel,4,2
1,LATAM,South America,Standard Class,Girls' Apparel,1,1
0,LATAM,South America,Standard Class,Shop By Sport,3,2
1,LATAM,South America,Standard Class,Shop By Sport,3,5
0,LATAM,Central America,Standard Class,Women's Apparel,5,4
1,LATAM,Central America,Standard Class,Women's Apparel,5,7
0,LATAM,Central America,Standard Class,Women's Apparel,5,1
0,LATAM,Central America,Standard Class,Women's Apparel,2,6
0,LATAM,Central America,Standard Class,Girls' Apparel,2,3
0,LATAM,Central America,Standard Class,Shop By Sport,2,2
1,LATAM,Central America,Standard Class,Women's Apparel,3,3
0,LATAM,South America,Standard Class,Women's Apparel,4,7
0,LATAM,South America,Standard Class,Women's Apparel,6,2
1,LATAM,Central America,Standard Class,Women's Apparel,2,3
0,LATAM,Central America,Standard Class,Women's Apparel,5,3
0,LATAM,South America,Standard Class,Shop By Sport,1,6
0,LATAM,South America,Standard Class,Shop By Sport,5,3
0,LATAM,South America,Standard Class,Women's Apparel,5,4
1,LATAM,South America,Standard Class,Shop By Sport,4,1
1,LATAM,Central America,Standard Class,Women's Apparel,2,1
0,LATAM,South America,Standard Class,Girls' Apparel,3,7
0,LATAM,Central America,Standard Class,Electronics,4,2
0,LATAM,South America,Standard Class,Accessories,5,3
1,LATAM,Caribbean,Standard Class,Electronics,1,6
0,LATAM,Central America,Standard Class,Accessories,1,6
0,LATAM,Central America,Standard Class,Trade-In,2,5
0,LATAM,South America,Standard Class,Accessories,6,2
0,LATAM,Central America,Standard Class,Cleats,4,6
0,LATAM,Caribbean,Standard Class,Cleats,6,4
0,LATAM,Central America,Standard Class,Cleats,1,5
0,LATAM,Caribbean,Standard Class,Cleats,4,5
0,LATAM,South America,Standard Class,Cleats,4,5
0,LATAM,Central America,Standard Class,Shop By Sport,2,7
0,LATAM,Caribbean,Standard Class,Women's Apparel,2,7
0,LATAM,Caribbean,Standard Class,Women's Apparel,5,5
0,LATAM,South America,Standard Class,Girls' Apparel,4,5
0,LATAM,South America,Standard Class,Women's Apparel,2,1
0,LATAM,Central America,Standard Class,Girls' Apparel,5,1
0,LATAM,South America,Standard Class,Women's Apparel,6,3
0,LATAM,South America,Standard Class,Shop By Sport,4,5
0,Pacific Asia,South Asia,Standard Class,Cardio Equipment,2,6
0,Pacific Asia,Eastern Asia,Standard Class,Cardio Equipment,12,1
0,Pacific Asia,Oceania,Standard Class,Cardio Equipment,4,3
0,Pacific Asia,Oceania,Standard Class,Baseball & Softball,3,2
1,Pacific Asia,Eastern Asia,Standard Class,Electronics,1,3
1,Pacific Asia,Oceania,Standard Class,Cardio Equipment,3,1
0,Pacific Asia,Southeast Asia,Standard Class,Cardio Equipment,11,4
0,Pacific Asia,West Asia,Standard Class,Cardio Equipment,10,1
0,Pacific Asia,Southeast Asia,Standard Class,Cardio Equipment,3,6
0,Pacific Asia,West Asia,Standard Class,Cardio Equipment,9,2
0,Pacific Asia,Southeast Asia,Standard Class,Cardio Equipment,12,5
0,Pacific Asia,South Asia,Standard Class,Electronics,9,5
0,Pacific Asia,West Asia,Standard Class,Cardio Equipment,12,5
0,Pacific Asia,South Asia,Standard Class,Cleats,11,2
0,Pacific Asia,Southeast Asia,Standard Class,Cleats,12,2
0,Pacific Asia,Eastern Asia,Standard Class,Cleats,12,3
0,Pacific Asia,Oceania,Standard Class,Cleats,1,2
0,Pacific Asia,West Asia,Standard Class,Cleats,11,2
0,Pacific Asia,West Asia,Standard Class,Cleats,9,1
1,Pacific Asia,South Asia,Standard Class,Cleats,12,2
0,Pacific Asia,Eastern Asia,Standard Class,Cleats,2,6
0,Pacific Asia,Southeast Asia,Standard Class,Cleats,11,4
1,Pacific Asia,Southeast Asia,Standard Class,Cleats,2,7
0,Pacific Asia,Oceania,Standard Class,Shop By Sport,2,6
0,Pacific Asia,West Asia,Standard Class,Women's Apparel,11,7
0,Pacific Asia,West Asia,Standard Class,Women's Apparel,12,5
0,Pacific Asia,Eastern Asia,Standard Class,Shop By Sport,11,7
0,Pacific Asia,West Asia,Standard Class,Women's Apparel,1,5
0,Pacific Asia,West Asia,Standard Class,Women's Apparel,10,1
0,Pacific Asia,Eastern Asia,Standard Class,Women's Apparel,11,1
0,Pacific Asia,Eastern Asia,Standard Class,Women's Apparel,11,3
0,Pacific Asia,Southeast Asia,Standard Class,Women's Apparel,1,4
1,Africa,North Africa,Standard Class,Cardio Equipment,10,1
1,Africa,West Africa,Standard Class,Cardio Equipment,12,6
1,Africa,North Africa,Standard Class,Cleats,9,1
0,Africa,West Africa,Standard Class,Cleats,1,6
1,Africa,North Africa,Standard Class,Shop By Sport,9,4
0,Africa,North Africa,Standard Class,Shop By Sport,9,4
0,Africa,West Africa,Standard Class,Shop By Sport,1,6
0,Africa,Central Africa,Standard Class,Women's Apparel,12,7
0,Africa,North Africa,Standard Class,Cleats,11,7
0,Africa,North Africa,Standard Class,Women's Apparel,11,7
0,Europe,Western Europe,Standard Class,Cardio Equipment,8,3
0,Europe,Southern Europe,Standard Class,Cleats,7,7
0,Europe,Western Europe,Standard Class,Cleats,7,6
0,Europe,Southern Europe,Standard Class,Cleats,7,3
0,Europe,Eastern Europe,Standard Class,Cleats,11,1
0,Europe,Northern Europe,Standard Class,Cleats,9,1
0,Europe,Northern Europe,Standard Class,Cleats,7,4
0,Europe,Western Europe,Standard Class,Women's Apparel,9,7
0,Europe,Western Europe,Standard Class,Shop By Sport,7,2
0,Europe,Western Europe,Standard Class,Women's Apparel,10,7
0,Europe,Northern Europe,Standard Class,Women's Apparel,7,4
0,Europe,Northern Europe,Standard Class,Women's Apparel,9,3
0,Europe,Southern Europe,Standard Class,Shop By Sport,7,7
0,Europe,Southern Europe,Standard Class,Women's Apparel,9,1
0,Europe,Western Europe,Standard Class,Women's Apparel,9,4
0,Europe,Western Europe,Standard Class,Women's Apparel,9,4
0,Europe,Western Europe,Standard Class,Baseball & Softball,6,5
0,Europe,Southern Europe,Standard Class,Cardio Equipment,7,7
0,Europe,Southern Europe,Standard Class,Cardio Equipment,7,2
0,Europe,Southern Europe,Standard Class,Cardio Equipment,10,1
0,Europe,Western Europe,Standard Class,Cardio Equipment,9,5
0,Europe,Northern Europe,Standard Class,Cardio Equipment,8,2
0,Europe,Western Europe,Standard Class,Electronics,6,5
0,Europe,Northern Europe,Standard Class,Cardio Equipment,8,4
0,Europe,Western Europe,Standard Class,Cardio Equipment,9,2
1,Europe,Western Europe,Standard Class,Cardio Equipment,7,2
1,Europe,Western Europe,Standard Class,Cardio Equipment,6,5
0,Europe,Southern Europe,Standard Class,Cardio Equipment,9,3
1,Europe,Northern Europe,Standard Class,Cleats,6,7
1,Europe,Western Europe,Standard Class,Cleats,7,1
0,Europe,Western Europe,Standard Class,Cleats,7,3
0,Europe,Northern Europe,Standard Class,Cleats,6,3
1,Europe,Western Europe,Standard Class,Cleats,8,1
0,Europe,Southern Europe,Standard Class,Cleats,7,7
0,Europe,Western Europe,Standard Class,Cleats,8,4
1,Europe,Southern Europe,Standard Class,Cleats,8,7
1,Europe,Western Europe,Standard Class,Cleats,8,6
0,Europe,Southern Europe,Standard Class,Cleats,10,2
1,Europe,Western Europe,Standard Class,Cleats,9,2
1,Europe,Western Europe,Standard Class,Cleats,9,2
0,Europe,Southern Europe,Standard Class,Cleats,9,3
1,Europe,Western Europe,Standard Class,Cleats,9,6
0,Europe,Eastern Europe,Standard Class,Cleats,11,7
0,Europe,Northern Europe,Standard Class,Cleats,6,6
0,Europe,Western Europe,Standard Class,Cleats,6,5
0,Europe,Western Europe,Standard Class,Cleats,9,1
0,Europe,Western Europe,Standard Class,Cleats,9,3
1,Pacific Asia,Eastern Asia,Standard Class,Men's Footwear,1,7
0,Pacific Asia,Eastern Asia,Standard Class,Men's Footwear,11,7
1,Pacific Asia,Eastern Asia,Standard Class,Men's Footwear,1,1
1,Pacific Asia,Eastern Asia,Standard Class,Women's Clothing,1,4
0,Pacific Asia,Oceania,Standard Class,Men's Footwear,2,1
0,Pacific Asia,Oceania,Standard Class,Men's Footwear,3,2
1,Pacific Asia,Oceania,Standard Class,Men's Footwear,3,3
1,Pacific Asia,South Asia,Standard Class,Children's Clothing,12,4
0,Pacific Asia,South Asia,Standard Class,Men's Footwear,12,3
0,Pacific Asia,Southeast Asia,Standard Class,Men's Footwear,1,6
0,Pacific Asia,Southeast Asia,Standard Class,Men's Footwear,12,2
1,Pacific Asia,West Asia,Standard Class,Men's Footwear,11,3
1,Pacific Asia,Eastern Asia,Standard Class,Men's Footwear,1,7
0,Pacific Asia,Eastern Asia,Standard Class,Men's Footwear,11,5
0,Pacific Asia,Oceania,Standard Class,Men's Clothing,11,1
0,Pacific Asia,Oceania,Standard Class,Men's Footwear,2,1
0,Pacific Asia,Oceania,Standard Class,Men's Footwear,11,5
0,Pacific Asia,South Asia,Standard Class,Cleats,11,4
1,Pacific Asia,South Asia,Standard Class,Men's Clothing,11,4
0,Pacific Asia,Southeast Asia,Standard Class,Men's Footwear,12,4
0,Pacific Asia,Southeast Asia,Standard Class,Men's Footwear,12,1
0,Pacific Asia,Southeast Asia,Standard Class,Men's Footwear,1,6
1,Pacific Asia,West Asia,Standard Class,Cleats,12,2
0,Pacific Asia,Eastern Asia,Standard Class,Cleats,2,3
0,Pacific Asia,Oceania,Standard Class,Men's Footwear,1,6
1,Pacific Asia,Oceania,Standard Class,Men's Footwear,12,7
0,Pacific Asia,Oceania,Standard Class,Men's Footwear,11,3
0,Pacific Asia,Oceania,Standard Class,Men's Footwear,3,1
0,Pacific Asia,Oceania,Standard Class,Women's Clothing,1,2
0,Pacific Asia,South Asia,Standard Class,Men's Footwear,11,4
0,Pacific Asia,South Asia,Standard Class,Men's Footwear,11,5
1,Pacific Asia,South Asia,Standard Class,Men's Footwear,1,5
0,Pacific Asia,Southeast Asia,Standard Class,Men's Footwear,12,1
1,Pacific Asia,Southeast Asia,Standard Class,Men's Footwear,11,6
1,Pacific Asia,Southeast Asia,Standard Class,Men's Footwear,11,5
0,Pacific Asia,West Asia,Standard Class,Cleats,12,6
0,Pacific Asia,West Asia,Standard Class,Men's Footwear,9,6
0,Pacific Asia,Eastern Asia,Standard Class,Men's Footwear,3,7
0,Pacific Asia,Eastern Asia,Standard Class,Men's Footwear,2,2
1,Pacific Asia,Eastern Asia,Standard Class,Men's Footwear,11,6
0,Pacific Asia,Eastern Asia,Standard Class,Men's Footwear,12,4
0,Pacific Asia,Oceania,Standard Class,Cleats,12,3
1,Pacific Asia,Oceania,Standard Class,Men's Footwear,3,7
0,Pacific Asia,Oceania,Standard Class,Men's Footwear,11,3
0,Pacific Asia,Oceania,Standard Class,Men's Footwear,3,1
0,Pacific Asia,Oceania,Standard Class,Men's Footwear,3,3
0,Pacific Asia,Oceania,Standard Class,Men's Footwear,3,1
1,Pacific Asia,Oceania,Standard Class,Men's Footwear,3,7
1,Pacific Asia,South Asia,Standard Class,Baby ,12,1
1,Pacific Asia,South Asia,Standard Class,Men's Footwear,1,5
0,Pacific Asia,Southeast Asia,Standard Class,Children's Clothing,12,1
0,Pacific Asia,Southeast Asia,Standard Class,Cleats,11,4
0,Pacific Asia,West Asia,Standard Class,Cleats,10,1
1,Pacific Asia,West Asia,Standard Class,Men's Footwear,12,4
0,Pacific Asia,West Asia,Standard Class,Men's Footwear,9,2
0,Pacific Asia,Eastern Asia,Standard Class,Men's Footwear,12,3
1,Pacific Asia,Oceania,Standard Class,Men's Footwear,2,4
0,Pacific Asia,Oceania,Standard Class,Men's Footwear,12,6
0,Pacific Asia,South Asia,Standard Class,Baby ,12,7
0,Pacific Asia,South Asia,Standard Class,Men's Footwear,1,1
1,Europe,Western Europe,Standard Class,Cardio Equipment,6,3
1,Europe,Northern Europe,Standard Class,Cardio Equipment,9,1
1,Europe,Southern Europe,Standard Class,Cardio Equipment,9,4
1,Europe,Western Europe,Standard Class,Cardio Equipment,8,3
0,Europe,Western Europe,Standard Class,Cardio Equipment,7,2
1,Europe,Northern Europe,Standard Class,Cardio Equipment,9,5
1,Europe,Western Europe,Standard Class,Cardio Equipment,9,3
0,Europe,Western Europe,Standard Class,Cardio Equipment,9,1
1,Europe,Western Europe,Standard Class,Cardio Equipment,6,3
0,Europe,Western Europe,Standard Class,Electronics,10,2
1,Europe,Western Europe,Standard Class,Cardio Equipment,8,2
0,Europe,Southern Europe,Standard Class,Cardio Equipment,7,4
0,Europe,Western Europe,Standard Class,Cardio Equipment,9,3
1,Europe,Western Europe,Standard Class,Cardio Equipment,8,6
0,Europe,Western Europe,Standard Class,Cardio Equipment,10,1
1,Europe,Northern Europe,Standard Class,Cardio Equipment,8,2
0,Europe,Western Europe,Standard Class,Cardio Equipment,9,1
0,Europe,Northern Europe,Standard Class,Cardio Equipment,9,6
1,Europe,Western Europe,Standard Class,Cardio Equipment,8,5
0,Europe,Western Europe,Standard Class,Cardio Equipment,9,4
0,Europe,Southern Europe,Standard Class,Cleats,8,7
0,Europe,Southern Europe,Standard Class,Cleats,6,5
0,Europe,Southern Europe,Standard Class,Cleats,9,1
0,Europe,Western Europe,Standard Class,Cleats,6,1
1,Europe,Eastern Europe,Standard Class,Cleats,11,7
0,Europe,Southern Europe,Standard Class,Cleats,8,7
0,Europe,Western Europe,Standard Class,Cleats,10,6
0,Europe,Western Europe,Standard Class,Cleats,8,7
1,Europe,Western Europe,Standard Class,Cleats,7,2
1,Europe,Western Europe,Standard Class,Cleats,8,2
0,Europe,Eastern Europe,Standard Class,Cleats,9,3
1,Europe,Western Europe,Standard Class,Cleats,8,3
0,Europe,Southern Europe,Standard Class,Cleats,6,7
0,Europe,Western Europe,Standard Class,Cleats,7,2
0,Europe,Western Europe,Standard Class,Cleats,6,6
0,Europe,Southern Europe,Standard Class,Cleats,7,4
0,Europe,Southern Europe,Standard Class,Cleats,10,5
1,Europe,Western Europe,Standard Class,Cleats,9,6
0,Europe,Western Europe,Standard Class,Cleats,10,4
1,Europe,Northern Europe,Standard Class,Cleats,7,2
0,Europe,Southern Europe,Standard Class,Cleats,9,3
1,Europe,Western Europe,Standard Class,Cleats,7,3
1,Europe,Western Europe,Standard Class,Cleats,10,4
0,Europe,Eastern Europe,Standard Class,Cleats,12,7
0,Europe,Eastern Europe,Standard Class,Cleats,12,7
0,Europe,Western Europe,Standard Class,Cleats,9,7
1,Europe,Western Europe,Standard Class,Cleats,6,7
0,Europe,Western Europe,Standard Class,Cleats,7,4
0,Europe,Southern Europe,Standard Class,Cleats,9,6
1,Europe,Northern Europe,Standard Class,Cleats,7,5
1,Europe,Northern Europe,Standard Class,Cleats,7,6
0,Europe,Southern Europe,Standard Class,Cleats,8,5
1,Europe,Southern Europe,Standard Class,Cleats,8,7
0,Europe,Western Europe,Standard Class,Cleats,9,1
0,Europe,Western Europe,Standard Class,Cleats,6,7
1,Europe,Western Europe,Standard Class,Cleats,6,3
0,Europe,Western Europe,Standard Class,Cleats,6,3
1,Europe,Western Europe,Standard Class,Cleats,9,7
0,Europe,Eastern Europe,Standard Class,Cleats,9,6
0,Europe,Northern Europe,Standard Class,Cleats,7,3
1,Europe,Western Europe,Standard Class,Cleats,9,7
0,Europe,Northern Europe,Standard Class,Cleats,7,4
1,Europe,Northern Europe,Standard Class,Cleats,9,5
1,Europe,Southern Europe,Standard Class,Cleats,9,2
1,Europe,Western Europe,Standard Class,Cleats,8,5
0,Europe,Western Europe,Standard Class,Cleats,7,1
0,LATAM,South America,Standard Class,Accessories,1,6
1,LATAM,Caribbean,Standard Class,Trade-In,3,5
0,LATAM,Central America,Standard Class,Electronics,1,1
0,LATAM,Central America,Standard Class,Cardio Equipment,1,4
0,LATAM,South America,Standard Class,Cardio Equipment,6,2
0,LATAM,Central America,Standard Class,Cardio Equipment,2,1
0,LATAM,Central America,Standard Class,Cleats,2,5
0,LATAM,Central America,Standard Class,Cleats,2,5
0,LATAM,Central America,Standard Class,Cleats,2,7
0,LATAM,South America,Standard Class,Women's Apparel,6,2
0,LATAM,South America,Standard Class,Shop By Sport,2,6
0,LATAM,South America,Standard Class,Women's Apparel,2,6
0,Pacific Asia,Eastern Asia,Standard Class,Cleats,1,5
0,Pacific Asia,West Asia,Standard Class,Cleats,12,3
0,Pacific Asia,Eastern Asia,Standard Class,Cleats,1,5
1,Pacific Asia,Southeast Asia,Standard Class,Cardio Equipment,3,6
0,Pacific Asia,Oceania,Standard Class,Cardio Equipment,11,2
0,Pacific Asia,South Asia,Standard Class,Cardio Equipment,1,7
1,Pacific Asia,Southeast Asia,Standard Class,Cardio Equipment,12,5
0,Pacific Asia,Oceania,Standard Class,Cardio Equipment,3,5
0,Pacific Asia,Eastern Asia,Standard Class,Boxing & MMA,12,4
0,Pacific Asia,South Asia,Standard Class,Electronics,9,2
0,Pacific Asia,Oceania,Standard Class,Cleats,11,2
0,Pacific Asia,South Asia,Standard Class,Cleats,11,1
0,Pacific Asia,Oceania,Standard Class,Cleats,12,7
1,Pacific Asia,Oceania,Standard Class,Cleats,3,3
1,Pacific Asia,Eastern Asia,Standard Class,Women's Apparel,11,2
0,Pacific Asia,Oceania,Standard Class,Women's Apparel,11,6
1,Pacific Asia,Eastern Asia,Standard Class,Shop By Sport,3,6
0,Pacific Asia,West Asia,Standard Class,Girls' Apparel,10,7
0,Pacific Asia,Oceania,Standard Class,Women's Apparel,1,7
0,Pacific Asia,Oceania,Standard Class,Shop By Sport,12,3
0,Pacific Asia,Oceania,Standard Class,Shop By Sport,11,2
0,Pacific Asia,Southeast Asia,Standard Class,Women's Apparel,3,2
1,Pacific Asia,Eastern Asia,Standard Class,Women's Apparel,11,5
0,Pacific Asia,Eastern Asia,Standard Class,Women's Apparel,3,1
0,Pacific Asia,Oceania,Standard Class,Shop By Sport,4,7
0,Pacific Asia,West Asia,Standard Class,Electronics,11,2
1,Pacific Asia,Eastern Asia,Standard Class,Golf Balls,11,5
0,Pacific Asia,Eastern Asia,Standard Class,Golf Balls,12,4
0,Pacific Asia,South Asia,Standard Class,Electronics,11,1
1,Pacific Asia,Southeast Asia,Standard Class,Baseball & Softball,1,5
1,Pacific Asia,Oceania,Standard Class,Electronics,4,1
0,Pacific Asia,Oceania,Standard Class,Cardio Equipment,12,1
0,Pacific Asia,Eastern Asia,Standard Class,Cardio Equipment,2,6
1,Pacific Asia,Oceania,Standard Class,Cardio Equipment,4,1
0,Pacific Asia,Southeast Asia,Standard Class,Cardio Equipment,11,4
0,Pacific Asia,Eastern Asia,Standard Class,Cardio Equipment,12,7
1,Pacific Asia,South Asia,Standard Class,Cleats,3,4
1,Pacific Asia,Oceania,Standard Class,Cleats,4,4
1,Pacific Asia,South Asia,Standard Class,Cleats,1,2
1,Pacific Asia,West Asia,Standard Class,Cleats,9,2
0,Pacific Asia,South Asia,Standard Class,Cleats,10,6
1,Pacific Asia,Southeast Asia,Standard Class,Women's Apparel,12,2
0,Pacific Asia,West Asia,Standard Class,Shop By Sport,9,7
0,Pacific Asia,West Asia,Standard Class,Women's Apparel,11,5
0,Pacific Asia,Eastern Asia,Standard Class,Women's Apparel,11,6
0,Pacific Asia,Oceania,Second Class,Sporting Goods,1,7
1,Pacific Asia,Oceania,Standard Class,Sporting Goods,1,4
1,Pacific Asia,Oceania,Standard Class,Sporting Goods,1,3
0,Pacific Asia,Eastern Asia,Standard Class,Sporting Goods,1,2
0,Pacific Asia,Eastern Asia,Standard Class,Sporting Goods,1,1
0,Pacific Asia,Eastern Asia,Second Class,Sporting Goods,1,7
1,Pacific Asia,Eastern Asia,Second Class,Sporting Goods,1,4
1,Pacific Asia,Eastern Asia,First Class,Sporting Goods,1,7
1,Pacific Asia,Eastern Asia,First Class,Sporting Goods,1,7
1,Pacific Asia,Eastern Asia,First Class,Sporting Goods,1,7
1,Pacific Asia,South Asia,First Class,Sporting Goods,1,7
1,Pacific Asia,South Asia,Standard Class,Sporting Goods,1,3
0,Pacific Asia,Eastern Asia,Standard Class,Sporting Goods,1,2
0,Pacific Asia,Oceania,Standard Class,Sporting Goods,1,7
0,Pacific Asia,Oceania,Standard Class,Sporting Goods,1,4
1,Pacific Asia,Oceania,Second Class,Sporting Goods,1,3
1,Pacific Asia,Eastern Asia,Second Class,Sporting Goods,1,2
1,Pacific Asia,Southeast Asia,First Class,Sporting Goods,1,7
1,Pacific Asia,Eastern Asia,First Class,Sporting Goods,1,7
1,Pacific Asia,Eastern Asia,First Class,Sporting Goods,1,7
1,Pacific Asia,Oceania,First Class,Sporting Goods,1,7
0,Pacific Asia,Southeast Asia,Same Day,Sporting Goods,1,5
1,Pacific Asia,Oceania,Standard Class,Sporting Goods,1,4
1,Pacific Asia,Oceania,Standard Class,Sporting Goods,1,3
0,Pacific Asia,South Asia,Standard Class,Sporting Goods,1,1
0,Pacific Asia,Southeast Asia,Standard Class,Sporting Goods,1,6
1,Pacific Asia,Southeast Asia,Standard Class,Sporting Goods,1,3
1,Pacific Asia,Eastern Asia,Second Class,Sporting Goods,1,2
1,Pacific Asia,Eastern Asia,Second Class,Sporting Goods,1,1
1,Pacific Asia,Oceania,Second Class,Sporting Goods,1,7
0,Pacific Asia,Oceania,Second Class,Sporting Goods,1,6
1,Pacific Asia,Oceania,Second Class,Sporting Goods,1,3
1,Pacific Asia,Oceania,First Class,Sporting Goods,1,6
1,Pacific Asia,Oceania,Second Class,Sporting Goods,1,1
0,Pacific Asia,Oceania,Standard Class,Sporting Goods,1,6
1,Pacific Asia,Oceania,Standard Class,Sporting Goods,1,3
1,Pacific Asia,Oceania,Second Class,Sporting Goods,1,2
1,Pacific Asia,Oceania,Second Class,Sporting Goods,1,1
0,Pacific Asia,Oceania,Standard Class,Sporting Goods,1,7
0,Pacific Asia,Southeast Asia,Standard Class,Sporting Goods,1,6
1,Pacific Asia,Oceania,Standard Class,Sporting Goods,1,3
0,Pacific Asia,Oceania,Standard Class,Sporting Goods,1,2
1,Pacific Asia,Oceania,Second Class,Sporting Goods,1,1
1,Pacific Asia,South Asia,Same Day,Sporting Goods,1,5
0,Pacific Asia,Southeast Asia,Standard Class,Sporting Goods,1,6
1,Pacific Asia,Eastern Asia,Standard Class,Sporting Goods,1,3
0,Pacific Asia,Eastern Asia,Standard Class,Sporting Goods,1,1
0,Pacific Asia,Eastern Asia,Standard Class,Sporting Goods,1,7
0,Pacific Asia,Oceania,Standard Class,Sporting Goods,1,6
1,Pacific Asia,Oceania,Standard Class,Sporting Goods,1,3
1,Pacific Asia,Oceania,Standard Class,Sporting Goods,1,2
0,Pacific Asia,Oceania,Standard Class,Sporting Goods,1,6
1,Pacific Asia,Oceania,Standard Class,Sporting Goods,1,3
1,Pacific Asia,Eastern Asia,Second Class,Sporting Goods,1,2
1,Pacific Asia,Eastern Asia,Second Class,Sporting Goods,1,1
0,Pacific Asia,Southeast Asia,Standard Class,Sporting Goods,1,7
1,Pacific Asia,Southeast Asia,Second Class,Sporting Goods,1,3
0,Pacific Asia,Southeast Asia,Second Class,Sporting Goods,1,2
0,Pacific Asia,South Asia,Standard Class,Sporting Goods,12,4
1,Pacific Asia,South Asia,Standard Class,Sporting Goods,12,1
0,Pacific Asia,South Asia,Standard Class,Sporting Goods,12,6
0,Pacific Asia,South Asia,Standard Class,Sporting Goods,12,5
0,Pacific Asia,South Asia,Standard Class,Sporting Goods,12,4
1,Pacific Asia,Oceania,Second Class,Sporting Goods,12,6
0,Pacific Asia,South Asia,Standard Class,Sporting Goods,12,4
1,Pacific Asia,Southeast Asia,Standard Class,Sporting Goods,12,1
1,Pacific Asia,Oceania,Standard Class,Sporting Goods,12,7
0,Pacific Asia,Oceania,Standard Class,Sporting Goods,12,6
0,Pacific Asia,Oceania,Standard Class,Sporting Goods,12,5
1,Pacific Asia,Southeast Asia,First Class,Sporting Goods,12,4
1,Pacific Asia,Southeast Asia,First Class,Sporting Goods,12,4
1,Pacific Asia,Southeast Asia,First Class,Sporting Goods,12,4
0,Pacific Asia,Southeast Asia,Standard Class,Sporting Goods,12,5
1,Pacific Asia,Southeast Asia,Standard Class,Sporting Goods,12,1
0,Pacific Asia,Oceania,Standard Class,Sporting Goods,12,6
0,Pacific Asia,Eastern Asia,Standard Class,Sporting Goods,12,5
0,Pacific Asia,South Asia,Second Class,Sporting Goods,12,4
1,Pacific Asia,South Asia,Standard Class,Sporting Goods,12,1
1,Pacific Asia,Oceania,Second Class,Sporting Goods,12,7
0,Pacific Asia,Southeast Asia,Standard Class,Sporting Goods,12,5
1,Pacific Asia,Southeast Asia,Second Class,Sporting Goods,12,1
0,Pacific Asia,Southeast Asia,Standard Class,Sporting Goods,12,5
0,Pacific Asia,Southeast Asia,Standard Class,Sporting Goods,12,4
1,Pacific Asia,Eastern Asia,Standard Class,Sporting Goods,12,1
0,Pacific Asia,Eastern Asia,Same Day,Sporting Goods,12,2
0,Pacific Asia,Southeast Asia,Standard Class,Sporting Goods,12,4
1,Pacific Asia,Southeast Asia,Standard Class,Sporting Goods,12,1
1,Pacific Asia,Southeast Asia,Standard Class,Sporting Goods,12,7
0,Pacific Asia,South Asia,Standard Class,Sporting Goods,12,6
0,Pacific Asia,South Asia,Standard Class,Sporting Goods,12,5
0,Pacific Asia,Oceania,Standard Class,Sporting Goods,12,4
1,Pacific Asia,Oceania,Standard Class,Sporting Goods,12,1
0,Pacific Asia,Oceania,Standard Class,Sporting Goods,12,7
0,Pacific Asia,South Asia,Standard Class,Sporting Goods,12,6
0,Pacific Asia,Eastern Asia,Standard Class,Sporting Goods,12,5
0,Pacific Asia,Southeast Asia,Standard Class,Sporting Goods,12,4
1,Pacific Asia,Southeast Asia,First Class,Sporting Goods,12,4
1,Pacific Asia,Southeast Asia,First Class,Sporting Goods,12,4
0,Pacific Asia,Southeast Asia,First Class,Sporting Goods,12,4
0,Pacific Asia,Southeast Asia,Standard Class,Sporting Goods,12,5
0,Pacific Asia,Southeast Asia,Standard Class,Sporting Goods,12,4
1,Pacific Asia,Oceania,Standard Class,Sporting Goods,12,7
1,Pacific Asia,Oceania,First Class,Sporting Goods,12,3
0,Pacific Asia,Oceania,Standard Class,Sporting Goods,12,3
1,Pacific Asia,Eastern Asia,Standard Class,Sporting Goods,12,7
1,Pacific Asia,Eastern Asia,Standard Class,Sporting Goods,12,6
0,Pacific Asia,Southeast Asia,Standard Class,Sporting Goods,12,5
0,Pacific Asia,Southeast Asia,Standard Class,Sporting Goods,12,4
1,Pacific Asia,Southeast Asia,First Class,Sporting Goods,12,3
1,Pacific Asia,Southeast Asia,Standard Class,Sporting Goods,12,7
1,Pacific Asia,Southeast Asia,Standard Class,Sporting Goods,12,6
0,Pacific Asia,Southeast Asia,Standard Class,Sporting Goods,12,5
0,Pacific Asia,Eastern Asia,Standard Class,Sporting Goods,12,3
1,Pacific Asia,Southeast Asia,Standard Class,Sporting Goods,12,6
0,Pacific Asia,Eastern Asia,Standard Class,Sporting Goods,12,5
0,Pacific Asia,Eastern Asia,Standard Class,Sporting Goods,12,4
0,Pacific Asia,Southeast Asia,Second Class,Sporting Goods,12,3
1,Pacific Asia,Oceania,First Class,Sporting Goods,12,3
0,Pacific Asia,Eastern Asia,Standard Class,Sporting Goods,12,4
0,Pacific Asia,Eastern Asia,Standard Class,Sporting Goods,12,3
1,Pacific Asia,Eastern Asia,Standard Class,Sporting Goods,12,7
1,Pacific Asia,Southeast Asia,Standard Class,Sporting Goods,12,6
0,Pacific Asia,Oceania,Standard Class,Sporting Goods,12,5
0,Pacific Asia,Southeast Asia,Standard Class,Sporting Goods,12,3
1,Pacific Asia,Southeast Asia,First Class,Sporting Goods,12,3
1,Pacific Asia,Eastern Asia,First Class,Sporting Goods,12,3
0,Pacific Asia,Eastern Asia,First Class,Sporting Goods,12,3
1,Pacific Asia,Eastern Asia,First Class,Sporting Goods,12,3
1,Pacific Asia,Southeast Asia,First Class,Sporting Goods,12,3
1,Pacific Asia,Southeast Asia,First Class,Sporting Goods,12,3
1,Pacific Asia,Oceania,First Class,Sporting Goods,12,3
0,Pacific Asia,Southeast Asia,Standard Class,Sporting Goods,12,3
1,Pacific Asia,South Asia,Standard Class,Sporting Goods,12,7
1,Pacific Asia,South Asia,Standard Class,Sporting Goods,12,6
0,Pacific Asia,Oceania,Standard Class,Sporting Goods,12,5
0,Pacific Asia,Oceania,Standard Class,Sporting Goods,12,4
0,Pacific Asia,Southeast Asia,Second Class,Sporting Goods,12,3
1,Pacific Asia,Eastern Asia,Standard Class,Sporting Goods,12,6
0,Pacific Asia,Eastern Asia,Standard Class,Sporting Goods,12,5
1,Pacific Asia,Southeast Asia,Standard Class,Sporting Goods,12,7
1,Pacific Asia,Southeast Asia,Standard Class,Sporting Goods,12,6
0,Pacific Asia,Southeast Asia,Standard Class,Sporting Goods,12,5
0,Pacific Asia,Southeast Asia,Standard Class,Sporting Goods,12,3
1,Pacific Asia,Southeast Asia,Standard Class,Sporting Goods,12,7
1,Pacific Asia,Southeast Asia,Standard Class,Sporting Goods,12,6
0,Pacific Asia,Southeast Asia,Standard Class,Sporting Goods,12,5
1,Pacific Asia,Southeast Asia,Second Class,Sporting Goods,12,4
0,Pacific Asia,South Asia,Standard Class,Sporting Goods,12,3
1,Pacific Asia,Oceania,Second Class,Sporting Goods,12,6
1,Pacific Asia,Oceania,Second Class,Sporting Goods,12,5
1,Pacific Asia,South Asia,Second Class,Sporting Goods,12,4
0,Pacific Asia,Southeast Asia,Second Class,Sporting Goods,12,3
0,Pacific Asia,Oceania,Same Day,Sporting Goods,12,1
0,Pacific Asia,Oceania,Standard Class,Sporting Goods,12,5
0,Pacific Asia,Oceania,Standard Class,Sporting Goods,12,4
1,LATAM,Central America,Second Class,Cardio Equipment,4,3
1,LATAM,Central America,Second Class,Cleats,3,1
1,LATAM,Central America,Second Class,Cleats,3,1
1,LATAM,South America,Second Class,Cleats,4,7
1,LATAM,Central America,Second Class,Cleats,4,6
1,LATAM,South America,Second Class,Cleats,4,4
0,LATAM,Central America,Second Class,Cleats,4,1
1,LATAM,Central America,Second Class,Cleats,3,6
1,LATAM,South America,Second Class,Cleats,5,2
1,LATAM,South America,Second Class,Cleats,2,4
1,LATAM,Central America,Second Class,Cleats,2,7
1,LATAM,Caribbean,Second Class,Women's Apparel,3,3
1,LATAM,Central America,Second Class,Shop By Sport,5,1
0,LATAM,Central America,Second Class,Women's Apparel,3,4
1,LATAM,South America,Second Class,Women's Apparel,6,4
1,LATAM,Caribbean,Second Class,Shop By Sport,5,6
1,LATAM,Central America,Second Class,Shop By Sport,3,6
1,LATAM,South America,Second Class,Women's Apparel,3,1
1,LATAM,South America,Second Class,Women's Apparel,3,1
1,LATAM,South America,Second Class,Women's Apparel,3,4
1,LATAM,South America,Second Class,Women's Apparel,1,1
1,Pacific Asia,Oceania,Second Class,Cardio Equipment,4,3
1,Pacific Asia,Oceania,Second Class,Cardio Equipment,2,6
1,Pacific Asia,Southeast Asia,Second Class,Cleats,12,1
1,Pacific Asia,South Asia,Second Class,Cleats,11,4
1,Pacific Asia,Oceania,Second Class,Cleats,4,4
1,Pacific Asia,Oceania,Second Class,Cleats,2,7
0,Pacific Asia,Oceania,Second Class,Cleats,3,3
1,Pacific Asia,South Asia,Second Class,Women's Apparel,11,1
0,Pacific Asia,Oceania,Second Class,Women's Apparel,12,2
0,Pacific Asia,Oceania,Second Class,Shop By Sport,12,2
1,USCA,US Center ,Second Class,Cleats,4,1
0,USCA,US Center ,Second Class,Cleats,6,5
1,USCA,West of USA ,Second Class,Shop By Sport,7,7
1,USCA,West of USA ,Second Class,Women's Apparel,8,2
0,USCA,West of USA ,Second Class,Women's Apparel,5,1
1,USCA,East of USA,Second Class,Accessories,4,7
0,Africa,West Africa,Standard Class,Women's Apparel,11,6
1,Africa,Central Africa,Standard Class,Cardio Equipment,11,7
0,Africa,East Africa,Standard Class,Men's Footwear,10,6
1,Africa,West Africa,Standard Class,Men's Footwear,9,7
1,Africa,Southern Africa,Standard Class,Men's Footwear,10,2
0,Africa,West Africa,Standard Class,Cleats,1,6
0,Africa,Central Africa,Standard Class,Men's Footwear,12,3
0,Africa,North Africa,Standard Class,Cleats,12,4
0,Africa,West Africa,Standard Class,Men's Footwear,11,6
1,Africa,Southern Africa,Standard Class,Cleats,10,2
0,Africa,West Africa,Standard Class,Men's Footwear,10,6
0,Africa,Southern Africa,Standard Class,Men's Footwear,10,4
1,Africa,North Africa,Standard Class,Men's Footwear,9,5
1,Africa,Central Africa,Standard Class,Men's Footwear,11,7
0,Africa,North Africa,Standard Class,Cleats,8,3
1,Africa,North Africa,Standard Class,Men's Footwear,9,2
1,Africa,Southern Africa,Standard Class,Cleats,1,5
0,Africa,West Africa,Standard Class,Women's Apparel,12,1
1,Africa,Southern Africa,Standard Class,Women's Apparel,10,2
0,Africa,Southern Africa,Standard Class,Electronics,8,2
1,Africa,East Africa,Standard Class,Accessories,1,3
1,Africa,West Africa,Standard Class,Camping & Hiking,1,3
1,Africa,West Africa,Standard Class,Camping & Hiking,9,7
0,Africa,West Africa,Standard Class,Camping & Hiking,12,1
0,Africa,West Africa,Standard Class,Camping & Hiking,11,6
1,Africa,East Africa,Standard Class,Camping & Hiking,1,1
1,Africa,North Africa,Standard Class,Camping & Hiking,9,5
1,Africa,Southern Africa,Standard Class,Camping & Hiking,10,2
0,Africa,East Africa,Standard Class,Camping & Hiking,10,6
0,Africa,East Africa,Standard Class,Camping & Hiking,10,6
0,Europe,Western Europe,Standard Class,Computers,10,2
1,Europe,Southern Europe,Standard Class,Men's Footwear,8,7
1,Europe,Southern Europe,Standard Class,Men's Footwear,8,7
1,Europe,Northern Europe,Standard Class,Women's Apparel,8,4
0,Europe,Northern Europe,Standard Class,Kids' Golf Clubs,9,1
0,Europe,Western Europe,Standard Class,Fishing,6,6
0,Europe,Western Europe,Standard Class,Camping & Hiking,6,6
1,Europe,Northern Europe,Standard Class,Books ,10,5
1,Europe,Northern Europe,Standard Class,Cameras ,10,1
0,Europe,Southern Europe,Standard Class,Consumer Electronics,11,2
1,Europe,Northern Europe,Standard Class,Cameras ,10,3
1,Europe,Western Europe,Standard Class,Cameras ,10,6
0,Europe,Western Europe,Standard Class,Cameras ,10,4
0,Europe,Western Europe,Standard Class,Cameras ,10,4
0,Europe,Southern Europe,Standard Class,Consumer Electronics,11,2
0,Europe,Western Europe,Standard Class,Cameras ,10,1
0,Europe,Western Europe,Standard Class,Cameras ,10,2
0,Europe,Southern Europe,Standard Class,Computers,10,3
0,Europe,Western Europe,Standard Class,Cameras ,10,6
0,Europe,Western Europe,Standard Class,Cameras ,10,7
0,Europe,Western Europe,Standard Class,Cameras ,10,5
1,Europe,Western Europe,Standard Class,Cameras ,10,5
1,Europe,Western Europe,Standard Class,Computers,11,6
0,Europe,Northern Europe,Standard Class,Basketball,9,3
1,Europe,Northern Europe,Standard Class,Soccer,7,6
1,Europe,Western Europe,Standard Class,Cardio Equipment,8,3
1,Europe,Eastern Europe,Standard Class,Cardio Equipment,11,3
1,Europe,Western Europe,Standard Class,Cardio Equipment,6,6
0,Europe,Western Europe,Standard Class,Cardio Equipment,9,3
0,Europe,Western Europe,Standard Class,Cardio Equipment,9,3
1,Europe,Southern Europe,Standard Class,Boxing & MMA,7,2
0,Europe,Western Europe,Standard Class,Cardio Equipment,10,1
1,Europe,Northern Europe,Standard Class,Cardio Equipment,7,6
1,Europe,Western Europe,Standard Class,Cardio Equipment,9,5
0,Europe,Eastern Europe,Standard Class,Cardio Equipment,10,1
1,Europe,Southern Europe,Standard Class,Cardio Equipment,9,4
1,Europe,Northern Europe,Standard Class,Cleats,9,7
0,Europe,Southern Europe,Standard Class,Men's Footwear,9,6
1,Europe,Western Europe,Standard Class,Children's Clothing,10,2
1,Europe,Western Europe,Standard Class,Crafts,11,5
1,Europe,Western Europe,Standard Class,Men's Footwear,10,1
1,Europe,Western Europe,Standard Class,Men's Footwear,9,4
0,Europe,Northern Europe,Standard Class,Children's Clothing,10,1
1,Europe,Northern Europe,Standard Class,Men's Footwear,10,5
1,Europe,Southern Europe,Standard Class,Men's Footwear,6,5
1,Europe,Southern Europe,Standard Class,Men's Footwear,7,1
0,Europe,Western Europe,Standard Class,Cleats,10,2
0,Europe,Western Europe,Standard Class,Cleats,7,5
0,Europe,Western Europe,Standard Class,Men's Footwear,9,3
1,Europe,Western Europe,Standard Class,Men's Footwear,9,5
0,Europe,Eastern Europe,Standard Class,Men's Footwear,9,2
1,Europe,Northern Europe,Standard Class,Cleats,10,5
1,Europe,Northern Europe,Standard Class,Men's Footwear,9,6
1,Europe,Southern Europe,Standard Class,Men's Footwear,9,7
1,Europe,Southern Europe,Standard Class,Men's Footwear,7,1
0,Europe,Southern Europe,Standard Class,Men's Footwear,6,3
1,Europe,Western Europe,Standard Class,Men's Footwear,9,5
1,Europe,Western Europe,Standard Class,Men's Footwear,9,5
1,Europe,Northern Europe,Standard Class,Men's Footwear,7,1
1,Europe,Southern Europe,Standard Class,Men's Footwear,7,2
0,Europe,Southern Europe,Standard Class,Men's Footwear,7,6
0,Europe,Southern Europe,Standard Class,Men's Footwear,6,3
0,Europe,Western Europe,Standard Class,Cleats,8,2
0,Europe,Western Europe,Standard Class,Men's Footwear,7,1
0,Europe,Western Europe,Standard Class,Men's Footwear,8,4
1,Europe,Northern Europe,Standard Class,Men's Footwear,7,1
0,Europe,Northern Europe,Standard Class,Men's Footwear,7,6
1,Europe,Southern Europe,Standard Class,Men's Footwear,7,4
0,Europe,Southern Europe,Standard Class,Men's Footwear,7,6
1,Europe,Western Europe,Standard Class,Cleats,10,5
0,Europe,Western Europe,Standard Class,Men's Footwear,9,7
0,Europe,Western Europe,Standard Class,Men's Footwear,8,4
1,Europe,Western Europe,Standard Class,Men's Footwear,6,6
1,Europe,Northern Europe,Standard Class,Men's Footwear,10,1
1,Europe,Northern Europe,Standard Class,Men's Footwear,6,2
1,Europe,Western Europe,Standard Class,Crafts,11,7
0,Europe,Western Europe,Standard Class,Men's Footwear,8,2
0,Europe,Western Europe,Standard Class,Men's Footwear,10,6
0,Europe,Southern Europe,Standard Class,Cleats,7,6
0,Europe,Western Europe,Standard Class,Children's Clothing,10,1
0,Europe,Western Europe,Standard Class,Men's Footwear,7,3
0,Europe,Northern Europe,Standard Class,Cleats,9,2
0,Europe,Northern Europe,Standard Class,Men's Footwear,9,7
0,Europe,Southern Europe,Standard Class,Men's Footwear,6,3
0,Europe,Western Europe,Standard Class,Men's Footwear,7,2
0,Europe,Northern Europe,Standard Class,Men's Footwear,9,7
1,Europe,Southern Europe,Standard Class,Cleats,6,5
0,Europe,Southern Europe,Standard Class,Men's Footwear,7,6
1,Europe,Southern Europe,Standard Class,Men's Footwear,9,4
0,Europe,Southern Europe,Standard Class,Men's Footwear,6,3
1,Europe,Western Europe,Standard Class,Men's Footwear,6,6
0,Europe,Southern Europe,Standard Class,Men's Footwear,7,6
1,Europe,Southern Europe,Standard Class,Men's Footwear,8,4
1,Europe,Western Europe,Standard Class,Men's Footwear,10,5
0,Europe,Western Europe,Standard Class,Men's Footwear,9,7
0,Europe,Western Europe,Standard Class,Cleats,10,1
0,Europe,Western Europe,Standard Class,Men's Footwear,9,3
1,Europe,Western Europe,Standard Class,Men's Footwear,6,4
0,Europe,Eastern Europe,Standard Class,Cleats,12,4
1,Europe,Western Europe,Standard Class,Crafts,11,6
0,Europe,Northern Europe,Standard Class,Men's Footwear,7,1
0,Europe,Northern Europe,Standard Class,Men's Footwear,8,3
1,Europe,Western Europe,Standard Class,Cleats,9,4
0,Europe,Western Europe,Standard Class,Men's Footwear,10,5
1,Europe,Western Europe,Standard Class,Men's Footwear,7,1
1,Europe,Eastern Europe,Standard Class,Cleats,11,1
1,Europe,Eastern Europe,Standard Class,Men's Footwear,11,3
1,Europe,Western Europe,Standard Class,Cleats,9,4
1,Europe,Western Europe,Standard Class,Men's Footwear,9,4
1,Europe,Northern Europe,Second Class,Men's Footwear,8,1
1,Europe,Northern Europe,Second Class,Men's Footwear,9,5
1,Europe,Western Europe,Second Class,Cleats,7,5
0,Europe,Western Europe,Second Class,Cleats,8,5
1,Europe,Western Europe,Second Class,Men's Footwear,7,7
0,Europe,Western Europe,Second Class,Men's Footwear,6,2
1,Europe,Northern Europe,Second Class,Men's Footwear,8,1
1,Europe,Southern Europe,Second Class,Children's Clothing,10,4
1,Europe,Western Europe,Second Class,Children's Clothing,10,7
1,Europe,Western Europe,Second Class,Men's Footwear,9,2
1,Europe,Western Europe,Second Class,Men's Footwear,10,2
0,Europe,Western Europe,Second Class,Men's Footwear,9,2
1,Europe,Western Europe,Second Class,Men's Footwear,6,4
1,Europe,Northern Europe,Second Class,Men's Footwear,8,7
1,Europe,Northern Europe,Second Class,Men's Footwear,8,2
1,Europe,Southern Europe,Second Class,Children's Clothing,10,2
1,Europe,Southern Europe,Second Class,Men's Footwear,7,3
1,Europe,Western Europe,Second Class,Children's Clothing,10,2
1,Europe,Western Europe,Second Class,Men's Footwear,10,2
1,Europe,Northern Europe,Second Class,Men's Footwear,8,4
1,Europe,Western Europe,Second Class,Cleats,7,4
1,Europe,Western Europe,Second Class,Men's Footwear,8,4
1,Europe,Southern Europe,Second Class,Shop By Sport,7,2
1,Europe,Northern Europe,Second Class,Women's Apparel,10,4
1,Europe,Western Europe,Second Class,Shop By Sport,7,5
0,Europe,Eastern Europe,Second Class,Women's Apparel,11,4
1,Europe,Western Europe,Second Class,Women's Apparel,10,4
1,Europe,Western Europe,Second Class,Women's Apparel,8,1
1,Europe,Western Europe,Second Class,Women's Apparel,7,2
1,Europe,Western Europe,Second Class,Women's Apparel,10,7
1,Europe,Southern Europe,Second Class,Women's Apparel,6,4
0,Europe,Western Europe,Second Class,Women's Apparel,9,1
1,Europe,Western Europe,Second Class,Shop By Sport,6,2
1,Europe,Southern Europe,Second Class,Shop By Sport,9,7
1,Europe,Western Europe,Second Class,Shop By Sport,10,7
1,Europe,Western Europe,Second Class,Women's Apparel,9,6
1,Europe,Northern Europe,Second Class,Shop By Sport,6,6
1,Europe,Western Europe,Second Class,Girls' Apparel,7,3
1,Europe,Western Europe,Second Class,Shop By Sport,7,3
1,Europe,Western Europe,Second Class,Shop By Sport,10,2
1,Europe,Eastern Europe,Second Class,Golf Balls,12,6
1,Europe,Western Europe,Second Class,Accessories,7,7
1,Europe,Northern Europe,Second Class,Kids' Golf Clubs,9,1
0,Europe,Northern Europe,Second Class,Kids' Golf Clubs,9,2
1,Europe,Western Europe,Second Class,Golf Balls,9,5
1,Europe,Western Europe,Second Class,Kids' Golf Clubs,8,3
1,Europe,Northern Europe,Second Class,Camping & Hiking,9,3
1,Europe,Western Europe,Second Class,Fishing,10,7
0,Europe,Western Europe,Second Class,Fishing,8,5
1,Europe,Western Europe,Second Class,Camping & Hiking,9,3
1,Europe,Northern Europe,Second Class,Camping & Hiking,10,7
0,Europe,Southern Europe,Second Class,Fishing,6,3
1,Europe,Western Europe,Second Class,Camping & Hiking,9,7
1,Europe,Western Europe,Second Class,Camping & Hiking,7,6
1,Europe,Eastern Europe,Second Class,Camping & Hiking,10,5
1,Europe,Northern Europe,Second Class,Fishing,10,4
1,Europe,Northern Europe,Second Class,Fishing,9,6
1,Europe,Southern Europe,Second Class,Camping & Hiking,6,4
1,Europe,Western Europe,Second Class,Camping & Hiking,10,2
1,Europe,Western Europe,Second Class,Camping & Hiking,10,7
1,Europe,Western Europe,Second Class,Fishing,6,4
1,Europe,Northern Europe,Second Class,Camping & Hiking,8,2
1,Europe,Western Europe,Second Class,Fishing,10,2
1,Europe,Southern Europe,Second Class,Camping & Hiking,7,2
1,Europe,Southern Europe,Second Class,Camping & Hiking,9,4
0,Europe,Western Europe,Second Class,Camping & Hiking,8,3
1,Europe,Northern Europe,Second Class,Camping & Hiking,9,5
1,Europe,Northern Europe,Second Class,Camping & Hiking,9,6
1,Europe,Northern Europe,Second Class,Fishing,9,5
0,Europe,Western Europe,Second Class,Camping & Hiking,8,3
1,Europe,Northern Europe,Second Class,Fishing,7,7
1,Europe,Southern Europe,Second Class,Fishing,8,4
1,Europe,Western Europe,Second Class,Camping & Hiking,7,2
0,Europe,Western Europe,Second Class,Camping & Hiking,8,3
0,Europe,Western Europe,Second Class,Fishing,9,2
1,Europe,Western Europe,Second Class,Fishing,8,5
0,Europe,Eastern Europe,Second Class,Camping & Hiking,12,2
1,Europe,Eastern Europe,Second Class,Camping & Hiking,12,6
1,Europe,Northern Europe,Second Class,Fishing,9,4
1,Europe,Southern Europe,Second Class,Camping & Hiking,10,3
1,Europe,Western Europe,Second Class,Camping & Hiking,9,4
0,Europe,Western Europe,Second Class,Fishing,9,2
1,Europe,Western Europe,Second Class,Fishing,8,5
1,Europe,Northern Europe,Second Class,Camping & Hiking,9,5
0,Europe,Southern Europe,Second Class,Fishing,6,5
1,Europe,Western Europe,Second Class,Fishing,8,5
1,Europe,Northern Europe,Second Class,Camping & Hiking,9,5
1,Europe,Western Europe,Second Class,Fishing,9,2
0,Europe,Northern Europe,Second Class,Fishing,10,1
0,Europe,Southern Europe,Second Class,Camping & Hiking,8,1
1,Europe,Southern Europe,Second Class,Camping & Hiking,6,1
1,Europe,Western Europe,Second Class,Camping & Hiking,8,3
0,Europe,Northern Europe,Second Class,Camping & Hiking,9,2
1,Europe,Northern Europe,Second Class,Fishing,8,6
1,Europe,Southern Europe,Second Class,Camping & Hiking,10,6
1,Europe,Southern Europe,Second Class,Camping & Hiking,9,3
1,Europe,Western Europe,Second Class,Fishing,9,3
1,Europe,Western Europe,Second Class,Fishing,9,5
1,Europe,Northern Europe,Second Class,Fishing,8,2
1,Europe,Western Europe,Second Class,Camping & Hiking,8,2
1,Europe,Western Europe,Second Class,Camping & Hiking,6,6
1,Europe,Northern Europe,Second Class,Fishing,8,6
1,Europe,Southern Europe,Second Class,Fishing,10,3
1,Europe,Western Europe,Second Class,Camping & Hiking,7,1
1,Europe,Western Europe,Second Class,Fishing,10,4
1,Europe,Western Europe,Second Class,Fishing,6,2
0,Europe,Western Europe,Second Class,Fishing,6,7
1,Europe,Eastern Europe,Second Class,Camping & Hiking,12,2
1,Europe,Southern Europe,Second Class,Fishing,10,3
0,Europe,Western Europe,Second Class,Fishing,8,3
0,Europe,Western Europe,Second Class,Fishing,6,7
1,Europe,Eastern Europe,Second Class,Camping & Hiking,12,2
1,Europe,Southern Europe,Second Class,Camping & Hiking,7,5
1,Europe,Southern Europe,Second Class,Fishing,10,6
1,Europe,Western Europe,Second Class,Fishing,10,2
1,Europe,Western Europe,Second Class,Fishing,7,6
1,Europe,Western Europe,Second Class,Books ,10,1
0,Europe,Western Europe,Second Class,Books ,10,6
1,Europe,Southern Europe,Second Class,Books ,10,6
1,Europe,Western Europe,Second Class,Books ,10,5
1,Europe,Western Europe,Second Class,DVDs,11,1
1,Europe,Western Europe,Second Class,DVDs,11,3
1,Europe,Western Europe,Second Class,DVDs,11,4
1,Europe,Western Europe,Second Class,DVDs,11,2
0,Europe,Western Europe,Second Class,DVDs,11,7
1,Europe,Northern Europe,Second Class,CDs ,10,7
1,Europe,Northern Europe,Second Class,CDs ,10,4
1,Europe,Northern Europe,Second Class,DVDs,11,3
1,Europe,Southern Europe,Second Class,Consumer Electronics,11,2
1,Europe,Western Europe,Second Class,Computers,11,1
1,Europe,Northern Europe,Second Class,Cardio Equipment,7,7
1,Europe,Western Europe,Second Class,Cardio Equipment,6,3
1,Europe,Western Europe,Second Class,Cleats,9,7
1,Europe,Western Europe,Second Class,Men's Footwear,10,6
1,Europe,Western Europe,Second Class,Cleats,6,4
1,Europe,Western Europe,Second Class,Cleats,10,1
1,Europe,Western Europe,Second Class,Crafts,11,7
1,Europe,Western Europe,Second Class,Men's Footwear,10,7
0,Europe,Western Europe,Second Class,Men's Footwear,10,6
1,Europe,Western Europe,Second Class,Men's Footwear,8,1
1,Europe,Western Europe,Second Class,Men's Footwear,6,3
1,Europe,Western Europe,Second Class,Men's Footwear,9,6
1,Europe,Western Europe,Second Class,Men's Footwear,7,7
1,Europe,Western Europe,Second Class,Men's Footwear,8,2
1,Europe,Southern Europe,Second Class,Men's Footwear,6,4
1,Europe,Southern Europe,Second Class,Men's Footwear,7,6
1,Europe,Western Europe,Second Class,Children's Clothing,10,6
0,Europe,Western Europe,Second Class,Men's Footwear,10,7
1,Europe,Western Europe,Second Class,Men's Footwear,6,4
0,Europe,Western Europe,Second Class,Men's Footwear,10,7
1,Europe,Northern Europe,Second Class,Men's Footwear,8,6
0,Europe,Southern Europe,Second Class,Shop By Sport,10,4
1,Europe,Northern Europe,Second Class,Women's Apparel,6,5
1,Europe,Southern Europe,Second Class,Women's Apparel,9,2
1,Europe,Northern Europe,Second Class,Accessories,6,2
1,Europe,Southern Europe,Second Class,Camping & Hiking,7,6
1,Europe,Western Europe,Second Class,Camping & Hiking,8,4
1,Europe,Western Europe,Second Class,Fishing,10,1
0,Europe,Western Europe,Second Class,Fishing,10,6
1,Europe,Northern Europe,Second Class,Fishing,6,5
0,Europe,Western Europe,Second Class,Fishing,10,6
0,Europe,Western Europe,Second Class,Camping & Hiking,10,6
1,Europe,Western Europe,Second Class,Camping & Hiking,9,7
0,Europe,Western Europe,Second Class,Camping & Hiking,10,7
1,Europe,Northern Europe,Second Class,Camping & Hiking,8,6
1,Europe,Northern Europe,Second Class,Fishing,8,6
1,Europe,Western Europe,Second Class,Fishing,10,7
1,LATAM,Caribbean,Second Class,Cardio Equipment,4,4
1,LATAM,Central America,Second Class,Cardio Equipment,2,3
1,LATAM,Caribbean,Second Class,Cardio Equipment,5,1
1,LATAM,Caribbean,Second Class,Cardio Equipment,5,1
0,LATAM,South America,Second Class,Cardio Equipment,2,1
1,LATAM,Central America,Second Class,Cardio Equipment,1,2
1,LATAM,Central America,Second Class,Cardio Equipment,3,6
1,LATAM,Caribbean,Second Class,Cleats,5,1
1,LATAM,Central America,Second Class,Cleats,5,6
0,Europe,Western Europe,Standard Class,Cleats,9,3
0,Europe,Northern Europe,Standard Class,Cleats,9,5
1,Europe,Northern Europe,Standard Class,Cleats,9,7
0,Europe,Northern Europe,Standard Class,Cleats,9,3
1,Europe,Western Europe,Standard Class,Women's Apparel,9,5
1,Europe,Northern Europe,Standard Class,Women's Apparel,6,7
1,Europe,Western Europe,Standard Class,Women's Apparel,9,7
1,Europe,Western Europe,Standard Class,Women's Apparel,9,7
0,Europe,Northern Europe,Standard Class,Women's Apparel,6,2
0,Europe,Northern Europe,Standard Class,Women's Apparel,10,4
0,Europe,Western Europe,Standard Class,Shop By Sport,8,5
0,Europe,Western Europe,Standard Class,Women's Apparel,6,6
1,Europe,Southern Europe,Standard Class,Women's Apparel,9,6
1,Europe,Western Europe,Standard Class,Women's Apparel,9,1
0,Europe,Southern Europe,Standard Class,Women's Apparel,8,5
0,Europe,Western Europe,Standard Class,Shop By Sport,6,2
1,Europe,Western Europe,Standard Class,Shop By Sport,9,6
0,Europe,Western Europe,Standard Class,Women's Apparel,9,2
0,Europe,Western Europe,Standard Class,Shop By Sport,9,1
0,Europe,Northern Europe,Standard Class,Women's Apparel,10,4
0,Europe,Western Europe,Standard Class,Women's Apparel,7,4
0,Europe,Western Europe,Standard Class,Women's Apparel,10,6
1,Europe,Western Europe,Standard Class,Shop By Sport,7,7
0,Europe,Northern Europe,Standard Class,Women's Apparel,8,3
0,Europe,Western Europe,Standard Class,Women's Apparel,7,4
1,Europe,Western Europe,Standard Class,Women's Apparel,9,2
1,Europe,Western Europe,Standard Class,Women's Apparel,10,6
0,Europe,Southern Europe,Standard Class,Women's Apparel,8,7
0,Europe,Southern Europe,Standard Class,Women's Apparel,6,1
0,Europe,Western Europe,Standard Class,Shop By Sport,8,4
1,Europe,Western Europe,Standard Class,Shop By Sport,7,2
0,Europe,Western Europe,Standard Class,Golf Balls,8,2
1,Europe,Northern Europe,Standard Class,Electronics,10,7
0,Europe,Western Europe,Standard Class,Trade-In,9,1
0,Europe,Western Europe,Standard Class,Electronics,8,5
0,Europe,Eastern Europe,Standard Class,Electronics,1,2
1,Europe,Western Europe,Standard Class,Soccer,8,7
0,Europe,Southern Europe,Standard Class,Lacrosse,9,1
0,Europe,Western Europe,Standard Class,Cardio Equipment,8,5
1,Europe,Southern Europe,Standard Class,Cardio Equipment,6,1
0,Europe,Western Europe,Standard Class,Electronics,8,7
0,Europe,Northern Europe,Standard Class,Fitness Accessories,9,1
0,Europe,Western Europe,Standard Class,Cardio Equipment,8,3
0,Europe,Western Europe,Standard Class,As Seen on  TV!,7,3
1,Europe,Southern Europe,Standard Class,Cardio Equipment,6,7
0,Europe,Western Europe,Standard Class,Cardio Equipment,9,6
1,Europe,Southern Europe,Standard Class,Cardio Equipment,7,1
0,Europe,Western Europe,Standard Class,Cardio Equipment,8,6
0,Europe,Southern Europe,Standard Class,Cardio Equipment,9,6
1,Europe,Western Europe,Standard Class,Boxing & MMA,8,1
0,Europe,Western Europe,Standard Class,Cardio Equipment,6,2
1,Europe,Western Europe,Standard Class,Cleats,6,3
1,Europe,Eastern Europe,Standard Class,Cleats,11,6
0,Europe,Western Europe,Standard Class,Cleats,6,6
1,Europe,Southern Europe,Standard Class,Cleats,6,3
1,Europe,Western Europe,Standard Class,Cleats,8,4
0,Europe,Southern Europe,Standard Class,Cleats,9,7
0,Europe,Western Europe,Standard Class,Cleats,6,1
0,Europe,Western Europe,Standard Class,Cleats,8,5
1,Europe,Southern Europe,Standard Class,Cleats,6,6
1,Europe,Western Europe,Standard Class,Cleats,7,6
1,Europe,Western Europe,Standard Class,Cleats,8,2
1,Europe,Northern Europe,Standard Class,Cleats,7,6
1,Europe,Western Europe,Standard Class,Cleats,9,4
1,Europe,Western Europe,Standard Class,Cleats,8,1
0,Europe,Northern Europe,Standard Class,Cleats,10,5
1,Europe,Western Europe,Standard Class,Cleats,9,5
0,Europe,Southern Europe,Standard Class,Cleats,6,1
1,Europe,Western Europe,Standard Class,Cleats,7,6
0,Europe,Western Europe,Standard Class,Cleats,7,6
0,Europe,Western Europe,Standard Class,Cleats,8,6
1,Europe,Western Europe,Standard Class,Cleats,6,6
1,Europe,Northern Europe,Standard Class,Women's Apparel,10,5
0,Europe,Southern Europe,Standard Class,Shop By Sport,9,4
0,Europe,Southern Europe,Standard Class,Shop By Sport,8,5
0,Europe,Western Europe,Standard Class,Women's Apparel,8,1
1,Europe,Western Europe,Standard Class,Women's Apparel,8,5
0,Europe,Western Europe,Standard Class,Shop By Sport,7,4
1,Europe,Western Europe,Standard Class,Women's Apparel,7,2
1,Europe,Western Europe,Standard Class,Women's Apparel,6,2
0,Europe,Western Europe,Standard Class,Women's Apparel,8,6
1,Europe,Western Europe,Standard Class,Women's Apparel,7,7
0,Europe,Northern Europe,Standard Class,Women's Apparel,8,7
1,Europe,Western Europe,Standard Class,Women's Apparel,8,7
0,Europe,Northern Europe,Standard Class,Shop By Sport,7,3
1,Europe,Northern Europe,Standard Class,Women's Apparel,8,5
0,Europe,Eastern Europe,Standard Class,Women's Apparel,11,3
1,Europe,Northern Europe,Standard Class,Women's Apparel,9,7
0,Europe,Western Europe,Standard Class,Shop By Sport,8,4
1,Europe,Western Europe,Standard Class,Women's Apparel,6,6
1,Europe,Western Europe,Standard Class,Shop By Sport,8,2
0,Europe,Western Europe,Standard Class,Women's Apparel,8,2
0,Europe,Western Europe,Standard Class,Women's Apparel,8,1
0,Europe,Western Europe,Standard Class,Shop By Sport,6,4
1,Europe,Western Europe,Standard Class,Women's Apparel,8,4
0,Europe,Northern Europe,Standard Class,Women's Apparel,9,2
0,Europe,Southern Europe,Standard Class,Women's Apparel,6,1
1,Europe,Southern Europe,Standard Class,Women's Apparel,7,5
0,Europe,Western Europe,Standard Class,Shop By Sport,7,2
1,Europe,Northern Europe,Standard Class,Women's Apparel,7,6
0,Europe,Northern Europe,Standard Class,Accessories,9,4
1,Europe,Northern Europe,Standard Class,Electronics,9,6
0,Europe,Western Europe,Standard Class,Cardio Equipment,6,1
0,Europe,Northern Europe,Standard Class,Cardio Equipment,9,7
0,Europe,Western Europe,Standard Class,Cardio Equipment,7,4
0,Europe,Western Europe,Standard Class,Cleats,9,6
0,Europe,Southern Europe,Standard Class,Cleats,9,5
0,Europe,Western Europe,Standard Class,Cleats,8,7
0,Europe,Northern Europe,Standard Class,Cleats,10,6
0,Europe,Southern Europe,Standard Class,Cleats,9,2
0,Europe,Southern Europe,Standard Class,Cleats,10,2
0,Europe,Northern Europe,Standard Class,Women's Apparel,8,2
0,Europe,Southern Europe,Standard Class,Shop By Sport,9,2
0,Europe,Southern Europe,Standard Class,Women's Apparel,7,6
0,Europe,Western Europe,Standard Class,Shop By Sport,9,7
0,Europe,Western Europe,Standard Class,Shop By Sport,7,3
0,Europe,Northern Europe,Standard Class,Women's Apparel,9,7
0,Europe,Western Europe,Standard Class,Shop By Sport,8,1
0,Europe,Western Europe,Standard Class,Women's Apparel,10,3
0,Europe,Southern Europe,Standard Class,Electronics,9,7
0,Europe,Southern Europe,Standard Class,Electronics,9,2
0,LATAM,Central America,Standard Class,Baseball & Softball,2,1
0,LATAM,Central America,Standard Class,Cardio Equipment,1,3
0,LATAM,South America,Standard Class,Cardio Equipment,5,6
0,LATAM,Central America,Standard Class,Cardio Equipment,3,1
0,LATAM,Central America,Standard Class,Cleats,3,7
0,LATAM,Central America,Standard Class,Cleats,1,3
0,LATAM,South America,Standard Class,Cleats,1,1
0,LATAM,South America,Standard Class,Cleats,2,5
0,LATAM,South America,Standard Class,Cleats,1,1
0,LATAM,Caribbean,Standard Class,Cleats,4,2
0,LATAM,South America,Standard Class,Cleats,4,5
0,LATAM,South America,Standard Class,Cleats,5,6
0,Pacific Asia,Southeast Asia,Standard Class,Shop By Sport,12,4
0,Pacific Asia,West Asia,Standard Class,Women's Apparel,9,2
0,Pacific Asia,South Asia,Standard Class,Women's Apparel,11,5
1,Pacific Asia,West Asia,Standard Class,Girls' Apparel,10,4
1,Pacific Asia,Oceania,Standard Class,Shop By Sport,12,5
0,Pacific Asia,Oceania,Standard Class,Women's Apparel,3,2
0,Pacific Asia,Oceania,Standard Class,Women's Apparel,2,3
0,Pacific Asia,West Asia,Standard Class,Trade-In,11,4
0,Pacific Asia,South Asia,Standard Class,Golf Balls,12,2
0,Pacific Asia,Eastern Asia,Standard Class,Trade-In,11,3
1,Pacific Asia,Eastern Asia,Standard Class,Cardio Equipment,11,2
0,Pacific Asia,Oceania,Standard Class,Cardio Equipment,3,4
0,Pacific Asia,West Asia,Standard Class,Cardio Equipment,9,6
1,Pacific Asia,Oceania,Standard Class,Cardio Equipment,1,5
0,Pacific Asia,South Asia,Standard Class,Cardio Equipment,2,2
0,Pacific Asia,Eastern Asia,Standard Class,Cardio Equipment,3,5
0,Pacific Asia,Oceania,Standard Class,Cardio Equipment,2,1
1,Pacific Asia,South Asia,Standard Class,Cardio Equipment,1,5
1,Pacific Asia,Eastern Asia,Standard Class,Electronics,11,3
0,Pacific Asia,Southeast Asia,Standard Class,Cardio Equipment,12,7
1,Pacific Asia,Southeast Asia,Standard Class,Cardio Equipment,2,2
0,Pacific Asia,Eastern Asia,Standard Class,Cleats,12,5
0,Pacific Asia,South Asia,Standard Class,Cleats,3,7
0,Pacific Asia,Oceania,Standard Class,Cleats,11,5
1,Pacific Asia,Eastern Asia,Standard Class,Cleats,11,3
1,Pacific Asia,West Asia,Standard Class,Cleats,12,1
0,Pacific Asia,Eastern Asia,Standard Class,Cleats,2,1
0,Pacific Asia,Oceania,Standard Class,Cleats,2,1
1,Pacific Asia,Eastern Asia,Standard Class,Cleats,1,5
0,Pacific Asia,Southeast Asia,Standard Class,Cleats,2,7
1,Pacific Asia,West Asia,Standard Class,Cleats,11,2
1,Pacific Asia,Southeast Asia,Standard Class,Cleats,1,1
0,Pacific Asia,West Asia,Standard Class,Cleats,9,4
0,Pacific Asia,South Asia,Standard Class,Cleats,1,1
0,Pacific Asia,Southeast Asia,Standard Class,Cleats,2,2
0,Pacific Asia,South Asia,Standard Class,Shop By Sport,12,1
0,Pacific Asia,South Asia,Standard Class,Shop By Sport,1,7
0,Pacific Asia,Southeast Asia,Standard Class,Shop By Sport,2,6
0,Pacific Asia,Eastern Asia,Standard Class,Women's Apparel,12,4
1,Pacific Asia,Central Asia,Standard Class,Women's Apparel,10,1
0,Pacific Asia,Eastern Asia,Standard Class,Women's Apparel,12,4
1,Pacific Asia,Oceania,Standard Class,Women's Apparel,2,6
0,Pacific Asia,South Asia,Standard Class,Women's Apparel,12,6
0,Pacific Asia,Oceania,Standard Class,Women's Apparel,3,5
1,Pacific Asia,West Asia,Standard Class,Women's Apparel,12,6
0,Pacific Asia,South Asia,Standard Class,Women's Apparel,2,2
1,Pacific Asia,Eastern Asia,Standard Class,Women's Apparel,2,3
1,Pacific Asia,South Asia,Standard Class,Women's Apparel,11,7
0,Pacific Asia,Oceania,Standard Class,Women's Apparel,4,2
1,Pacific Asia,Oceania,Standard Class,Women's Apparel,2,1
1,Pacific Asia,South Asia,Standard Class,Women's Apparel,10,1
0,Pacific Asia,Oceania,Standard Class,Shop By Sport,11,4
0,Pacific Asia,Eastern Asia,Standard Class,Women's Apparel,12,5
0,Pacific Asia,Southeast Asia,Standard Class,Women's Apparel,1,1
1,Pacific Asia,Eastern Asia,Standard Class,Shop By Sport,11,4
0,Pacific Asia,Southeast Asia,Standard Class,Shop By Sport,1,7
1,Pacific Asia,West Asia,Standard Class,Women's Apparel,12,1
0,Pacific Asia,Oceania,Standard Class,Electronics,11,5
0,Pacific Asia,Southeast Asia,Standard Class,Golf Balls,2,2
0,Pacific Asia,West Asia,Standard Class,Trade-In,9,6
0,Pacific Asia,Oceania,Standard Class,Trade-In,1,3
1,Pacific Asia,South Asia,Standard Class,Trade-In,3,7
0,Pacific Asia,Eastern Asia,Standard Class,Golf Balls,11,4
1,Pacific Asia,Southeast Asia,Standard Class,Accessories,11,6
0,Pacific Asia,South Asia,Standard Class,Trade-In,2,3
1,Pacific Asia,Eastern Asia,Standard Class,Electronics,3,7
0,Pacific Asia,Eastern Asia,Standard Class,Electronics,12,1
0,Pacific Asia,Oceania,Standard Class,Electronics,4,6
0,Pacific Asia,Oceania,Standard Class,Cardio Equipment,10,6
0,Pacific Asia,South Asia,Standard Class,Cleats,1,6
0,Pacific Asia,South Asia,Standard Class,Cleats,1,6
0,Pacific Asia,South Asia,Standard Class,Cleats,1,6
0,Pacific Asia,Oceania,Standard Class,Shop By Sport,3,3
0,Pacific Asia,Southeast Asia,Standard Class,Women's Apparel,12,5
0,Pacific Asia,Oceania,Standard Class,Women's Apparel,2,6
0,Pacific Asia,Oceania,Standard Class,Shop By Sport,3,2
0,USCA,US Center ,Standard Class,Cardio Equipment,7,6
0,USCA,East of USA,Standard Class,Cardio Equipment,5,7
0,USCA,West of USA ,Standard Class,Cleats,8,6
0,USCA,US Center ,Standard Class,Cleats,8,7
0,USCA,US Center ,Standard Class,Cleats,8,4
0,USCA,South of  USA ,Standard Class,Girls' Apparel,5,6
0,USCA,US Center ,Standard Class,Women's Apparel,8,6
0,USCA,West of USA ,Standard Class,Women's Apparel,8,1
0,USCA,South of  USA ,Standard Class,Women's Apparel,6,2
0,USCA,West of USA ,Standard Class,Electronics,8,1
0,USCA,South of  USA ,Standard Class,Electronics,4,6
1,USCA,East of USA,Standard Class,Cardio Equipment,8,3
1,USCA,East of USA,Standard Class,Cardio Equipment,8,1
0,USCA,West of USA ,Standard Class,Cardio Equipment,8,3
1,USCA,East of USA,Standard Class,Electronics,6,1
0,USCA,West of USA ,Standard Class,Cleats,4,2
0,USCA,Canada,Standard Class,Cleats,12,1
0,USCA,Canada,Standard Class,Cleats,12,1
1,USCA,South of  USA ,Standard Class,Cleats,4,4
0,USCA,West of USA ,Standard Class,Cleats,7,7
0,USCA,Canada,Standard Class,Cleats,12,5
1,USCA,West of USA ,Standard Class,Cleats,8,5
0,USCA,East of USA,Standard Class,Women's Apparel,4,4
0,USCA,US Center ,Standard Class,Women's Apparel,8,2
0,USCA,Canada,Standard Class,Women's Apparel,10,3
0,USCA,East of USA,Standard Class,Shop By Sport,8,7
1,USCA,US Center ,Standard Class,Women's Apparel,6,4
1,USCA,US Center ,Standard Class,Women's Apparel,7,4
0,USCA,West of USA ,Standard Class,Women's Apparel,4,2
0,USCA,West of USA ,Standard Class,Women's Apparel,5,1
0,USCA,East of USA,Standard Class,Women's Apparel,8,7
1,USCA,West of USA ,Standard Class,Women's Apparel,6,2
0,USCA,West of USA ,Standard Class,Accessories,4,2
0,USCA,Canada,Standard Class,Electronics,10,3
0,USCA,US Center ,Standard Class,Baseball & Softball,4,3
0,USCA,US Center ,Standard Class,Lacrosse,6,7
0,USCA,South of  USA ,Standard Class,Electronics,7,3
0,USCA,US Center ,Standard Class,Cardio Equipment,8,6
0,USCA,Canada,Standard Class,Cardio Equipment,9,6
0,USCA,South of  USA ,Standard Class,Cardio Equipment,6,6
1,USCA,West of USA ,Standard Class,Cardio Equipment,8,1
0,USCA,US Center ,Standard Class,Cleats,6,7
1,USCA,West of USA ,Standard Class,Cleats,6,6
0,USCA,East of USA,Standard Class,Cleats,6,2
0,USCA,US Center ,Standard Class,Cleats,5,3
1,USCA,US Center ,Standard Class,Cleats,5,3
0,USCA,Canada,Standard Class,Cleats,1,3
1,USCA,Canada,Standard Class,Shop By Sport,11,6
1,USCA,East of USA,Standard Class,Shop By Sport,6,2
0,USCA,US Center ,Standard Class,Shop By Sport,7,5
0,USCA,Canada,Standard Class,Women's Apparel,11,7
0,USCA,East of USA,Standard Class,Shop By Sport,4,3
0,USCA,East of USA,Standard Class,Shop By Sport,6,2
0,USCA,East of USA,Standard Class,Women's Apparel,8,4
0,USCA,West of USA ,Standard Class,Shop By Sport,6,4
0,USCA,West of USA ,Standard Class,Women's Apparel,8,6
0,USCA,US Center ,Standard Class,Women's Apparel,4,5
1,USCA,East of USA,Standard Class,Shop By Sport,4,7
0,USCA,US Center ,Standard Class,Golf Balls,4,5
0,USCA,US Center ,Standard Class,Electronics,6,6
1,USCA,East of USA,Standard Class,Trade-In,7,7
0,USCA,West of USA ,Standard Class,Accessories,4,5
0,USCA,US Center ,Standard Class,Lacrosse,4,2
0,USCA,East of USA,Standard Class,Cardio Equipment,4,3
0,USCA,West of USA ,Standard Class,Cardio Equipment,5,3
0,USCA,West of USA ,Standard Class,Cardio Equipment,7,2
0,USCA,East of USA,Standard Class,Cleats,7,3
0,USCA,South of  USA ,Standard Class,Cleats,5,3
0,USCA,West of USA ,Standard Class,Cleats,4,3
0,USCA,West of USA ,Standard Class,Cleats,4,3
0,USCA,West of USA ,Standard Class,Women's Apparel,4,2
0,USCA,West of USA ,Standard Class,Women's Apparel,5,2
0,USCA,West of USA ,Standard Class,Women's Apparel,6,3
0,USCA,West of USA ,Standard Class,Electronics,6,1
0,USCA,US Center ,Standard Class,Electronics,4,2
1,Africa,Southern Africa,First Class,Men's Footwear,11,6
1,Africa,North Africa,First Class,Men's Footwear,1,5
1,Europe,Northern Europe,First Class,Cameras ,10,5
1,Europe,Eastern Europe,First Class,Cardio Equipment,12,5
1,Europe,Southern Europe,First Class,Men's Footwear,9,6
1,Europe,Southern Europe,First Class,Men's Footwear,9,6
1,Europe,Western Europe,First Class,Men's Footwear,9,5
1,Europe,Western Europe,First Class,Men's Footwear,6,4
1,Europe,Western Europe,First Class,Men's Footwear,10,5
1,Europe,Southern Europe,First Class,Men's Footwear,8,3
1,Europe,Western Europe,First Class,Men's Footwear,8,6
1,Europe,Western Europe,First Class,Crafts,11,3
1,Europe,Western Europe,First Class,Men's Footwear,9,7
1,Europe,Western Europe,First Class,Men's Footwear,8,3
1,Europe,Western Europe,First Class,Men's Footwear,8,2
1,Europe,Western Europe,First Class,Men's Footwear,8,2
1,Europe,Southern Europe,First Class,Men's Footwear,7,1
1,Europe,Western Europe,First Class,Men's Footwear,8,2
1,Europe,Western Europe,First Class,Cleats,10,7
1,Europe,Western Europe,First Class,Men's Footwear,8,3
1,Europe,Western Europe,First Class,Cleats,8,6
1,Europe,Western Europe,First Class,Men's Footwear,8,7
1,Europe,Western Europe,First Class,Children's Clothing,10,7
1,Europe,Northern Europe,First Class,Cleats,8,1
1,Europe,Western Europe,First Class,Cleats,8,7
1,Europe,Western Europe,First Class,Women's Apparel,8,7
1,Europe,Southern Europe,First Class,Women's Apparel,7,1
0,Europe,Western Europe,Standard Class,Cleats,7,4
1,Europe,Western Europe,Standard Class,Cleats,9,4
0,Europe,Western Europe,Standard Class,Cleats,10,2
0,Europe,Northern Europe,Standard Class,Cleats,9,1
0,Europe,Southern Europe,Standard Class,Cleats,10,6
1,Europe,Western Europe,Standard Class,Cleats,6,3
1,Europe,Western Europe,Standard Class,Cleats,8,1
0,Europe,Southern Europe,Standard Class,Cleats,9,4
0,Europe,Southern Europe,Standard Class,Cleats,9,1
1,Europe,Western Europe,Standard Class,Cleats,7,7
1,Europe,Northern Europe,Standard Class,Women's Apparel,9,2
0,Europe,Western Europe,Standard Class,Shop By Sport,7,3
0,Europe,Western Europe,Standard Class,Shop By Sport,9,2
0,Europe,Western Europe,Standard Class,Women's Apparel,7,7
0,Europe,Western Europe,Standard Class,Shop By Sport,7,5
0,Europe,Western Europe,Standard Class,Women's Apparel,9,6
0,Europe,Western Europe,Standard Class,Women's Apparel,8,4
0,Europe,Eastern Europe,Standard Class,Shop By Sport,9,4
0,Europe,Eastern Europe,Standard Class,Women's Apparel,11,2
0,Europe,Northern Europe,Standard Class,Women's Apparel,8,7
0,Europe,Southern Europe,Standard Class,Women's Apparel,9,4
0,Europe,Western Europe,Standard Class,Women's Apparel,6,3
0,Europe,Northern Europe,Standard Class,Shop By Sport,8,5
1,Europe,Western Europe,Standard Class,Women's Apparel,9,4
0,Europe,Western Europe,Standard Class,Women's Apparel,8,7
0,Europe,Southern Europe,Standard Class,Shop By Sport,7,4
0,Europe,Southern Europe,Standard Class,Women's Apparel,9,1
1,Europe,Western Europe,Standard Class,Shop By Sport,8,1
0,Europe,Western Europe,Standard Class,Women's Apparel,7,6
0,Europe,Western Europe,Standard Class,Women's Apparel,6,2
1,Europe,Northern Europe,Standard Class,Shop By Sport,9,1
0,Europe,Northern Europe,Standard Class,Women's Apparel,9,6
0,Europe,Western Europe,Standard Class,Shop By Sport,8,5
0,Europe,Western Europe,Standard Class,Women's Apparel,10,1
1,Europe,Northern Europe,Standard Class,Women's Apparel,8,7
0,Europe,Northern Europe,Standard Class,Women's Apparel,7,7
0,Europe,Southern Europe,Standard Class,Shop By Sport,8,6
1,Europe,Southern Europe,Standard Class,Shop By Sport,7,3
0,Europe,Western Europe,Standard Class,Shop By Sport,6,3
0,Europe,Western Europe,Standard Class,Women's Apparel,6,4
0,Europe,Western Europe,Standard Class,Women's Apparel,9,3
0,Europe,Western Europe,Standard Class,Women's Apparel,9,6
1,Europe,Western Europe,Standard Class,Women's Apparel,10,6
0,Europe,Southern Europe,Standard Class,Women's Apparel,8,5
1,Europe,Western Europe,Standard Class,Shop By Sport,6,3
0,Europe,Western Europe,Standard Class,Women's Apparel,10,7
0,Europe,Western Europe,Standard Class,Women's Apparel,9,6
1,Europe,Western Europe,Standard Class,Women's Apparel,8,4
0,Europe,Eastern Europe,Standard Class,Women's Apparel,10,4
0,Europe,Eastern Europe,Standard Class,Women's Apparel,9,3
1,Europe,Western Europe,Standard Class,Women's Apparel,9,2
0,Europe,Northern Europe,Standard Class,Women's Apparel,8,5
0,Europe,Northern Europe,Standard Class,Women's Apparel,9,6
0,Europe,Western Europe,Standard Class,Shop By Sport,7,3
0,Europe,Western Europe,Standard Class,Shop By Sport,10,6
0,Europe,Western Europe,Standard Class,Shop By Sport,6,7
0,Europe,Western Europe,Standard Class,Women's Apparel,10,3
1,Europe,Southern Europe,Standard Class,Women's Apparel,7,1
1,Europe,Western Europe,Standard Class,Shop By Sport,7,7
0,Europe,Western Europe,Standard Class,Women's Apparel,8,5
0,Europe,Western Europe,Standard Class,Women's Apparel,7,2
0,Europe,Western Europe,Standard Class,Shop By Sport,9,3
0,Europe,Western Europe,Standard Class,Women's Apparel,10,2
0,Europe,Southern Europe,Standard Class,Shop By Sport,8,2
0,Europe,Southern Europe,Standard Class,Women's Apparel,9,1
1,Europe,Western Europe,Standard Class,Girls' Apparel,9,3
1,Europe,Western Europe,Standard Class,Shop By Sport,10,6
1,Europe,Western Europe,Standard Class,Women's Apparel,6,6
0,Europe,Western Europe,Standard Class,Women's Apparel,8,5
1,Europe,Western Europe,Standard Class,Women's Apparel,9,5
1,Europe,Northern Europe,Standard Class,Shop By Sport,10,7
0,Europe,Southern Europe,Standard Class,Shop By Sport,9,3
1,Europe,Southern Europe,Standard Class,Women's Apparel,7,5
1,Europe,Western Europe,Standard Class,Shop By Sport,8,3
0,Europe,Western Europe,Standard Class,Shop By Sport,8,3
0,Europe,Western Europe,Standard Class,Women's Apparel,6,6
0,Europe,Western Europe,Standard Class,Women's Apparel,7,1
0,Europe,Western Europe,Standard Class,Women's Apparel,7,5
1,Europe,Northern Europe,Standard Class,Women's Apparel,9,2
0,Europe,Southern Europe,Standard Class,Shop By Sport,6,5
1,Europe,Western Europe,Standard Class,Girls' Apparel,6,1
1,Europe,Western Europe,Standard Class,Shop By Sport,8,3
0,Europe,Western Europe,Standard Class,Shop By Sport,8,2
0,Europe,Western Europe,Standard Class,Women's Apparel,9,2
1,Europe,Western Europe,Standard Class,Women's Apparel,8,4
0,Europe,Western Europe,Standard Class,Women's Apparel,8,4
0,Europe,Western Europe,Standard Class,Women's Apparel,7,7
0,Europe,Western Europe,Standard Class,Women's Apparel,10,2
1,Europe,Eastern Europe,Standard Class,Women's Apparel,10,2
1,Europe,Northern Europe,Standard Class,Women's Apparel,9,2
0,Europe,Southern Europe,Standard Class,Shop By Sport,8,7
1,Europe,Western Europe,Standard Class,Shop By Sport,9,4
0,Europe,Western Europe,Standard Class,Shop By Sport,8,7
1,Europe,Western Europe,Standard Class,Women's Apparel,8,2
0,Europe,Western Europe,Standard Class,Women's Apparel,10,6
1,Europe,Western Europe,Standard Class,Women's Apparel,9,4
1,Europe,Northern Europe,Standard Class,Women's Apparel,7,5
0,Europe,Western Europe,Standard Class,Women's Apparel,10,3
0,Europe,Western Europe,Standard Class,Women's Apparel,10,6
0,Europe,Western Europe,Standard Class,Women's Apparel,9,4
0,Europe,Western Europe,Standard Class,Electronics,7,2
0,Europe,Northern Europe,Standard Class,Accessories,7,7
0,Europe,Southern Europe,Standard Class,Golf Balls,10,5
1,Europe,Western Europe,Standard Class,Trade-In,9,1
0,Europe,Western Europe,Standard Class,Accessories,6,3
0,Europe,Western Europe,Standard Class,Accessories,9,6
0,Europe,Western Europe,Standard Class,Golf Balls,9,3
0,Europe,Western Europe,Standard Class,Trade-In,7,4
1,Europe,Southern Europe,Standard Class,Accessories,8,3
1,Europe,Southern Europe,Standard Class,Electronics,8,3
0,Europe,Western Europe,Standard Class,Hunting & Shooting,7,5
1,Europe,Southern Europe,Standard Class,Hunting & Shooting,9,7
0,Europe,Western Europe,Standard Class,Hunting & Shooting,9,4
0,Europe,Eastern Europe,Standard Class,Electronics,10,5
0,Europe,Western Europe,Standard Class,Cardio Equipment,7,2
0,Europe,Northern Europe,Standard Class,Cardio Equipment,7,6
0,Europe,Western Europe,Standard Class,Cardio Equipment,9,3
0,Europe,Western Europe,Standard Class,Cardio Equipment,10,5
0,Europe,Southern Europe,Standard Class,Cardio Equipment,8,2
0,Europe,Southern Europe,Standard Class,Cardio Equipment,9,1
1,Europe,Western Europe,Standard Class,Cleats,10,3
0,Europe,Northern Europe,Standard Class,Cleats,6,6
1,Europe,Eastern Europe,Standard Class,Cleats,10,6
0,Europe,Western Europe,Standard Class,Cleats,8,3
1,Europe,Northern Europe,Standard Class,Cleats,7,1
0,Europe,Southern Europe,Standard Class,Cleats,7,2
0,Pacific Asia,South Asia,Standard Class,Men's Footwear,9,7
0,Pacific Asia,Southeast Asia,Standard Class,Cleats,11,7
0,Pacific Asia,Eastern Asia,Standard Class,Men's Footwear,12,3
0,Pacific Asia,Oceania,Standard Class,Men's Footwear,12,2
1,Pacific Asia,Oceania,Standard Class,Men's Footwear,2,4
1,Pacific Asia,South Asia,Standard Class,Cleats,11,2
0,Pacific Asia,South Asia,Standard Class,Men's Clothing,11,7
1,Pacific Asia,South Asia,Standard Class,Men's Footwear,11,5
0,Pacific Asia,Southeast Asia,Standard Class,Children's Clothing,12,3
1,Pacific Asia,Southeast Asia,Standard Class,Children's Clothing,12,4
0,Pacific Asia,Southeast Asia,Standard Class,Men's Footwear,12,5
1,Pacific Asia,Southeast Asia,Standard Class,Men's Footwear,11,6
0,Pacific Asia,Southeast Asia,Standard Class,Men's Footwear,2,2
0,Pacific Asia,West Asia,Standard Class,Men's Footwear,11,5
1,Pacific Asia,Eastern Asia,Standard Class,Men's Footwear,2,1
0,Pacific Asia,Oceania,Standard Class,Crafts,1,4
1,Pacific Asia,Oceania,Standard Class,Men's Footwear,2,3
0,Pacific Asia,Oceania,Standard Class,Women's Clothing,12,6
1,Pacific Asia,South Asia,Standard Class,Crafts,1,3
1,Pacific Asia,South Asia,Standard Class,Men's Footwear,12,5
1,Pacific Asia,Southeast Asia,Standard Class,Children's Clothing,12,3
0,Pacific Asia,Southeast Asia,Standard Class,Men's Footwear,12,3
0,Pacific Asia,Southeast Asia,Standard Class,Men's Footwear,3,5
0,Pacific Asia,Southeast Asia,Standard Class,Men's Footwear,2,2
0,Pacific Asia,Southeast Asia,Standard Class,Men's Footwear,1,3
0,Pacific Asia,West Asia,Standard Class,Cleats,11,7
0,Pacific Asia,West Asia,Standard Class,Men's Footwear,10,7
0,Pacific Asia,Eastern Asia,Standard Class,Men's Footwear,2,6
0,Pacific Asia,Eastern Asia,Standard Class,Men's Footwear,12,2
0,Pacific Asia,Oceania,Standard Class,Cleats,2,4
1,Pacific Asia,Oceania,Standard Class,Men's Footwear,12,5
0,Pacific Asia,Oceania,Standard Class,Men's Footwear,3,1
0,Pacific Asia,Oceania,Standard Class,Men's Footwear,1,6
1,Pacific Asia,South Asia,Standard Class,Cleats,12,5
1,Pacific Asia,South Asia,Standard Class,Men's Footwear,11,6
0,Pacific Asia,South Asia,Standard Class,Men's Footwear,2,3
0,Pacific Asia,Southeast Asia,Standard Class,Men's Footwear,11,5
0,Pacific Asia,Eastern Asia,Standard Class,Men's Footwear,1,6
0,Pacific Asia,Oceania,Standard Class,Men's Footwear,3,4
1,Pacific Asia,Oceania,Standard Class,Women's Clothing,12,2
0,Pacific Asia,Oceania,Standard Class,Women's Clothing,2,5
0,Pacific Asia,South Asia,Standard Class,Crafts,1,2
1,Pacific Asia,South Asia,Standard Class,Men's Footwear,1,1
1,Pacific Asia,Southeast Asia,Standard Class,Men's Footwear,11,6
1,Pacific Asia,Southeast Asia,Standard Class,Women's Clothing,2,7
1,Pacific Asia,West Asia,Standard Class,Men's Footwear,1,2
0,Pacific Asia,Eastern Asia,Standard Class,Cleats,11,7
0,Pacific Asia,Eastern Asia,Standard Class,Men's Footwear,1,6
0,Pacific Asia,Eastern Asia,Standard Class,Men's Footwear,2,6
0,Pacific Asia,Eastern Asia,Standard Class,Women's Clothing,2,6
1,Pacific Asia,Oceania,Standard Class,Men's Footwear,3,5
0,Pacific Asia,Oceania,Standard Class,Men's Footwear,3,2
1,Pacific Asia,Oceania,Standard Class,Men's Footwear,4,7
0,Pacific Asia,Oceania,Standard Class,Men's Footwear,3,4
1,Pacific Asia,Oceania,Standard Class,Women's Clothing,2,2
1,Pacific Asia,Southeast Asia,Standard Class,Cleats,11,5
1,Pacific Asia,Southeast Asia,Standard Class,Crafts,1,3
0,Pacific Asia,Southeast Asia,Standard Class,Men's Footwear,2,6
0,Pacific Asia,West Asia,Standard Class,Cleats,9,6
0,Pacific Asia,West Asia,Standard Class,Men's Footwear,9,3
0,Pacific Asia,Eastern Asia,Standard Class,Shop By Sport,3,2
0,Pacific Asia,Eastern Asia,Standard Class,Women's Apparel,2,3
0,Pacific Asia,South Asia,Standard Class,Women's Apparel,2,2
1,Pacific Asia,South Asia,Standard Class,Women's Apparel,1,2
1,Pacific Asia,Southeast Asia,Standard Class,Shop By Sport,1,3
0,Pacific Asia,West Asia,Standard Class,Women's Apparel,1,6
1,Pacific Asia,West Asia,Standard Class,Shop By Sport,12,1
0,Pacific Asia,Oceania,Standard Class,Women's Apparel,3,3
1,Pacific Asia,Oceania,Standard Class,Women's Apparel,3,2
0,Pacific Asia,South Asia,Standard Class,Shop By Sport,9,7
0,Pacific Asia,Eastern Asia,Standard Class,Shop By Sport,2,3
0,Pacific Asia,Oceania,Standard Class,Women's Apparel,11,1
1,Pacific Asia,Oceania,Standard Class,Women's Apparel,3,2
0,Pacific Asia,Southeast Asia,Standard Class,Women's Apparel,1,4
0,Pacific Asia,West Asia,Standard Class,Women's Apparel,11,6
0,Pacific Asia,Oceania,Standard Class,Shop By Sport,1,6
0,Pacific Asia,Oceania,Standard Class,Women's Apparel,3,3
1,Pacific Asia,South Asia,Standard Class,Shop By Sport,11,1
1,Pacific Asia,South Asia,Standard Class,Women's Apparel,11,2
1,Pacific Asia,Oceania,Standard Class,Shop By Sport,3,5
0,Pacific Asia,Oceania,Standard Class,Women's Apparel,4,1
0,Pacific Asia,Oceania,Standard Class,Women's Apparel,1,6
0,Pacific Asia,West Asia,Standard Class,Women's Apparel,1,7
1,Pacific Asia,Eastern Asia,Standard Class,Shop By Sport,1,6
0,Pacific Asia,Southeast Asia,Standard Class,Women's Apparel,2,2
1,Pacific Asia,Eastern Asia,Standard Class,Women's Apparel,11,7
1,Pacific Asia,Oceania,Standard Class,Women's Apparel,2,4
1,Pacific Asia,Oceania,Standard Class,Women's Apparel,3,4
0,Pacific Asia,South Asia,Standard Class,Women's Apparel,10,1
0,Pacific Asia,Eastern Asia,Standard Class,Shop By Sport,3,6
1,Pacific Asia,Eastern Asia,Standard Class,Shop By Sport,3,4
0,Pacific Asia,Eastern Asia,Standard Class,Women's Apparel,3,2
0,Pacific Asia,Oceania,Standard Class,Shop By Sport,3,1
0,Pacific Asia,Southeast Asia,Standard Class,Women's Apparel,2,6
0,Pacific Asia,Oceania,Standard Class,Shop By Sport,1,1
1,Pacific Asia,Oceania,Standard Class,Women's Apparel,2,3
0,Pacific Asia,West Asia,Standard Class,Women's Apparel,11,7
0,Pacific Asia,Eastern Asia,Standard Class,Women's Apparel,1,6
0,Pacific Asia,West Asia,Standard Class,Shop By Sport,12,1
1,Pacific Asia,South Asia,Standard Class,Women's Apparel,1,2
0,Pacific Asia,Eastern Asia,Standard Class,Trade-In,1,5
1,Pacific Asia,Oceania,Standard Class,Electronics,12,5
1,Pacific Asia,Eastern Asia,Standard Class,Accessories,2,1
0,Pacific Asia,South Asia,Standard Class,Accessories,12,6
0,Pacific Asia,Eastern Asia,Standard Class,Garden,11,3
1,Pacific Asia,Eastern Asia,Standard Class,Garden,11,4
0,Pacific Asia,Eastern Asia,Standard Class,Garden,11,3
0,Pacific Asia,South Asia,Standard Class,Garden,11,1
0,Pacific Asia,Eastern Asia,Standard Class,Garden,1,4
1,Pacific Asia,Oceania,Standard Class,Accessories,3,2
1,Pacific Asia,Oceania,Standard Class,Garden,11,3
1,Pacific Asia,Eastern Asia,Standard Class,Electronics,12,5
1,Pacific Asia,Eastern Asia,Standard Class,Garden,11,3
1,Pacific Asia,Eastern Asia,Standard Class,Garden,11,1
0,Pacific Asia,Oceania,Standard Class,Electronics,11,3
0,Pacific Asia,Oceania,Standard Class,Garden,11,7
1,Pacific Asia,Oceania,Standard Class,Accessories,11,3
0,Pacific Asia,Oceania,Standard Class,Garden,11,5
0,Pacific Asia,South Asia,Standard Class,Trade-In,1,1
0,Pacific Asia,West Asia,Standard Class,Golf Balls,10,3
0,Pacific Asia,Oceania,Standard Class,Trade-In,12,3
1,Pacific Asia,Eastern Asia,Standard Class,Fishing,11,3
1,Pacific Asia,Oceania,Standard Class,Fishing,12,6
1,Pacific Asia,Southeast Asia,Standard Class,Camping & Hiking,1,1
0,Pacific Asia,Southeast Asia,Standard Class,Fishing,1,5
0,Pacific Asia,Southeast Asia,Standard Class,Fishing,1,2
0,Pacific Asia,South Asia,Standard Class,Women's Apparel,3,1
0,Pacific Asia,Oceania,Standard Class,Shop By Sport,11,3
1,Pacific Asia,Oceania,Standard Class,Golf Balls,11,7
1,Pacific Asia,Southeast Asia,Standard Class,Accessories,12,2
0,Pacific Asia,South Asia,Standard Class,Electronics,12,2
0,Pacific Asia,Southeast Asia,Standard Class,Trade-In,1,1
1,Pacific Asia,West Asia,Standard Class,Trade-In,9,2
0,Pacific Asia,Oceania,Standard Class,Trade-In,3,3
0,Pacific Asia,South Asia,Standard Class,Cardio Equipment,10,4
0,Pacific Asia,Eastern Asia,Standard Class,Cleats,12,1
0,Pacific Asia,Southeast Asia,Standard Class,Women's Apparel,11,1
0,Pacific Asia,Eastern Asia,Standard Class,Accessories,3,5
0,USCA,South of  USA ,Standard Class,Cleats,6,2
0,USCA,US Center ,Standard Class,Cleats,5,2
0,USCA,South of  USA ,Standard Class,Shop By Sport,5,1
0,USCA,East of USA,Standard Class,Cardio Equipment,5,4
0,USCA,West of USA ,Standard Class,Cardio Equipment,8,2
0,USCA,West of USA ,Standard Class,Cardio Equipment,7,1
0,USCA,West of USA ,Standard Class,Cardio Equipment,4,5
0,USCA,South of  USA ,Standard Class,Boxing & MMA,5,5
1,USCA,South of  USA ,Standard Class,Cardio Equipment,7,7
0,USCA,South of  USA ,Standard Class,Cardio Equipment,8,6
0,USCA,Canada,Standard Class,Cardio Equipment,12,2
0,USCA,South of  USA ,Standard Class,Cleats,5,5
0,USCA,East of USA,Standard Class,Cleats,7,2
1,USCA,US Center ,Standard Class,Cleats,6,3
0,USCA,West of USA ,Standard Class,Cleats,8,7
0,USCA,US Center ,Standard Class,Cleats,7,7
0,USCA,West of USA ,Standard Class,Cleats,8,2
1,USCA,South of  USA ,Standard Class,Cleats,6,3
0,USCA,East of USA,Standard Class,Women's Apparel,4,2
0,USCA,East of USA,Standard Class,Women's Apparel,5,6
0,USCA,East of USA,Standard Class,Women's Apparel,7,6
0,USCA,US Center ,Standard Class,Girls' Apparel,7,4
1,USCA,West of USA ,Standard Class,Women's Apparel,6,5
0,USCA,East of USA,Standard Class,Women's Apparel,5,3
1,USCA,West of USA ,Standard Class,Shop By Sport,7,4
1,USCA,East of USA,Standard Class,Women's Apparel,5,7
0,USCA,South of  USA ,Standard Class,Women's Apparel,7,6
0,USCA,US Center ,Standard Class,Women's Apparel,6,7
1,USCA,East of USA,Standard Class,Shop By Sport,7,4
1,USCA,US Center ,Standard Class,Women's Apparel,8,6
1,USCA,East of USA,Standard Class,Shop By Sport,4,3
1,USCA,East of USA,Standard Class,Electronics,7,5
1,USCA,US Center ,Standard Class,Accessories,7,6
0,USCA,East of USA,Standard Class,Electronics,4,4
1,USCA,East of USA,Standard Class,Cardio Equipment,5,5
0,USCA,West of USA ,Standard Class,Cardio Equipment,7,7
0,USCA,South of  USA ,Standard Class,Fitness Accessories,6,5
0,USCA,US Center ,Standard Class,Electronics,6,6
0,USCA,South of  USA ,Standard Class,Cardio Equipment,6,3
0,USCA,East of USA,Standard Class,Cleats,7,7
1,USCA,East of USA,Standard Class,Cleats,6,5
1,USCA,West of USA ,Standard Class,Cleats,4,5
0,USCA,Canada,Standard Class,Cleats,11,5
0,USCA,West of USA ,Standard Class,Cleats,6,1
0,USCA,West of USA ,Standard Class,Cleats,6,5
0,USCA,East of USA,Standard Class,Women's Apparel,5,6
1,USCA,West of USA ,Standard Class,Shop By Sport,4,2
0,USCA,East of USA,Standard Class,Shop By Sport,6,2
1,USCA,East of USA,Standard Class,Shop By Sport,4,1
1,USCA,US Center ,Standard Class,Women's Apparel,8,3
1,USCA,South of  USA ,Standard Class,Women's Apparel,5,7
1,USCA,East of USA,Standard Class,Women's Apparel,7,1
0,USCA,South of  USA ,Standard Class,Shop By Sport,7,4
0,USCA,East of USA,Standard Class,Women's Apparel,4,7
1,USCA,East of USA,Standard Class,Women's Apparel,6,3
0,USCA,East of USA,Standard Class,Cleats,6,4
0,USCA,West of USA ,Standard Class,Cleats,4,7
0,USCA,East of USA,Standard Class,Shop By Sport,8,2
0,USCA,East of USA,Standard Class,Women's Apparel,8,2
0,USCA,West of USA ,Standard Class,Accessories,6,7
0,USCA,East of USA,Standard Class,Golf Balls,8,2
1,Africa,Southern Africa,Standard Class,Cardio Equipment,10,3
0,Africa,Central Africa,Standard Class,Women's Apparel,11,1
1,Africa,Southern Africa,Standard Class,Shop By Sport,10,3
1,Africa,Central Africa,Standard Class,Cleats,1,7
1,Africa,Central Africa,Standard Class,Cleats,1,7
0,Africa,Central Africa,Standard Class,Cleats,11,1
0,Africa,North Africa,Standard Class,Shop By Sport,12,5
0,Africa,East Africa,Standard Class,Women's Apparel,12,2
1,Africa,Central Africa,Standard Class,Shop By Sport,11,2
0,Africa,North Africa,Standard Class,Women's Apparel,10,7
0,Africa,North Africa,Standard Class,Cleats,9,7
0,Europe,Western Europe,Standard Class,Cardio Equipment,6,5
0,Europe,Western Europe,Standard Class,Cleats,10,6
0,Europe,Western Europe,Standard Class,Cleats,9,2
0,Europe,Northern Europe,Standard Class,Shop By Sport,9,2
0,Europe,Northern Europe,Standard Class,Women's Apparel,9,2
0,Europe,Southern Europe,Standard Class,Women's Apparel,9,6
0,Europe,Western Europe,Standard Class,Cardio Equipment,9,3
0,Europe,Western Europe,Standard Class,Fitness Accessories,9,2
0,Europe,Western Europe,Standard Class,Cardio Equipment,6,1
0,Europe,Western Europe,Standard Class,Cardio Equipment,9,2
0,Europe,Western Europe,Standard Class,Cleats,8,2
0,Europe,Western Europe,Standard Class,Cleats,6,2
0,Europe,Eastern Europe,Standard Class,Cleats,11,4
1,Europe,Northern Europe,Standard Class,Cleats,8,4
0,Europe,Western Europe,Standard Class,Cleats,6,1
0,Europe,Western Europe,Standard Class,Cleats,10,5
0,Europe,Western Europe,Standard Class,Cleats,9,2
0,Europe,Western Europe,Standard Class,Cleats,8,7
0,Europe,Western Europe,Standard Class,Cleats,8,2
1,Europe,Western Europe,Standard Class,Cleats,9,4
0,Europe,Southern Europe,Standard Class,Cleats,6,3
0,Europe,Western Europe,Standard Class,Cleats,6,1
0,Europe,Western Europe,Standard Class,Cleats,9,5
0,Europe,Western Europe,Standard Class,Cleats,7,5
0,Europe,Western Europe,Standard Class,Women's Apparel,7,4
1,Europe,Southern Europe,Standard Class,Women's Apparel,9,6
0,Europe,Western Europe,Standard Class,Shop By Sport,9,3
0,Europe,Northern Europe,Standard Class,Women's Apparel,7,2
1,Europe,Southern Europe,Standard Class,Shop By Sport,9,3
0,Europe,Southern Europe,Standard Class,Shop By Sport,6,5
1,Europe,Western Europe,Standard Class,Girls' Apparel,7,6
0,Europe,Western Europe,Standard Class,Women's Apparel,7,1
0,Europe,Southern Europe,Standard Class,Women's Apparel,6,5
0,Europe,Western Europe,Standard Class,Shop By Sport,9,3
0,Europe,Western Europe,Standard Class,Women's Apparel,8,7
0,Europe,Western Europe,Standard Class,Girls' Apparel,8,7
0,Europe,Western Europe,Standard Class,Women's Apparel,9,5
0,Pacific Asia,Oceania,Standard Class,Sporting Goods,12,3
1,Pacific Asia,Southeast Asia,Standard Class,Sporting Goods,12,7
1,Pacific Asia,Southeast Asia,Standard Class,Sporting Goods,12,5
0,Pacific Asia,Eastern Asia,Standard Class,Sporting Goods,12,4
0,Pacific Asia,Oceania,Standard Class,Sporting Goods,12,3
0,Pacific Asia,Southeast Asia,Standard Class,Sporting Goods,12,2
1,Pacific Asia,Oceania,Second Class,Sporting Goods,12,6
1,Pacific Asia,Oceania,Second Class,Sporting Goods,12,5
1,Pacific Asia,Eastern Asia,Second Class,Sporting Goods,12,4
0,Pacific Asia,Eastern Asia,Second Class,Sporting Goods,12,3
0,Pacific Asia,Eastern Asia,Standard Class,Sporting Goods,12,2
1,Pacific Asia,Oceania,Standard Class,Sporting Goods,12,5
0,Pacific Asia,Oceania,Standard Class,Sporting Goods,12,4
1,Pacific Asia,Oceania,Second Class,Sporting Goods,12,3
1,Pacific Asia,Eastern Asia,First Class,Sporting Goods,12,2
1,Pacific Asia,South Asia,First Class,Sporting Goods,12,2
1,Pacific Asia,Southeast Asia,Second Class,Sporting Goods,12,4
1,Pacific Asia,South Asia,Second Class,Sporting Goods,12,3
1,LATAM,South America,Standard Class,Hockey,4,4
0,LATAM,Central America,Same Day,Hockey,4,2
1,LATAM,Central America,Same Day,Hockey,4,5
1,LATAM,Caribbean,Standard Class,Hockey,4,4
1,LATAM,Central America,First Class,Hockey,3,2
0,LATAM,Central America,Standard Class,Hockey,3,6
0,LATAM,Central America,Standard Class,Hockey,3,5
1,LATAM,Central America,Standard Class,Hockey,3,3
0,LATAM,Caribbean,Standard Class,Hockey,3,7
1,LATAM,Central America,First Class,Hockey,3,7
0,LATAM,Central America,Standard Class,Hockey,3,4
1,LATAM,Caribbean,Standard Class,Hockey,3,5
0,LATAM,South America,Standard Class,Hockey,3,6
1,LATAM,South America,Second Class,Hockey,2,6
0,LATAM,Central America,Standard Class,Hockey,2,6
1,LATAM,South America,First Class,Hockey,2,7
0,LATAM,South America,Standard Class,Hockey,2,6
1,LATAM,South America,Standard Class,Hockey,2,4
1,LATAM,Central America,First Class,Hockey,2,1
0,LATAM,Central America,Standard Class,Hockey,2,2
1,LATAM,South America,Second Class,Hockey,2,7
1,LATAM,Central America,Standard Class,Hockey,2,2
1,LATAM,South America,First Class,Hockey,2,1
1,LATAM,South America,Standard Class,Hockey,2,1
0,LATAM,Central America,Standard Class,Hockey,1,3
0,LATAM,Central America,Second Class,Hockey,1,2
0,Pacific Asia,West Asia,Standard Class,Hockey,1,1
1,Pacific Asia,West Asia,First Class,Hockey,12,6
0,Pacific Asia,West Asia,Standard Class,Hockey,12,4
0,Pacific Asia,West Asia,Same Day,Hockey,12,7
1,Africa,West Africa,First Class,Hockey,12,7
0,Africa,North Africa,Standard Class,Hockey,12,6
1,Pacific Asia,West Asia,Standard Class,Hockey,12,2
1,Africa,East Africa,Standard Class,Hockey,12,5
0,Pacific Asia,West Asia,Standard Class,Hockey,12,7
0,Pacific Asia,West Asia,Standard Class,Hockey,12,3
0,Africa,Central Africa,Standard Class,Hockey,12,7
1,Africa,Central Africa,Standard Class,Hockey,11,2
1,Africa,Central Africa,Second Class,Hockey,11,3
0,Europe,Eastern Europe,Standard Class,Hockey,11,3
0,Africa,West Africa,Standard Class,Hockey,11,7
1,Europe,Eastern Europe,Standard Class,Hockey,11,7
1,Pacific Asia,West Asia,Second Class,Hockey,11,7
1,Pacific Asia,West Asia,Standard Class,Hockey,11,6
0,Europe,Eastern Europe,Standard Class,Hockey,10,2
1,Pacific Asia,West Asia,Second Class,Hockey,10,7
1,Pacific Asia,West Asia,Second Class,Hockey,10,3
1,Europe,Southern Europe,First Class,Hockey,10,5
1,USCA,Canada,First Class,Hockey,10,4
0,Africa,North Africa,Standard Class,Hockey,10,7
0,Europe,Eastern Europe,Same Day,Hockey,10,3
1,Africa,West Africa,Standard Class,Hockey,10,5
0,Pacific Asia,West Asia,Standard Class,Hockey,10,2
1,Europe,Eastern Europe,Standard Class,Hockey,9,6
1,Pacific Asia,West Asia,First Class,Hockey,9,5
0,Africa,Central Africa,Standard Class,Hockey,9,2
1,Africa,West Africa,Standard Class,Hockey,9,4
0,Africa,North Africa,Same Day,Hockey,9,5
1,Africa,North Africa,Second Class,Hockey,8,3
1,USCA,West of USA ,Standard Class,Hockey,8,4
1,USCA,US Center ,Standard Class,Hockey,8,3
0,USCA,US Center ,Standard Class,Hockey,8,1
0,USCA,West of USA ,Standard Class,Hockey,8,7
1,USCA,East of USA,Standard Class,Hockey,8,7
0,USCA,US Center ,Standard Class,Hockey,8,2
0,USCA,South of  USA ,Standard Class,Hockey,8,7
1,USCA,US Center ,First Class,Hockey,8,6
1,USCA,East of USA,Same Day,Hockey,8,4
0,USCA,US Center ,Standard Class,Hockey,8,4
1,USCA,East of USA,First Class,Hockey,8,3
0,USCA,West of USA ,Second Class,Hockey,8,7
1,USCA,West of USA ,First Class,Hockey,8,2
0,USCA,East of USA,Standard Class,Hockey,7,5
0,USCA,East of USA,Same Day,Hockey,7,7
0,USCA,South of  USA ,Standard Class,Hockey,7,6
0,USCA,East of USA,Standard Class,Hockey,7,2
0,USCA,West of USA ,Standard Class,Hockey,7,5
0,USCA,West of USA ,Standard Class,Hockey,7,4
1,USCA,West of USA ,First Class,Hockey,7,4
1,USCA,East of USA,Standard Class,Hockey,7,6
1,USCA,South of  USA ,Standard Class,Hockey,7,6
1,USCA,East of USA,Second Class,Hockey,6,6
0,USCA,East of USA,Standard Class,Hockey,6,7
1,USCA,South of  USA ,Second Class,Hockey,6,7
1,USCA,East of USA,Second Class,Hockey,6,5
0,USCA,West of USA ,Standard Class,Hockey,6,2
0,USCA,US Center ,Standard Class,Hockey,6,5
1,USCA,US Center ,Standard Class,Hockey,6,2
1,USCA,US Center ,First Class,Hockey,6,4
0,USCA,US Center ,Standard Class,Hockey,6,4
0,USCA,West of USA ,Second Class,Hockey,5,1
0,USCA,South of  USA ,Standard Class,Hockey,5,2
1,USCA,West of USA ,Second Class,Hockey,5,2
1,USCA,West of USA ,First Class,Hockey,5,4
1,USCA,South of  USA ,Standard Class,Hockey,5,4
0,USCA,West of USA ,Standard Class,Hockey,5,4
0,USCA,US Center ,Standard Class,Hockey,5,4
1,USCA,US Center ,Standard Class,Hockey,4,3
0,USCA,US Center ,Standard Class,Hockey,4,5
0,USCA,US Center ,Standard Class,Hockey,4,2
1,USCA,West of USA ,Standard Class,Hockey,4,2
0,USCA,US Center ,Standard Class,Hockey,4,2
1,Pacific Asia,Oceania,Standard Class,Hockey,4,7
1,Pacific Asia,Oceania,Standard Class,Hockey,3,5
1,Pacific Asia,Oceania,Standard Class,Hockey,3,2
1,Pacific Asia,Southeast Asia,First Class,Hockey,3,7
0,Pacific Asia,Eastern Asia,Standard Class,Hockey,3,2
0,Pacific Asia,Oceania,Standard Class,Hockey,3,1
1,Pacific Asia,Southeast Asia,First Class,Hockey,3,5
0,Pacific Asia,Oceania,Standard Class,Hockey,3,3
0,Pacific Asia,Southeast Asia,Standard Class,Hockey,2,7
0,Pacific Asia,Eastern Asia,Standard Class,Hockey,2,2
1,Pacific Asia,Oceania,Standard Class,Hockey,2,2
0,Pacific Asia,Oceania,Standard Class,Hockey,2,6
1,Pacific Asia,South Asia,First Class,Hockey,2,2
1,Pacific Asia,Southeast Asia,Second Class,Hockey,2,3
1,Pacific Asia,Southeast Asia,Second Class,Hockey,2,3
0,Pacific Asia,Oceania,Standard Class,Hockey,2,7
1,Pacific Asia,Oceania,Second Class,Hockey,2,7
1,Pacific Asia,Southeast Asia,Standard Class,Hockey,2,4
1,Pacific Asia,South Asia,Second Class,Hockey,2,3
1,Pacific Asia,Southeast Asia,Same Day,Hockey,1,5
1,Pacific Asia,South Asia,Second Class,Hockey,1,6
0,Pacific Asia,Oceania,Standard Class,Hockey,1,5
1,Pacific Asia,South Asia,First Class,Hockey,1,4
1,Pacific Asia,Oceania,Standard Class,Hockey,1,6
0,Pacific Asia,Oceania,Standard Class,Hockey,1,3
1,Pacific Asia,South Asia,Standard Class,Hockey,1,5
1,Pacific Asia,Oceania,Second Class,Hockey,1,4
0,Pacific Asia,Southeast Asia,Same Day,Hockey,1,5
1,Pacific Asia,Southeast Asia,Second Class,Hockey,1,4
1,Pacific Asia,Oceania,Second Class,Hockey,1,5
1,Pacific Asia,Oceania,Standard Class,Hockey,1,4
0,Pacific Asia,Eastern Asia,Standard Class,Hockey,1,1
1,Pacific Asia,Southeast Asia,First Class,Hockey,12,1
1,Pacific Asia,Eastern Asia,First Class,Hockey,12,3
1,Pacific Asia,Southeast Asia,Standard Class,Hockey,12,5
0,Pacific Asia,South Asia,Standard Class,Hockey,12,2
0,Pacific Asia,Eastern Asia,Standard Class,Hockey,12,2
0,Pacific Asia,Oceania,Standard Class,Hockey,12,6
1,Pacific Asia,Southeast Asia,Standard Class,Hockey,11,1
1,Pacific Asia,South Asia,Standard Class,Hockey,11,6
0,Pacific Asia,Eastern Asia,Same Day,Hockey,11,7
1,Pacific Asia,Eastern Asia,First Class,Hockey,11,1
1,Pacific Asia,Southeast Asia,Standard Class,Hockey,11,2
1,Pacific Asia,Southeast Asia,Standard Class,Hockey,11,4
1,Pacific Asia,Southeast Asia,Second Class,Hockey,11,7
1,Pacific Asia,Southeast Asia,Standard Class,Hockey,11,1
1,Pacific Asia,South Asia,First Class,Hockey,11,5
0,Pacific Asia,Oceania,Standard Class,Hockey,11,5
0,Pacific Asia,South Asia,Standard Class,Hockey,10,4
1,Pacific Asia,Oceania,Standard Class,Hockey,10,5
0,Europe,Western Europe,Standard Class,Hockey,10,3
1,Europe,Southern Europe,Standard Class,Hockey,10,5
0,Europe,Western Europe,Standard Class,Hockey,10,1
1,Europe,Southern Europe,Standard Class,Hockey,10,3
0,Europe,Western Europe,Standard Class,Hockey,10,6
1,Europe,Northern Europe,Second Class,Hockey,10,5
0,Europe,Western Europe,Standard Class,Hockey,10,7
0,Europe,Western Europe,Standard Class,Hockey,10,5
1,Europe,Western Europe,Standard Class,Hockey,10,2
1,Europe,Northern Europe,Standard Class,Hockey,10,6
1,Europe,Southern Europe,Standard Class,Hockey,9,2
0,Europe,Western Europe,Standard Class,Hockey,9,4
1,Europe,Western Europe,Standard Class,Hockey,9,3
0,Europe,Southern Europe,Standard Class,Hockey,9,6
0,Europe,Southern Europe,Standard Class,Hockey,9,3
0,Europe,Northern Europe,Standard Class,Hockey,9,5
0,Europe,Western Europe,Standard Class,Hockey,9,6
0,Europe,Western Europe,Standard Class,Hockey,9,6
0,Europe,Western Europe,Standard Class,Hockey,8,1
0,Europe,Western Europe,Standard Class,Hockey,8,1
0,Europe,Western Europe,Standard Class,Hockey,8,7
0,Europe,Southern Europe,Standard Class,Hockey,8,1
0,Europe,Western Europe,Second Class,Hockey,8,5
0,Europe,Western Europe,Standard Class,Hockey,8,6
0,Europe,Southern Europe,Standard Class,Hockey,8,3
0,Europe,Western Europe,Standard Class,Hockey,8,7
0,Europe,Western Europe,Standard Class,Hockey,8,6
0,Europe,Southern Europe,Standard Class,Hockey,8,4
1,Europe,Western Europe,Second Class,Hockey,8,5
1,Europe,Western Europe,Second Class,Hockey,8,7
0,Europe,Western Europe,Standard Class,Hockey,8,5
0,Europe,Northern Europe,Standard Class,Hockey,7,2
0,Europe,Northern Europe,Standard Class,Hockey,7,2
0,Europe,Southern Europe,Standard Class,Hockey,7,2
1,Europe,Western Europe,First Class,Hockey,7,6
0,Europe,Western Europe,Standard Class,Hockey,7,6
1,Europe,Western Europe,First Class,Hockey,7,5
1,Europe,Northern Europe,First Class,Hockey,7,5
1,Europe,Western Europe,Second Class,Hockey,7,7
0,Europe,Western Europe,Standard Class,Hockey,6,7
1,Europe,Western Europe,Same Day,Hockey,6,3
1,Europe,Western Europe,Second Class,Hockey,6,2
1,Europe,Western Europe,Second Class,Hockey,6,6
0,Europe,Western Europe,Standard Class,Hockey,6,4
0,Europe,Southern Europe,Standard Class,Hockey,6,1
1,Europe,Northern Europe,Second Class,Hockey,6,7
0,Europe,Western Europe,Standard Class,Hockey,6,5
0,LATAM,South America,Same Day,Hockey,5,7
1,LATAM,South America,First Class,Hockey,5,7
1,LATAM,Central America,Second Class,Hockey,5,1
0,LATAM,Central America,Standard Class,Hockey,5,5
0,LATAM,Central America,Standard Class,Hockey,5,1
1,LATAM,South America,Standard Class,Hockey,5,4
1,LATAM,Central America,Standard Class,Hockey,5,3
1,LATAM,South America,Second Class,Hockey,5,7
0,LATAM,Central America,Standard Class,Hockey,5,6
0,LATAM,Central America,Standard Class,Hockey,5,6
0,LATAM,South America,Same Day,Hockey,5,1
0,LATAM,South America,Standard Class,Hockey,5,2
1,LATAM,Central America,Second Class,Hockey,5,5
1,LATAM,South America,First Class,Hockey,5,2
0,LATAM,Caribbean,Standard Class,Hockey,5,7
0,LATAM,Central America,Standard Class,Hockey,4,6
1,LATAM,Central America,First Class,Hockey,4,2
0,LATAM,Central America,Standard Class,Hockey,4,3
0,LATAM,Central America,Standard Class,Hockey,4,1
0,LATAM,Central America,Same Day,Hockey,3,6
1,LATAM,Central America,Standard Class,Hockey,3,7
1,LATAM,Central America,Standard Class,Hockey,3,4
1,LATAM,South America,Standard Class,Hockey,3,6
1,LATAM,Central America,Standard Class,Hockey,3,4
0,LATAM,Caribbean,Standard Class,Hockey,3,1
0,LATAM,South America,Standard Class,Hockey,2,6
0,LATAM,Caribbean,Standard Class,Hockey,2,3
1,LATAM,South America,First Class,Hockey,2,5
1,LATAM,Central America,First Class,Hockey,2,1
1,LATAM,Central America,First Class,Hockey,2,1
0,LATAM,Central America,Standard Class,Hockey,2,7
0,LATAM,South America,Standard Class,Hockey,2,7
1,LATAM,South America,First Class,Hockey,2,3
1,LATAM,Central America,Standard Class,Hockey,2,7
0,LATAM,Central America,Standard Class,Hockey,2,7
1,LATAM,Central America,First Class,Hockey,2,7
1,LATAM,Central America,First Class,Hockey,2,5
0,LATAM,Caribbean,Standard Class,Hockey,2,5
0,LATAM,Central America,Same Day,Hockey,1,6
1,LATAM,Caribbean,Standard Class,Hockey,1,4
1,LATAM,Central America,Second Class,Hockey,1,2
0,LATAM,Caribbean,Standard Class,Hockey,1,3
0,LATAM,South America,Standard Class,Hockey,1,2
0,LATAM,South America,Second Class,Hockey,4,2
0,LATAM,South America,Standard Class,Hockey,4,6
1,LATAM,Caribbean,First Class,Hockey,4,6
1,LATAM,South America,Same Day,Hockey,4,1
0,LATAM,Central America,Standard Class,Hockey,4,1
0,LATAM,Caribbean,Standard Class,Hockey,4,7
0,LATAM,Central America,Second Class,Hockey,4,6
0,LATAM,Central America,Same Day,Hockey,3,6
1,LATAM,Central America,First Class,Hockey,3,7
0,LATAM,Central America,Standard Class,Hockey,3,2
0,LATAM,Central America,Standard Class,Hockey,2,3
1,LATAM,Central America,First Class,Hockey,2,1
1,LATAM,Central America,Second Class,Hockey,2,7
1,LATAM,South America,Same Day,Hockey,2,6
0,LATAM,South America,Standard Class,Hockey,2,1
1,LATAM,South America,Standard Class,Hockey,2,7
1,LATAM,Caribbean,Standard Class,Hockey,2,7
1,LATAM,Central America,Standard Class,Hockey,2,7
1,Pacific Asia,West Asia,First Class,Hockey,1,5
0,Africa,West Africa,Standard Class,Hockey,1,2
0,Europe,Eastern Europe,Same Day,Hockey,12,6
0,Africa,Southern Africa,Standard Class,Hockey,12,1
0,Europe,Eastern Europe,Standard Class,Hockey,12,4
1,Pacific Asia,West Asia,Same Day,Hockey,11,1
1,Pacific Asia,West Asia,Standard Class,Hockey,11,5
0,Pacific Asia,West Asia,Standard Class,Hockey,11,7
0,Africa,Central Africa,Standard Class,Hockey,11,4
0,Europe,Eastern Europe,Standard Class,Hockey,11,1
0,Europe,Eastern Europe,Standard Class,Men's Footwear,12,4
0,Europe,Southern Europe,Standard Class,Men's Footwear,9,3
1,Europe,Western Europe,Standard Class,Cleats,6,4
0,Europe,Western Europe,Standard Class,Men's Footwear,9,4
1,Europe,Northern Europe,Standard Class,Men's Footwear,7,2
0,Europe,Southern Europe,Standard Class,Cleats,8,6
0,Europe,Southern Europe,Standard Class,Men's Footwear,9,3
0,Europe,Western Europe,Standard Class,Cleats,9,7
0,Europe,Western Europe,Standard Class,Men's Footwear,9,4
1,Europe,Western Europe,Standard Class,Men's Footwear,8,6
0,Europe,Western Europe,Standard Class,Men's Footwear,9,1
1,Europe,Northern Europe,Standard Class,Men's Footwear,9,4
1,Europe,Western Europe,Standard Class,Children's Clothing,10,3
1,Europe,Eastern Europe,Standard Class,Women's Apparel,11,1
1,Europe,Northern Europe,Standard Class,Women's Apparel,9,2
0,Europe,Western Europe,Standard Class,Shop By Sport,6,3
0,Europe,Western Europe,Standard Class,Women's Apparel,9,2
0,Europe,Western Europe,Standard Class,Shop By Sport,6,3
1,Europe,Western Europe,Standard Class,Women's Apparel,10,1
0,Europe,Western Europe,Standard Class,Women's Apparel,10,1
1,Europe,Western Europe,Standard Class,Women's Apparel,8,7
0,Europe,Southern Europe,Standard Class,Women's Apparel,6,3
1,Europe,Western Europe,Standard Class,Women's Apparel,7,3
0,Europe,Western Europe,Standard Class,Women's Apparel,9,3
1,Europe,Western Europe,Standard Class,Shop By Sport,10,3
1,Europe,Western Europe,Standard Class,Women's Apparel,7,3
1,Europe,Northern Europe,Standard Class,Shop By Sport,8,5
0,Europe,Western Europe,Standard Class,Shop By Sport,10,6
1,Europe,Western Europe,Standard Class,Women's Apparel,9,5
0,Europe,Western Europe,Standard Class,Women's Apparel,8,4
0,Europe,Western Europe,Standard Class,Shop By Sport,8,3
0,Europe,Western Europe,Standard Class,Women's Apparel,7,1
0,Europe,Western Europe,Standard Class,Women's Apparel,7,5
0,Europe,Eastern Europe,Standard Class,Women's Apparel,10,2
1,Europe,Northern Europe,Standard Class,Shop By Sport,8,5
0,Europe,Eastern Europe,Standard Class,Women's Apparel,11,2
1,Europe,Western Europe,Standard Class,Girls' Apparel,9,4
1,Europe,Eastern Europe,Standard Class,Women's Apparel,1,5
0,Europe,Western Europe,Standard Class,Women's Apparel,9,5
1,Europe,Western Europe,Standard Class,Women's Apparel,9,4
1,Europe,Eastern Europe,Standard Class,Accessories,12,2
0,Europe,Northern Europe,Standard Class,Kids' Golf Clubs,9,3
0,Europe,Western Europe,Standard Class,Kids' Golf Clubs,9,2
1,Europe,Southern Europe,Standard Class,Camping & Hiking,10,7
1,Europe,Southern Europe,Standard Class,Camping & Hiking,8,4
1,Europe,Western Europe,Standard Class,Camping & Hiking,7,3
0,Europe,Western Europe,Standard Class,Fishing,10,2
1,Europe,Western Europe,Standard Class,Fishing,9,5
0,Europe,Southern Europe,Standard Class,Fishing,10,1
0,Europe,Western Europe,Standard Class,Camping & Hiking,7,2
0,Europe,Western Europe,Standard Class,Camping & Hiking,10,5
1,Europe,Eastern Europe,Standard Class,Camping & Hiking,9,6
1,Europe,Northern Europe,Standard Class,Camping & Hiking,7,6
0,Europe,Western Europe,Standard Class,Camping & Hiking,9,6
1,Europe,Western Europe,Standard Class,Camping & Hiking,8,7
1,Europe,Western Europe,Standard Class,Camping & Hiking,8,2
0,Europe,Western Europe,Standard Class,Camping & Hiking,10,6
0,Europe,Western Europe,Standard Class,Camping & Hiking,7,5
0,Europe,Western Europe,Standard Class,Camping & Hiking,9,2
1,Europe,Western Europe,Standard Class,Fishing,9,4
1,Europe,Southern Europe,Standard Class,Camping & Hiking,9,2
0,Europe,Southern Europe,Standard Class,Camping & Hiking,6,3
1,Europe,Western Europe,Standard Class,Fishing,9,4
1,Europe,Western Europe,Standard Class,Fishing,9,5
1,Europe,Northern Europe,Standard Class,Camping & Hiking,10,3
0,Europe,Northern Europe,Standard Class,Fishing,10,2
0,Europe,Southern Europe,Standard Class,Camping & Hiking,6,3
1,Europe,Western Europe,Standard Class,Camping & Hiking,8,3
0,Europe,Western Europe,Standard Class,Camping & Hiking,10,1
1,Europe,Western Europe,Standard Class,Camping & Hiking,7,1
1,Europe,Western Europe,Standard Class,Fishing,6,6
0,Europe,Northern Europe,Standard Class,Fishing,10,2
1,Europe,Western Europe,Standard Class,Camping & Hiking,7,4
1,Europe,Western Europe,Standard Class,Fishing,8,2
1,Europe,Northern Europe,Standard Class,Fishing,10,5
1,Europe,Southern Europe,Standard Class,Fishing,8,4
1,Europe,Western Europe,Standard Class,Fishing,9,4
1,Europe,Western Europe,Standard Class,Fishing,7,3
0,Europe,Northern Europe,Standard Class,Camping & Hiking,8,7
1,Europe,Southern Europe,Standard Class,Camping & Hiking,9,4
1,Europe,Southern Europe,Standard Class,Fishing,7,4
1,Europe,Western Europe,Standard Class,Fishing,8,6
0,Europe,Northern Europe,Standard Class,Hunting & Shooting,8,4
1,Europe,Northern Europe,Standard Class,Camping & Hiking,9,4
1,Europe,Southern Europe,Standard Class,Camping & Hiking,9,7
0,Europe,Western Europe,Standard Class,Camping & Hiking,9,3
0,Europe,Eastern Europe,Standard Class,Camping & Hiking,12,4
0,Europe,Northern Europe,Standard Class,Camping & Hiking,10,2
0,Europe,Western Europe,Standard Class,Camping & Hiking,9,4
1,Europe,Western Europe,Standard Class,Fishing,8,2
1,Europe,Southern Europe,Standard Class,Fishing,9,7
0,Europe,Western Europe,Standard Class,Camping & Hiking,6,1
1,Europe,Western Europe,Standard Class,Camping & Hiking,9,5
1,Europe,Western Europe,Standard Class,Books ,10,1
0,Europe,Western Europe,Standard Class,Books ,10,7
0,Europe,Northern Europe,Standard Class,Books ,10,1
0,Europe,Western Europe,Standard Class,Books ,10,5
0,Europe,Western Europe,Standard Class,Books ,10,3
0,Europe,Northern Europe,Standard Class,Books ,10,5
0,Europe,Northern Europe,Standard Class,Books ,10,7
1,Europe,Western Europe,Standard Class,Books ,10,5
1,Europe,Southern Europe,Standard Class,Books ,10,3
1,Europe,Western Europe,Standard Class,DVDs,11,3
1,LATAM,South America,Standard Class,Cardio Equipment,3,5
0,LATAM,Central America,Standard Class,Cardio Equipment,4,6
1,LATAM,Central America,Standard Class,Camping & Hiking,3,6
1,LATAM,South America,Standard Class,Fishing,3,5
0,LATAM,Caribbean,Standard Class,Fishing,5,5
0,LATAM,Caribbean,Standard Class,Camping & Hiking,5,5
0,LATAM,South America,Standard Class,Baseball & Softball,4,5
0,LATAM,South America,Standard Class,Cardio Equipment,1,5
0,LATAM,Central America,Standard Class,Cardio Equipment,2,4
1,LATAM,Caribbean,Standard Class,Cardio Equipment,4,7
0,LATAM,Caribbean,Standard Class,Cardio Equipment,4,5
0,LATAM,Caribbean,Standard Class,Cardio Equipment,3,6
0,LATAM,South America,Standard Class,Cardio Equipment,1,5
1,LATAM,Caribbean,Standard Class,Men's Footwear,3,2
1,LATAM,Central America,Standard Class,Men's Footwear,6,4
0,LATAM,Central America,Standard Class,Men's Footwear,5,4
0,LATAM,Central America,Standard Class,Men's Footwear,2,5
1,LATAM,South America,Standard Class,Men's Footwear,2,4
0,LATAM,Central America,Standard Class,Men's Footwear,4,5
0,LATAM,Central America,Standard Class,Men's Footwear,1,3
0,LATAM,South America,Standard Class,Men's Footwear,1,4
0,LATAM,Central America,Standard Class,Men's Footwear,5,3
1,LATAM,Central America,Standard Class,Men's Footwear,4,6
0,LATAM,South America,Standard Class,Men's Footwear,4,2
1,LATAM,Central America,Standard Class,Men's Footwear,6,6
0,LATAM,Central America,Standard Class,Men's Footwear,5,3
0,LATAM,Central America,Standard Class,Men's Footwear,5,3
0,LATAM,South America,Standard Class,Men's Footwear,3,3
0,LATAM,Caribbean,Standard Class,Cleats,1,4
1,LATAM,Central America,Standard Class,Men's Footwear,5,1
0,LATAM,South America,Standard Class,Men's Footwear,5,2
1,LATAM,South America,Standard Class,Men's Footwear,2,4
0,LATAM,South America,Standard Class,Men's Footwear,4,5
1,LATAM,Caribbean,Standard Class,Men's Footwear,2,4
1,LATAM,Central America,Standard Class,Cleats,4,6
1,LATAM,Caribbean,Standard Class,Men's Footwear,4,7
1,LATAM,Caribbean,Standard Class,Men's Footwear,3,6
1,LATAM,Central America,Standard Class,Cleats,4,6
1,LATAM,Central America,Standard Class,Men's Footwear,4,6
0,LATAM,Central America,Standard Class,Men's Footwear,4,2
1,LATAM,Central America,Standard Class,Men's Footwear,2,4
1,LATAM,Caribbean,Standard Class,Men's Footwear,4,7
0,LATAM,Central America,Standard Class,Men's Footwear,4,2
1,LATAM,Central America,Standard Class,Men's Footwear,3,3
1,LATAM,Central America,Standard Class,Men's Footwear,5,3
1,LATAM,South America,Standard Class,Cleats,4,6
0,LATAM,Caribbean,Standard Class,Men's Footwear,5,5
1,LATAM,South America,Standard Class,Cleats,3,6
0,LATAM,Caribbean,Standard Class,Men's Footwear,5,5
0,LATAM,Central America,Standard Class,Cleats,2,1
1,LATAM,Central America,Standard Class,Men's Footwear,3,5
1,LATAM,South America,Standard Class,Cleats,6,5
0,LATAM,South America,Standard Class,Cleats,1,5
1,LATAM,Central America,Standard Class,Cleats,3,3
1,LATAM,Central America,Standard Class,Men's Footwear,6,5
1,LATAM,Central America,Standard Class,Men's Footwear,3,3
1,LATAM,South America,Standard Class,Cleats,6,5
0,LATAM,South America,Standard Class,Men's Footwear,2,5
0,LATAM,Caribbean,Standard Class,Men's Footwear,1,4
1,LATAM,Central America,Standard Class,Cleats,5,1
0,LATAM,Central America,Standard Class,Cleats,4,5
1,LATAM,Central America,Standard Class,Cleats,3,5
1,LATAM,Central America,Standard Class,Men's Footwear,6,5
0,LATAM,Central America,Standard Class,Men's Footwear,4,2
1,LATAM,Central America,Standard Class,Men's Footwear,3,6
0,LATAM,Central America,Standard Class,Men's Footwear,3,7
0,LATAM,Central America,Standard Class,Men's Footwear,3,7
0,LATAM,South America,Standard Class,Men's Footwear,6,1
0,LATAM,Caribbean,Standard Class,Men's Footwear,3,6
1,LATAM,Central America,Standard Class,Men's Footwear,3,6
1,LATAM,Central America,Standard Class,Men's Footwear,3,3
1,LATAM,South America,Standard Class,Cleats,4,4
0,LATAM,South America,Standard Class,Men's Footwear,3,1
0,LATAM,South America,Standard Class,Men's Footwear,5,2
0,LATAM,South America,Standard Class,Men's Footwear,2,4
1,LATAM,Central America,Standard Class,Men's Footwear,5,6
0,LATAM,Central America,Standard Class,Men's Footwear,5,1
1,LATAM,South America,Standard Class,Men's Footwear,2,4
1,LATAM,South America,Standard Class,Men's Footwear,4,2
1,LATAM,South America,Standard Class,Men's Footwear,3,6
0,LATAM,South America,Standard Class,Men's Footwear,2,3
0,LATAM,South America,Standard Class,Men's Footwear,2,4
0,LATAM,South America,Standard Class,Women's Apparel,1,5
1,LATAM,Caribbean,Standard Class,Women's Apparel,2,4
0,LATAM,Central America,Standard Class,Women's Apparel,1,2
0,LATAM,Caribbean,Standard Class,Women's Apparel,4,4
0,LATAM,Central America,Standard Class,Shop By Sport,2,4
1,LATAM,Central America,Standard Class,Women's Apparel,6,6
0,LATAM,South America,Standard Class,Women's Apparel,2,5
1,LATAM,Central America,Standard Class,Shop By Sport,6,6
0,LATAM,Central America,Standard Class,Shop By Sport,5,4
1,LATAM,South America,Standard Class,Women's Apparel,6,3
1,LATAM,Caribbean,Standard Class,Women's Apparel,3,6
1,LATAM,Central America,Standard Class,Shop By Sport,3,3
0,LATAM,Central America,Standard Class,Shop By Sport,2,3
0,LATAM,South America,Standard Class,Women's Apparel,3,2
1,LATAM,Central America,Standard Class,Electronics,2,7
0,LATAM,Central America,Standard Class,Golf Balls,1,2
0,LATAM,Central America,Standard Class,Electronics,1,4
1,LATAM,Caribbean,Standard Class,Camping & Hiking,2,4
0,LATAM,Central America,Standard Class,Camping & Hiking,2,1
1,LATAM,Central America,Standard Class,Camping & Hiking,4,4
1,LATAM,Central America,Standard Class,Fishing,5,1
0,LATAM,Central America,Standard Class,Fishing,4,3
0,LATAM,South America,Standard Class,Fishing,6,2
1,LATAM,Caribbean,Standard Class,Camping & Hiking,3,2
1,LATAM,Central America,Standard Class,Camping & Hiking,3,6
0,LATAM,Central America,Standard Class,Fishing,3,2
0,LATAM,South America,Standard Class,Fishing,6,2
1,LATAM,Central America,Standard Class,Camping & Hiking,4,6
1,LATAM,Central America,Standard Class,Camping & Hiking,5,1
0,LATAM,South America,Standard Class,Camping & Hiking,2,5
0,LATAM,Caribbean,Standard Class,Camping & Hiking,4,6
1,LATAM,Central America,Standard Class,Camping & Hiking,3,4
1,LATAM,Central America,Standard Class,Fishing,5,6
0,LATAM,Central America,Standard Class,Fishing,2,4
0,LATAM,Caribbean,Standard Class,Camping & Hiking,4,6
0,LATAM,Caribbean,Standard Class,Camping & Hiking,5,2
1,LATAM,Caribbean,Standard Class,Fishing,4,4
0,LATAM,Central America,Standard Class,Camping & Hiking,3,2
1,LATAM,Central America,Standard Class,Camping & Hiking,3,5
1,LATAM,Central America,Standard Class,Fishing,1,6
0,LATAM,South America,Standard Class,Fishing,4,5
0,LATAM,South America,Standard Class,Fishing,3,1
1,LATAM,South America,Standard Class,Fishing,3,6
0,LATAM,Central America,Standard Class,Camping & Hiking,4,2
1,LATAM,South America,Standard Class,Fishing,1,6
0,LATAM,Caribbean,Standard Class,Camping & Hiking,4,5
1,LATAM,Caribbean,Standard Class,Fishing,3,6
0,LATAM,Central America,Standard Class,Camping & Hiking,2,1
1,LATAM,Central America,Standard Class,Fishing,5,6
0,LATAM,Central America,Standard Class,Fishing,4,1
1,LATAM,Caribbean,Standard Class,Fishing,3,6
0,LATAM,Central America,Standard Class,Camping & Hiking,1,4
1,LATAM,Central America,Standard Class,Camping & Hiking,6,4
0,LATAM,Central America,Standard Class,Camping & Hiking,1,4
0,LATAM,South America,Standard Class,Camping & Hiking,1,5
0,LATAM,Central America,Standard Class,Camping & Hiking,4,6
0,LATAM,Central America,Standard Class,Fishing,1,1
1,LATAM,Central America,Standard Class,Camping & Hiking,1,7
0,LATAM,Central America,Standard Class,Fishing,2,2
0,LATAM,Central America,Standard Class,Fishing,1,1
0,LATAM,South America,Standard Class,Camping & Hiking,3,6
0,LATAM,South America,Standard Class,Camping & Hiking,3,3
0,LATAM,South America,Standard Class,Camping & Hiking,3,3
1,LATAM,South America,Standard Class,Camping & Hiking,2,1
1,LATAM,Central America,Standard Class,Camping & Hiking,2,1
1,LATAM,Caribbean,Standard Class,Camping & Hiking,4,4
0,LATAM,Caribbean,Standard Class,Fishing,5,4
0,LATAM,Central America,Standard Class,Camping & Hiking,1,2
0,LATAM,South America,Standard Class,Camping & Hiking,1,5
1,LATAM,Central America,Standard Class,Camping & Hiking,6,3
0,LATAM,Central America,Standard Class,Camping & Hiking,6,5
0,LATAM,South America,Standard Class,Camping & Hiking,3,7
0,LATAM,South America,Standard Class,Camping & Hiking,2,5
0,LATAM,Central America,Standard Class,Camping & Hiking,3,2
1,LATAM,Caribbean,Standard Class,Camping & Hiking,2,4
0,LATAM,Central America,Standard Class,Camping & Hiking,2,5
0,LATAM,Central America,Standard Class,Camping & Hiking,5,1
0,LATAM,Central America,Standard Class,Camping & Hiking,2,2
1,LATAM,South America,Standard Class,Camping & Hiking,3,5
0,LATAM,South America,Standard Class,Camping & Hiking,3,6
1,LATAM,South America,Standard Class,Camping & Hiking,1,6
0,Pacific Asia,West Asia,Standard Class,Cleats,10,1
1,Pacific Asia,Oceania,Standard Class,Cleats,11,2
1,Pacific Asia,Oceania,Standard Class,Men's Footwear,11,2
1,Pacific Asia,Oceania,Standard Class,Men's Footwear,11,2
1,Pacific Asia,South Asia,Standard Class,Shop By Sport,2,5
1,Pacific Asia,West Asia,Standard Class,Camping & Hiking,10,7
1,Pacific Asia,Southeast Asia,Standard Class,Computers,12,5
0,Pacific Asia,Eastern Asia,Standard Class,Pet Supplies,1,7
0,Pacific Asia,Eastern Asia,Standard Class,Pet Supplies,12,7
1,Pacific Asia,Eastern Asia,Standard Class,Health and Beauty,11,6
0,Pacific Asia,South Asia,Standard Class,Health and Beauty,11,4
0,Pacific Asia,South Asia,Standard Class,Cardio Equipment,1,1
0,Pacific Asia,Central Asia,Standard Class,Electronics,9,7
1,Pacific Asia,South Asia,Standard Class,Cardio Equipment,2,5
1,Pacific Asia,South Asia,Standard Class,Cardio Equipment,2,5
1,Pacific Asia,West Asia,Standard Class,Cardio Equipment,12,3
0,Pacific Asia,Oceania,Standard Class,Cardio Equipment,12,4
1,Pacific Asia,South Asia,Standard Class,Cardio Equipment,1,6
1,Pacific Asia,Central Asia,Standard Class,Men's Footwear,9,2
1,Pacific Asia,Eastern Asia,Standard Class,Cleats,3,6
0,Pacific Asia,Eastern Asia,Standard Class,Men's Footwear,2,3
1,Pacific Asia,Eastern Asia,Standard Class,Crafts,1,4
0,Pacific Asia,Oceania,Standard Class,Cleats,3,1
0,Pacific Asia,Oceania,Standard Class,Cleats,10,7
1,Pacific Asia,Oceania,Standard Class,Men's Footwear,3,1
0,Pacific Asia,South Asia,Standard Class,Men's Footwear,2,5
1,Pacific Asia,South Asia,Standard Class,Men's Footwear,12,3
1,Pacific Asia,South Asia,Standard Class,Men's Footwear,11,7
0,Pacific Asia,Southeast Asia,Standard Class,Men's Footwear,1,3
1,Pacific Asia,Southeast Asia,Standard Class,Men's Footwear,12,2
0,Pacific Asia,South Asia,Standard Class,Men's Footwear,11,4
1,Pacific Asia,South Asia,Standard Class,Men's Footwear,12,3
1,Pacific Asia,Southeast Asia,Standard Class,Cleats,1,7
0,Pacific Asia,Central Asia,Standard Class,Cleats,9,7
0,Pacific Asia,South Asia,Standard Class,Cleats,12,7
0,Pacific Asia,South Asia,Standard Class,Men's Footwear,11,4
0,Pacific Asia,South Asia,Standard Class,Men's Footwear,2,1
1,Pacific Asia,Central Asia,Standard Class,Men's Footwear,1,1
1,Pacific Asia,Eastern Asia,Standard Class,Men's Footwear,12,7
1,Pacific Asia,Southeast Asia,Standard Class,Cleats,1,2
0,Pacific Asia,Eastern Asia,Standard Class,Men's Footwear,2,1
0,Pacific Asia,Eastern Asia,Standard Class,Men's Footwear,1,5
0,Pacific Asia,Eastern Asia,Standard Class,Men's Footwear,11,7
0,Pacific Asia,South Asia,Standard Class,Men's Footwear,1,1
1,Pacific Asia,Oceania,Standard Class,Cleats,3,2
1,Pacific Asia,Eastern Asia,Standard Class,Cleats,11,4
1,Pacific Asia,Oceania,Standard Class,Cleats,2,4
0,Pacific Asia,Oceania,Standard Class,Men's Footwear,12,2
0,Pacific Asia,Oceania,Standard Class,Women's Clothing,2,5
1,Pacific Asia,Southeast Asia,Standard Class,Men's Footwear,1,7
1,Pacific Asia,Oceania,Standard Class,Cleats,12,3
1,Pacific Asia,Oceania,Standard Class,Men's Footwear,4,1
1,Pacific Asia,South Asia,Standard Class,Men's Footwear,1,7
0,Pacific Asia,Eastern Asia,Standard Class,Men's Footwear,12,7
0,Pacific Asia,Oceania,Standard Class,Crafts,1,4
1,Pacific Asia,Oceania,Standard Class,Men's Footwear,4,1
0,Pacific Asia,Oceania,Standard Class,Men's Footwear,2,2
0,Pacific Asia,Southeast Asia,Standard Class,Men's Footwear,11,5
0,Pacific Asia,Southeast Asia,Standard Class,Men's Footwear,11,3
0,Pacific Asia,Central Asia,Standard Class,Men's Footwear,11,3
1,Pacific Asia,Eastern Asia,Standard Class,Men's Footwear,3,6
0,Pacific Asia,Oceania,Standard Class,Men's Footwear,3,4
0,Pacific Asia,Oceania,Standard Class,Men's Footwear,11,5
1,Pacific Asia,South Asia,Standard Class,Men's Footwear,11,3
0,Pacific Asia,Southeast Asia,Standard Class,Cleats,11,5
1,Pacific Asia,Southeast Asia,Standard Class,Men's Footwear,1,4
0,Pacific Asia,West Asia,Standard Class,Men's Footwear,10,7
0,Pacific Asia,Eastern Asia,Standard Class,Men's Footwear,11,4
0,Pacific Asia,Oceania,Standard Class,Men's Footwear,3,4
0,Pacific Asia,South Asia,Standard Class,Cleats,11,5
0,Pacific Asia,South Asia,Standard Class,Men's Footwear,11,4
0,Pacific Asia,Southeast Asia,Standard Class,Cleats,12,7
1,Pacific Asia,South Asia,Standard Class,Men's Footwear,1,1
0,Pacific Asia,Southeast Asia,Standard Class,Men's Footwear,12,7
0,Pacific Asia,Southeast Asia,Standard Class,Women's Clothing,2,5
1,Pacific Asia,West Asia,Standard Class,Cleats,1,7
0,Pacific Asia,Oceania,Standard Class,Men's Footwear,3,1
1,Pacific Asia,Oceania,Standard Class,Men's Footwear,3,4
0,Pacific Asia,Oceania,Standard Class,Men's Footwear,3,3
1,Pacific Asia,South Asia,Standard Class,Men's Footwear,11,4
1,LATAM,Central America,Second Class,Cleats,2,7
1,LATAM,Central America,Second Class,Men's Footwear,4,1
1,LATAM,Central America,Second Class,Men's Footwear,3,4
1,LATAM,Central America,Second Class,Men's Footwear,2,2
1,LATAM,South America,Second Class,Men's Footwear,4,1
1,LATAM,Central America,Second Class,Men's Footwear,2,7
1,LATAM,Central America,Second Class,Men's Footwear,5,5
1,LATAM,South America,Second Class,Cleats,5,7
0,LATAM,South America,Second Class,Men's Footwear,3,4
1,LATAM,Caribbean,Second Class,Men's Footwear,4,1
0,LATAM,Central America,Second Class,Men's Footwear,6,7
1,LATAM,Central America,Second Class,Men's Footwear,4,2
1,LATAM,Central America,Second Class,Men's Footwear,2,7
1,LATAM,Central America,Second Class,Men's Footwear,5,5
1,LATAM,Caribbean,Second Class,Men's Footwear,5,6
0,LATAM,Central America,Second Class,Cleats,5,4
1,LATAM,Central America,Second Class,Men's Footwear,6,3
1,LATAM,Central America,Second Class,Men's Footwear,5,5
1,LATAM,Central America,Second Class,Men's Footwear,5,1
1,LATAM,Central America,Second Class,Men's Footwear,5,1
0,LATAM,Central America,Second Class,Men's Footwear,3,6
1,LATAM,South America,Second Class,Cleats,1,2
0,LATAM,South America,Second Class,Men's Footwear,4,2
1,LATAM,Central America,Second Class,Cleats,5,2
1,LATAM,Central America,Second Class,Cleats,2,3
1,LATAM,Central America,Second Class,Men's Footwear,5,6
1,LATAM,South America,Second Class,Cleats,6,1
1,LATAM,South America,Second Class,Men's Footwear,5,6
0,LATAM,Central America,Second Class,Men's Footwear,3,1
1,LATAM,Central America,Second Class,Men's Footwear,1,3
0,LATAM,South America,Second Class,Men's Footwear,5,2
1,LATAM,South America,Second Class,Men's Footwear,1,5
1,LATAM,South America,Second Class,Men's Footwear,5,3
1,LATAM,Central America,Second Class,Men's Footwear,6,7
1,LATAM,Central America,Second Class,Men's Footwear,2,1
1,LATAM,Central America,Second Class,Men's Footwear,1,5
1,LATAM,South America,Second Class,Men's Footwear,5,1
1,LATAM,Central America,Second Class,Cleats,3,4
1,LATAM,Central America,Second Class,Men's Footwear,6,2
1,LATAM,Central America,Second Class,Men's Footwear,4,5
0,LATAM,South America,Second Class,Cleats,6,2
1,LATAM,South America,Second Class,Men's Footwear,5,1
1,LATAM,Central America,Second Class,Men's Footwear,6,2
1,LATAM,Central America,Second Class,Men's Footwear,4,5
0,LATAM,Central America,Second Class,Men's Footwear,1,4
1,LATAM,South America,Second Class,Men's Footwear,2,5
1,LATAM,Caribbean,Second Class,Men's Footwear,5,7
1,LATAM,Central America,Second Class,Cleats,4,3
0,LATAM,Central America,Second Class,Men's Footwear,5,4
1,LATAM,Central America,Second Class,Men's Footwear,5,2
1,LATAM,Central America,Second Class,Men's Footwear,4,6
1,LATAM,Caribbean,Second Class,Men's Footwear,5,7
0,LATAM,Caribbean,Second Class,Men's Footwear,5,1
1,LATAM,Central America,Second Class,Men's Footwear,4,4
0,LATAM,South America,Second Class,Men's Footwear,2,3
1,LATAM,South America,Second Class,Men's Footwear,1,6
0,LATAM,Caribbean,Second Class,Men's Footwear,5,1
1,LATAM,Central America,Second Class,Cleats,5,2
1,LATAM,Central America,Second Class,Men's Footwear,4,3
1,LATAM,Central America,Second Class,Men's Footwear,5,4
1,LATAM,South America,Second Class,Men's Footwear,3,1
0,LATAM,South America,Second Class,Men's Footwear,2,6
1,LATAM,Caribbean,Second Class,Men's Footwear,4,3
1,LATAM,Central America,Second Class,Cleats,1,5
1,LATAM,Central America,Second Class,Men's Footwear,1,6
1,LATAM,Central America,Second Class,Men's Footwear,4,2
0,LATAM,South America,Second Class,Cleats,6,2
1,LATAM,South America,Second Class,Men's Footwear,1,3
1,LATAM,South America,Second Class,Men's Footwear,1,6
1,LATAM,Central America,Second Class,Cleats,3,2
1,LATAM,Central America,Second Class,Men's Footwear,5,2
1,LATAM,Central America,Second Class,Men's Footwear,4,6
0,LATAM,Central America,Second Class,Men's Footwear,1,1
1,LATAM,Central America,Second Class,Men's Footwear,1,6
1,LATAM,Central America,Second Class,Cleats,2,7
1,LATAM,Central America,Second Class,Men's Footwear,3,2
1,LATAM,Central America,Second Class,Men's Footwear,2,7
1,LATAM,Central America,Second Class,Men's Footwear,1,6
1,LATAM,South America,Second Class,Men's Footwear,6,1
0,LATAM,Central America,Second Class,Men's Footwear,2,5
1,LATAM,South America,Second Class,Men's Footwear,5,3
0,LATAM,South America,Second Class,Men's Footwear,2,1
0,LATAM,Central America,Second Class,Shop By Sport,3,7
1,LATAM,Caribbean,Second Class,Women's Apparel,1,6
1,LATAM,Central America,Second Class,Women's Apparel,3,5
1,LATAM,Caribbean,Second Class,Shop By Sport,1,6
1,LATAM,Central America,Second Class,Women's Apparel,4,6
0,LATAM,Central America,Second Class,Women's Apparel,3,1
0,LATAM,South America,Second Class,Women's Apparel,6,1
0,LATAM,Central America,Second Class,Women's Apparel,2,2
1,LATAM,South America,Second Class,Shop By Sport,6,2
1,LATAM,South America,Second Class,Shop By Sport,1,5
1,LATAM,Caribbean,Second Class,Shop By Sport,4,3
1,LATAM,Central America,Second Class,Women's Apparel,4,4
0,LATAM,Central America,Second Class,Women's Apparel,2,1
0,LATAM,Central America,Second Class,Women's Apparel,3,6
1,LATAM,Central America,Second Class,Girls' Apparel,5,7
1,LATAM,Central America,Second Class,Women's Apparel,4,7
1,LATAM,Caribbean,Second Class,Women's Apparel,2,5
1,LATAM,South America,Second Class,Women's Apparel,5,7
1,LATAM,Central America,Second Class,Women's Apparel,5,4
1,LATAM,Central America,Second Class,Women's Apparel,6,3
1,LATAM,Caribbean,Second Class,Trade-In,5,6
1,LATAM,Central America,Second Class,Electronics,4,2
0,LATAM,Central America,Second Class,Accessories,2,5
1,LATAM,Central America,Second Class,Accessories,1,6
1,LATAM,Caribbean,Second Class,Camping & Hiking,5,6
1,LATAM,Central America,Second Class,Fishing,4,4
1,LATAM,Central America,Second Class,Fishing,1,2
0,LATAM,Central America,Second Class,Fishing,1,4
1,LATAM,Central America,Second Class,Camping & Hiking,1,3
1,LATAM,Central America,Second Class,Fishing,4,4
1,LATAM,South America,Second Class,Fishing,1,4
1,LATAM,Caribbean,Second Class,Camping & Hiking,5,1
1,LATAM,Central America,Second Class,Camping & Hiking,5,4
0,LATAM,Central America,Second Class,Camping & Hiking,3,7
1,LATAM,South America,Second Class,Camping & Hiking,6,2
1,LATAM,South America,Second Class,Camping & Hiking,1,6
1,LATAM,Central America,Second Class,Camping & Hiking,4,2
1,LATAM,Central America,Second Class,Camping & Hiking,3,5
1,LATAM,Central America,Second Class,Fishing,5,1
1,LATAM,South America,Second Class,Camping & Hiking,5,1
1,LATAM,Central America,Second Class,Camping & Hiking,5,7
1,LATAM,Central America,Second Class,Fishing,5,4
0,LATAM,Central America,Second Class,Fishing,3,1
1,LATAM,Caribbean,Second Class,Camping & Hiking,2,6
1,LATAM,Central America,Second Class,Fishing,4,7
0,LATAM,South America,Second Class,Fishing,1,6
0,LATAM,South America,Second Class,Camping & Hiking,2,3
1,LATAM,South America,Second Class,Fishing,5,7
1,LATAM,South America,Second Class,Fishing,4,4
1,LATAM,Caribbean,Second Class,Fishing,5,6
1,LATAM,Caribbean,Second Class,Fishing,4,4
0,LATAM,Central America,Second Class,Camping & Hiking,2,1
1,LATAM,South America,Second Class,Camping & Hiking,6,7
0,LATAM,South America,Second Class,Camping & Hiking,4,2
1,LATAM,South America,Second Class,Fishing,4,6
1,LATAM,Caribbean,Second Class,Camping & Hiking,3,2
0,LATAM,Central America,Second Class,Camping & Hiking,6,1
1,LATAM,Central America,Second Class,Camping & Hiking,2,6
1,LATAM,Central America,Second Class,Fishing,3,5
1,LATAM,South America,Second Class,Camping & Hiking,6,7
0,LATAM,South America,Second Class,Camping & Hiking,4,2
0,LATAM,South America,Second Class,Camping & Hiking,3,4
1,LATAM,Caribbean,Second Class,Fishing,4,3
0,LATAM,Central America,Second Class,Camping & Hiking,3,1
1,LATAM,Central America,Second Class,Camping & Hiking,3,2
1,LATAM,Central America,Second Class,Fishing,3,2
1,LATAM,South America,Second Class,Camping & Hiking,5,2
0,LATAM,South America,Second Class,Camping & Hiking,1,6
1,LATAM,Caribbean,Second Class,Fishing,2,6
1,LATAM,Central America,Second Class,Camping & Hiking,5,1
1,LATAM,Central America,Second Class,Camping & Hiking,5,5
1,LATAM,Central America,Second Class,Camping & Hiking,4,4
0,LATAM,Central America,Second Class,Camping & Hiking,2,3
1,LATAM,Central America,Second Class,Camping & Hiking,2,3
1,LATAM,Central America,Second Class,Camping & Hiking,3,2
0,LATAM,Central America,Second Class,Camping & Hiking,2,2
1,LATAM,Caribbean,Second Class,Camping & Hiking,4,3
1,LATAM,Central America,Second Class,Camping & Hiking,4,3
1,LATAM,Central America,Second Class,Camping & Hiking,2,3
0,LATAM,Central America,Second Class,Camping & Hiking,2,2
0,LATAM,Central America,Second Class,Fishing,1,4
1,LATAM,South America,Second Class,Camping & Hiking,5,6
1,LATAM,Central America,Second Class,Camping & Hiking,5,6
1,LATAM,Central America,Second Class,Camping & Hiking,4,6
0,LATAM,Central America,Second Class,Camping & Hiking,3,6
0,LATAM,Central America,Second Class,Camping & Hiking,2,2
1,LATAM,Central America,Second Class,Camping & Hiking,4,5
1,LATAM,Central America,Second Class,Camping & Hiking,3,1
0,LATAM,Central America,Second Class,Camping & Hiking,2,2
1,LATAM,Central America,Second Class,Camping & Hiking,1,2
1,LATAM,South America,Second Class,Camping & Hiking,4,1
1,LATAM,Central America,Second Class,Baseball & Softball,2,6
1,LATAM,Central America,Second Class,Cardio Equipment,5,4
1,LATAM,Central America,Second Class,Cardio Equipment,1,5
1,LATAM,Central America,Second Class,Men's Footwear,2,7
1,LATAM,South America,Second Class,Men's Footwear,2,1
1,LATAM,Central America,Second Class,Cleats,4,7
1,LATAM,Central America,Second Class,Men's Footwear,2,7
1,LATAM,Central America,Second Class,Men's Footwear,1,5
0,LATAM,South America,Second Class,Men's Footwear,1,6
0,LATAM,Caribbean,Second Class,Men's Footwear,1,2
1,LATAM,Central America,Second Class,Men's Footwear,3,7
1,LATAM,Central America,Second Class,Men's Footwear,4,5
1,LATAM,South America,Second Class,Cleats,1,6
1,LATAM,South America,Second Class,Men's Footwear,6,2
1,LATAM,South America,Second Class,Men's Footwear,1,6
1,LATAM,South America,Second Class,Men's Footwear,1,6
1,LATAM,South America,Second Class,Men's Footwear,2,7
1,LATAM,Caribbean,Second Class,Men's Footwear,1,4
1,LATAM,Caribbean,Second Class,Shop By Sport,3,2
0,LATAM,Central America,Second Class,Shop By Sport,6,4
0,LATAM,Central America,Second Class,Fishing,4,7
1,LATAM,Central America,Second Class,Camping & Hiking,3,7
0,LATAM,South America,Second Class,Camping & Hiking,3,5
0,LATAM,Central America,Second Class,Camping & Hiking,4,7
0,LATAM,South America,Second Class,Camping & Hiking,1,6
1,LATAM,Central America,Second Class,Fishing,2,7
0,Pacific Asia,South Asia,Second Class,Computers,12,3
1,Pacific Asia,Eastern Asia,Second Class,Computers,12,7
1,Pacific Asia,Oceania,Second Class,Pet Supplies,12,3
1,Pacific Asia,Oceania,Second Class,Pet Supplies,1,1
1,Pacific Asia,Oceania,Second Class,Pet Supplies,1,6
1,Pacific Asia,South Asia,Second Class,Pet Supplies,12,5
1,Pacific Asia,Southeast Asia,Second Class,Pet Supplies,12,1
1,Pacific Asia,South Asia,Second Class,Pet Supplies,12,5
1,Pacific Asia,Southeast Asia,Second Class,Pet Supplies,1,7
1,Pacific Asia,Eastern Asia,Second Class,Health and Beauty,1,7
0,Pacific Asia,Eastern Asia,Second Class,Health and Beauty,11,3
1,Pacific Asia,Southeast Asia,Second Class,Health and Beauty,11,5
1,Pacific Asia,Oceania,Second Class,Cardio Equipment,4,2
0,Pacific Asia,Central Asia,Second Class,Cardio Equipment,9,5
1,Pacific Asia,Oceania,Second Class,Cardio Equipment,12,5
0,Pacific Asia,Eastern Asia,Second Class,Men's Footwear,1,3
1,Pacific Asia,South Asia,Second Class,Men's Footwear,11,5
1,Pacific Asia,Eastern Asia,Second Class,Men's Footwear,3,2
1,Pacific Asia,South Asia,Second Class,Cleats,1,1
0,Pacific Asia,South Asia,Second Class,Men's Footwear,1,2
1,Pacific Asia,West Asia,Second Class,Men's Footwear,12,5
0,Pacific Asia,West Asia,Second Class,Men's Footwear,10,2
1,Pacific Asia,Eastern Asia,Second Class,Cleats,3,4
1,Pacific Asia,Eastern Asia,Second Class,Men's Footwear,3,2
0,Pacific Asia,Oceania,Second Class,Cleats,3,5
1,Pacific Asia,Oceania,Second Class,Men's Clothing,11,1
1,Pacific Asia,South Asia,Second Class,Men's Footwear,11,2
1,Pacific Asia,Southeast Asia,Second Class,Crafts,12,7
1,Pacific Asia,Southeast Asia,Second Class,Women's Clothing,12,5
1,Pacific Asia,West Asia,Second Class,Men's Footwear,11,3
0,Pacific Asia,West Asia,Second Class,Men's Footwear,10,2
1,Pacific Asia,Eastern Asia,Second Class,Men's Footwear,12,2
0,Pacific Asia,Oceania,Second Class,Cleats,1,5
1,Pacific Asia,South Asia,Second Class,Cleats,11,2
1,Pacific Asia,South Asia,Second Class,Men's Footwear,3,3
1,Pacific Asia,Southeast Asia,Second Class,Men's Footwear,3,1
1,Pacific Asia,Eastern Asia,Second Class,Baby ,12,7
1,Pacific Asia,Eastern Asia,Second Class,Men's Footwear,12,2
1,Pacific Asia,Oceania,Second Class,Men's Footwear,12,4
1,Pacific Asia,Central Asia,Second Class,Men's Footwear,11,6
1,Pacific Asia,Eastern Asia,Second Class,Men's Footwear,12,2
1,Pacific Asia,Central Asia,Second Class,Men's Footwear,11,4
1,Pacific Asia,Eastern Asia,Second Class,Baby ,12,5
1,Pacific Asia,Eastern Asia,Second Class,Men's Footwear,12,2
1,Pacific Asia,Eastern Asia,Second Class,Men's Footwear,11,2
0,Pacific Asia,Eastern Asia,Second Class,Men's Footwear,11,6
1,Pacific Asia,Oceania,Second Class,Men's Footwear,12,4
1,Pacific Asia,Southeast Asia,Second Class,Cleats,11,5
1,Pacific Asia,Southeast Asia,Second Class,Men's Footwear,1,7
1,Pacific Asia,Central Asia,Second Class,Men's Footwear,11,4
0,Pacific Asia,Eastern Asia,Second Class,Men's Footwear,1,3
1,Pacific Asia,Oceania,Second Class,Men's Footwear,12,3
1,Pacific Asia,Southeast Asia,Second Class,Cleats,3,1
0,Pacific Asia,Southeast Asia,Second Class,Men's Footwear,3,4
1,Pacific Asia,Southeast Asia,Second Class,Men's Footwear,2,4
1,Pacific Asia,Southeast Asia,Second Class,Men's Footwear,12,5
1,Pacific Asia,Oceania,Second Class,Men's Clothing,11,2
1,Pacific Asia,West Asia,Second Class,Cleats,11,3
1,Pacific Asia,Central Asia,Second Class,Cleats,10,4
1,Pacific Asia,Oceania,Second Class,Men's Footwear,3,4
1,Pacific Asia,Oceania,Second Class,Men's Footwear,11,1
1,Pacific Asia,Oceania,Second Class,Women's Clothing,12,1
0,Pacific Asia,Southeast Asia,Second Class,Cleats,1,2
0,Pacific Asia,Southeast Asia,Second Class,Men's Footwear,1,2
1,Pacific Asia,South Asia,Second Class,Women's Clothing,2,1
1,Pacific Asia,South Asia,Second Class,Women's Clothing,12,1
1,Pacific Asia,West Asia,Second Class,Cleats,10,4
1,Pacific Asia,Oceania,Second Class,Women's Clothing,12,3
0,Pacific Asia,Oceania,Second Class,Women's Clothing,12,6
1,Pacific Asia,South Asia,Second Class,Cleats,3,3
1,Pacific Asia,South Asia,Second Class,Cleats,2,1
1,Pacific Asia,South Asia,Second Class,Women's Clothing,2,7
1,Pacific Asia,Oceania,Second Class,Baby ,12,5
1,Pacific Asia,Eastern Asia,Second Class,Men's Footwear,3,5
1,Pacific Asia,Southeast Asia,Second Class,Crafts,1,2
1,Pacific Asia,Southeast Asia,Second Class,Women's Clothing,12,3
1,Pacific Asia,Eastern Asia,Second Class,Men's Footwear,3,5
0,Pacific Asia,Eastern Asia,Second Class,Women's Clothing,1,4
1,Pacific Asia,Oceania,Second Class,Children's Clothing,12,2
1,Pacific Asia,Oceania,Second Class,Men's Footwear,2,3
1,Pacific Asia,West Asia,Second Class,Men's Footwear,12,5
1,Pacific Asia,West Asia,Second Class,Men's Footwear,9,6
0,Pacific Asia,Eastern Asia,Second Class,Women's Clothing,2,6
0,Pacific Asia,Southeast Asia,Second Class,Men's Footwear,12,1
1,Pacific Asia,West Asia,Second Class,Cleats,9,6
1,Pacific Asia,West Asia,Second Class,Men's Footwear,9,6
1,Pacific Asia,Eastern Asia,Second Class,Men's Clothing,1,2
0,Pacific Asia,South Asia,Second Class,Cleats,1,2
0,Pacific Asia,Southeast Asia,Second Class,Children's Clothing,12,7
0,Pacific Asia,Southeast Asia,Second Class,Crafts,12,1
1,Pacific Asia,Southeast Asia,Second Class,Crafts,12,6
0,Pacific Asia,Southeast Asia,Second Class,Men's Footwear,12,6
1,Pacific Asia,Southeast Asia,Second Class,Women's Clothing,2,1
1,Pacific Asia,West Asia,Second Class,Cleats,9,6
1,Pacific Asia,West Asia,Second Class,Men's Footwear,10,4
0,Pacific Asia,Eastern Asia,Second Class,Men's Footwear,1,3
1,Pacific Asia,Oceania,Second Class,Men's Clothing,11,4
1,Pacific Asia,Oceania,Second Class,Men's Footwear,12,5
1,Pacific Asia,South Asia,Second Class,Men's Footwear,11,5
1,Pacific Asia,South Asia,Second Class,Men's Footwear,3,4
1,Pacific Asia,South Asia,Second Class,Men's Footwear,2,4
1,Pacific Asia,Southeast Asia,Second Class,Crafts,1,2
1,Pacific Asia,Southeast Asia,Second Class,Men's Clothing,11,3
0,Pacific Asia,Southeast Asia,Second Class,Men's Footwear,12,6
1,Pacific Asia,South Asia,Second Class,Women's Apparel,1,7
1,Pacific Asia,Oceania,Second Class,Women's Apparel,3,5
1,Pacific Asia,South Asia,Second Class,Women's Apparel,1,2
1,Pacific Asia,South Asia,Second Class,Women's Apparel,1,1
1,Pacific Asia,Eastern Asia,Second Class,Women's Apparel,2,3
1,Pacific Asia,Oceania,Second Class,Women's Apparel,2,3
1,Pacific Asia,Eastern Asia,Second Class,Women's Apparel,3,2
1,Pacific Asia,Oceania,Second Class,Shop By Sport,12,5
1,Pacific Asia,West Asia,Second Class,Shop By Sport,1,3
1,Pacific Asia,West Asia,Second Class,Girls' Apparel,9,4
1,Pacific Asia,Eastern Asia,Second Class,Women's Apparel,12,6
0,Pacific Asia,Eastern Asia,Second Class,Women's Apparel,1,7
1,Pacific Asia,West Asia,Second Class,Shop By Sport,12,5
1,Pacific Asia,Oceania,Second Class,Women's Apparel,12,1
1,Pacific Asia,South Asia,Second Class,Women's Apparel,2,4
1,Pacific Asia,Oceania,Second Class,Shop By Sport,4,2
1,Pacific Asia,West Asia,Second Class,Shop By Sport,10,5
1,Pacific Asia,Oceania,Second Class,Shop By Sport,10,5
1,Pacific Asia,Southeast Asia,Second Class,Shop By Sport,3,6
1,Pacific Asia,Southeast Asia,Second Class,Accessories,12,5
1,Pacific Asia,Eastern Asia,Second Class,Garden,1,7
1,Pacific Asia,Oceania,Second Class,Accessories,4,2
1,Pacific Asia,Eastern Asia,Second Class,Golf Balls,11,2
0,Pacific Asia,South Asia,Second Class,Garden,1,4
1,Pacific Asia,Southeast Asia,Second Class,Garden,1,7
1,Pacific Asia,Oceania,Second Class,Camping & Hiking,2,2
1,Pacific Asia,South Asia,Second Class,Fishing,1,7
0,Pacific Asia,South Asia,Second Class,Fishing,12,4
1,Pacific Asia,South Asia,Second Class,Camping & Hiking,2,1
0,Pacific Asia,South Asia,Second Class,Fishing,12,4
0,Pacific Asia,South Asia,Second Class,Camping & Hiking,12,3
1,Pacific Asia,Oceania,Second Class,Camping & Hiking,4,2
1,Pacific Asia,Oceania,Second Class,Fishing,12,4
0,Pacific Asia,South Asia,Second Class,Camping & Hiking,12,3
1,Pacific Asia,South Asia,Second Class,Fishing,1,7
1,Pacific Asia,Southeast Asia,Second Class,Fishing,11,4
1,Pacific Asia,Eastern Asia,Second Class,Camping & Hiking,3,4
1,Pacific Asia,Oceania,Second Class,Camping & Hiking,3,4
1,Europe,Western Europe,First Class,Shop By Sport,10,7
1,Europe,Western Europe,First Class,Camping & Hiking,9,1
1,Europe,Eastern Europe,First Class,Camping & Hiking,12,5
1,Europe,Northern Europe,First Class,Camping & Hiking,7,5
1,Europe,Southern Europe,First Class,Fishing,8,6
1,Europe,Western Europe,First Class,Fishing,8,3
1,Europe,Northern Europe,First Class,Camping & Hiking,7,1
1,Europe,Western Europe,First Class,Camping & Hiking,6,5
1,Europe,Southern Europe,First Class,Camping & Hiking,10,7
1,Europe,Southern Europe,First Class,Camping & Hiking,8,3
1,Europe,Western Europe,First Class,Fishing,9,7
1,Europe,Western Europe,First Class,Fishing,8,1
1,Europe,Northern Europe,First Class,Fishing,7,5
1,Europe,Western Europe,First Class,Fishing,8,1
1,Europe,Western Europe,First Class,Camping & Hiking,8,7
1,Europe,Northern Europe,First Class,Books ,10,7
1,Europe,Western Europe,First Class,Books ,10,7
1,Europe,Western Europe,First Class,CDs ,10,4
1,LATAM,Central America,First Class,Cardio Equipment,5,4
1,LATAM,South America,First Class,Cardio Equipment,4,6
1,LATAM,Caribbean,First Class,Cardio Equipment,5,2
1,LATAM,South America,First Class,Cardio Equipment,6,5
1,LATAM,Central America,First Class,Men's Footwear,4,3
1,LATAM,South America,First Class,Men's Footwear,1,6
1,LATAM,Central America,First Class,Men's Footwear,3,4
1,LATAM,South America,First Class,Men's Footwear,3,6
1,LATAM,Caribbean,First Class,Men's Footwear,5,2
1,LATAM,Caribbean,First Class,Men's Footwear,3,1
1,LATAM,South America,First Class,Men's Footwear,6,7
1,LATAM,Caribbean,First Class,Men's Footwear,3,6
1,LATAM,Central America,First Class,Men's Footwear,5,5
1,LATAM,Caribbean,First Class,Men's Footwear,3,6
1,LATAM,South America,First Class,Men's Footwear,6,5
1,LATAM,Caribbean,First Class,Cleats,3,3
1,LATAM,Central America,First Class,Men's Footwear,5,6
1,LATAM,Central America,First Class,Men's Footwear,5,6
1,LATAM,Caribbean,First Class,Men's Footwear,4,4
1,LATAM,South America,First Class,Cleats,3,6
1,LATAM,South America,First Class,Men's Footwear,5,2
1,LATAM,South America,First Class,Women's Apparel,2,1
1,LATAM,Caribbean,First Class,Women's Apparel,3,6
1,LATAM,South America,First Class,Shop By Sport,4,1
1,LATAM,Central America,First Class,Shop By Sport,3,4
1,LATAM,South America,First Class,Shop By Sport,4,6
1,LATAM,South America,First Class,Women's Apparel,3,1
1,LATAM,Central America,First Class,Women's Apparel,5,4
1,LATAM,Central America,First Class,Fishing,4,3
1,LATAM,Caribbean,First Class,Fishing,1,7
1,LATAM,Central America,First Class,Camping & Hiking,4,3
1,LATAM,Central America,First Class,Camping & Hiking,3,4
1,LATAM,Central America,First Class,Fishing,1,6
1,LATAM,Central America,First Class,Camping & Hiking,2,1
1,LATAM,South America,First Class,Camping & Hiking,2,1
1,LATAM,South America,First Class,Camping & Hiking,4,1
1,LATAM,Central America,First Class,Camping & Hiking,2,6
1,LATAM,Central America,First Class,Fishing,2,1
1,LATAM,Central America,First Class,Camping & Hiking,1,6
1,LATAM,Central America,First Class,Fishing,4,3
1,LATAM,South America,First Class,Fishing,4,6
1,LATAM,Caribbean,First Class,Camping & Hiking,4,4
1,LATAM,Caribbean,First Class,Fishing,5,2
1,LATAM,Central America,First Class,Fishing,4,3
1,Pacific Asia,South Asia,First Class,Health and Beauty,11,4
1,Pacific Asia,West Asia,First Class,Men's Footwear,10,3
1,Pacific Asia,Eastern Asia,First Class,Men's Footwear,2,5
1,Pacific Asia,Oceania,First Class,Cleats,3,2
1,Pacific Asia,South Asia,First Class,Cleats,11,4
1,Pacific Asia,South Asia,First Class,Men's Footwear,11,4
1,Pacific Asia,Eastern Asia,First Class,Men's Footwear,1,2
1,Pacific Asia,Oceania,First Class,Men's Footwear,3,5
1,Pacific Asia,Oceania,First Class,Cleats,11,3
1,Pacific Asia,Oceania,First Class,Men's Footwear,12,5
1,Pacific Asia,Eastern Asia,First Class,Men's Footwear,12,4
1,Pacific Asia,Southeast Asia,First Class,Men's Footwear,1,7
1,Pacific Asia,Oceania,First Class,Women's Apparel,12,6
1,Pacific Asia,West Asia,First Class,Girls' Apparel,12,3
1,Pacific Asia,Southeast Asia,First Class,Camping & Hiking,3,7
1,Pacific Asia,West Asia,First Class,Camping & Hiking,12,5
1,Pacific Asia,Southeast Asia,First Class,Camping & Hiking,3,7
1,Pacific Asia,Eastern Asia,First Class,Camping & Hiking,1,3
1,Pacific Asia,West Asia,First Class,Camping & Hiking,9,5
1,Pacific Asia,Eastern Asia,First Class,Fishing,11,3
1,Pacific Asia,South Asia,First Class,Camping & Hiking,11,4
1,Pacific Asia,West Asia,First Class,Camping & Hiking,9,5
1,Pacific Asia,Southeast Asia,First Class,Fishing,12,6
1,Pacific Asia,Eastern Asia,First Class,Camping & Hiking,1,5
1,Pacific Asia,West Asia,First Class,Camping & Hiking,9,7
1,Pacific Asia,Oceania,First Class,CDs ,12,6
1,Pacific Asia,Oceania,First Class,Music,11,3
1,USCA,East of USA,First Class,Lacrosse,4,7
1,USCA,West of USA ,First Class,Men's Footwear,8,2
1,USCA,East of USA,First Class,Men's Footwear,4,7
1,USCA,South of  USA ,First Class,Men's Footwear,5,5
1,USCA,South of  USA ,First Class,Men's Footwear,5,5
1,USCA,West of USA ,First Class,Cleats,8,2
1,USCA,US Center ,First Class,Cleats,6,2
1,USCA,Canada,First Class,Men's Footwear,9,4
1,USCA,East of USA,First Class,Women's Apparel,7,3
1,USCA,West of USA ,First Class,Accessories,5,2
1,USCA,East of USA,First Class,Camping & Hiking,7,3
1,USCA,South of  USA ,First Class,Camping & Hiking,5,5
1,USCA,South of  USA ,First Class,Camping & Hiking,7,7
1,USCA,South of  USA ,First Class,Camping & Hiking,7,7
1,USCA,West of USA ,First Class,Camping & Hiking,5,3
1,Africa,Southern Africa,First Class,Cardio Equipment,11,6
1,Africa,West Africa,First Class,Cleats,1,4
1,Africa,West Africa,First Class,Women's Apparel,1,4
1,Africa,West Africa,First Class,Women's Apparel,10,3
1,Europe,Southern Europe,First Class,Cleats,6,5
1,Europe,Northern Europe,First Class,Cleats,7,5
1,Europe,Western Europe,First Class,Women's Apparel,10,5
1,Europe,Northern Europe,First Class,Women's Apparel,6,2
1,Europe,Northern Europe,First Class,Shop By Sport,7,5
1,Europe,Northern Europe,First Class,Women's Apparel,10,2
1,LATAM,Central America,First Class,Cardio Equipment,1,6
1,LATAM,South America,First Class,Cardio Equipment,1,4
1,LATAM,Central America,First Class,Boxing & MMA,4,3
1,LATAM,Central America,First Class,Cardio Equipment,4,3
1,LATAM,Central America,First Class,Cleats,5,4
1,LATAM,Central America,First Class,Cleats,1,3
1,LATAM,Caribbean,First Class,Cleats,5,2
1,LATAM,South America,First Class,Cleats,2,7
1,LATAM,Caribbean,First Class,Women's Apparel,3,3
1,LATAM,South America,First Class,Women's Apparel,5,7
1,LATAM,South America,First Class,Shop By Sport,2,1
1,LATAM,South America,First Class,Shop By Sport,3,1
1,LATAM,Central America,First Class,Women's Apparel,3,4
1,Pacific Asia,Eastern Asia,First Class,Baseball & Softball,1,3
1,Pacific Asia,West Asia,First Class,Cleats,10,3
1,Pacific Asia,Oceania,First Class,Cleats,11,3
1,Pacific Asia,Oceania,First Class,Shop By Sport,12,5
1,USCA,US Center ,First Class,Women's Apparel,4,5
1,USCA,West of USA ,First Class,Electronics,8,2
1,Europe,Southern Europe,First Class,Cardio Equipment,9,6
1,Europe,Western Europe,First Class,Cleats,10,7
1,Europe,Southern Europe,First Class,Cleats,10,7
1,Europe,Southern Europe,First Class,Shop By Sport,8,3
1,Europe,Western Europe,First Class,Shop By Sport,6,5
1,Europe,Western Europe,First Class,Women's Apparel,9,5
1,Europe,Northern Europe,First Class,Girls' Apparel,10,2
1,Europe,Western Europe,First Class,Shop By Sport,8,3
1,Europe,Western Europe,First Class,Women's Apparel,6,6
1,LATAM,Central America,First Class,Cardio Equipment,4,3
1,LATAM,South America,First Class,Cardio Equipment,3,1
1,LATAM,Central America,First Class,Cardio Equipment,2,6
1,LATAM,Caribbean,First Class,Cardio Equipment,5,7
1,LATAM,Central America,First Class,Cardio Equipment,1,3
1,LATAM,Central America,First Class,Cleats,4,2
1,LATAM,Central America,First Class,Cleats,3,4
1,LATAM,Central America,First Class,Cleats,5,6
1,LATAM,Central America,First Class,Shop By Sport,4,3
1,LATAM,South America,First Class,Women's Apparel,6,7
1,LATAM,Central America,First Class,Shop By Sport,5,2
1,LATAM,South America,First Class,Accessories,3,6
1,LATAM,Central America,First Class,Trade-In,2,1
1,LATAM,Central America,First Class,Electronics,2,1
1,Pacific Asia,Eastern Asia,First Class,Cleats,1,2
1,Pacific Asia,Eastern Asia,First Class,Cleats,11,7
1,Pacific Asia,Oceania,First Class,Cleats,12,6
1,Pacific Asia,Eastern Asia,First Class,Shop By Sport,2,6
1,Pacific Asia,Eastern Asia,First Class,Accessories,1,5
1,USCA,US Center ,First Class,Shop By Sport,4,5
1,USCA,East of USA,First Class,Women's Apparel,6,3
1,USCA,US Center ,First Class,Shop By Sport,6,2
1,Africa,North Africa,First Class,Electronics,1,5
1,Africa,West Africa,First Class,Shop By Sport,12,3
1,Africa,West Africa,First Class,Women's Apparel,1,4
1,Europe,Southern Europe,First Class,Cleats,9,6
1,Europe,Western Europe,First Class,Cleats,9,5
1,Europe,Western Europe,First Class,Cleats,9,5
1,Europe,Western Europe,First Class,Cleats,8,7
1,Europe,Northern Europe,First Class,Cleats,8,7
1,Europe,Western Europe,First Class,Cleats,8,3
1,Europe,Western Europe,First Class,Electronics,8,1
1,LATAM,Central America,First Class,Cardio Equipment,1,3
1,LATAM,South America,First Class,Women's Apparel,6,5
1,LATAM,Central America,First Class,Shop By Sport,5,6
1,LATAM,Central America,First Class,Shop By Sport,2,2
1,Pacific Asia,Southeast Asia,First Class,Cardio Equipment,2,1
1,Pacific Asia,Southeast Asia,First Class,Fitness Accessories,1,7
1,Pacific Asia,Eastern Asia,First Class,Cardio Equipment,11,7
1,Pacific Asia,Eastern Asia,First Class,Cardio Equipment,12,4
1,Pacific Asia,West Asia,First Class,Cardio Equipment,9,7
1,Pacific Asia,Southeast Asia,First Class,Cleats,3,7
1,Pacific Asia,Eastern Asia,First Class,Cleats,1,5
1,Pacific Asia,Southeast Asia,First Class,Cleats,2,1
1,Pacific Asia,Southeast Asia,First Class,Cleats,3,1
1,Pacific Asia,Southeast Asia,First Class,Women's Apparel,2,6
1,Pacific Asia,Eastern Asia,First Class,Women's Apparel,1,2
1,Pacific Asia,Southeast Asia,First Class,Girls' Apparel,3,1
1,Pacific Asia,West Asia,First Class,Women's Apparel,9,7
1,Pacific Asia,Southeast Asia,First Class,Shop By Sport,2,6
1,Pacific Asia,Eastern Asia,First Class,Shop By Sport,11,7
1,USCA,South of  USA ,First Class,Baseball & Softball,6,5
1,USCA,West of USA ,First Class,Cardio Equipment,8,2
1,USCA,US Center ,First Class,Cleats,4,5
1,USCA,US Center ,First Class,Cleats,6,2
1,USCA,South of  USA ,First Class,Cleats,7,1
1,USCA,South of  USA ,First Class,Women's Apparel,5,7
1,USCA,South of  USA ,First Class,Women's Apparel,5,6
1,USCA,South of  USA ,First Class,Women's Apparel,5,6
1,Africa,North Africa,First Class,Women's Apparel,11,6
1,Africa,West Africa,First Class,Shop By Sport,12,3
1,Africa,West Africa,First Class,Women's Apparel,1,4
1,Europe,Western Europe,First Class,Cardio Equipment,8,1
1,Europe,Western Europe,First Class,Cleats,8,2
1,Europe,Southern Europe,First Class,Cleats,10,7
1,Europe,Southern Europe,First Class,Women's Apparel,10,7
1,Europe,Eastern Europe,First Class,Women's Apparel,10,3
1,Europe,Northern Europe,First Class,Girls' Apparel,7,5
1,Europe,Western Europe,First Class,Girls' Apparel,10,5
1,Europe,Western Europe,First Class,Women's Apparel,10,7
1,LATAM,South America,First Class,Cardio Equipment,5,7
1,LATAM,South America,First Class,Boxing & MMA,5,7
1,LATAM,Central America,First Class,Cleats,2,7
1,LATAM,Central America,First Class,Cleats,5,4
1,LATAM,South America,First Class,Cleats,5,3
1,LATAM,Central America,First Class,Cleats,2,6
1,LATAM,Central America,First Class,Cleats,4,6
1,LATAM,South America,First Class,Women's Apparel,5,7
1,LATAM,Central America,First Class,Shop By Sport,2,7
1,LATAM,Central America,First Class,Girls' Apparel,2,7
1,Pacific Asia,Eastern Asia,First Class,Cardio Equipment,1,5
1,Pacific Asia,Oceania,First Class,Cardio Equipment,12,5
1,Pacific Asia,Southeast Asia,First Class,Cleats,3,7
1,Pacific Asia,Eastern Asia,First Class,Cleats,11,3
1,Pacific Asia,Southeast Asia,First Class,Women's Apparel,2,6
1,Pacific Asia,Oceania,First Class,Shop By Sport,12,6
1,Pacific Asia,South Asia,First Class,Women's Apparel,11,4
1,Pacific Asia,Southeast Asia,First Class,Women's Apparel,1,7
1,Pacific Asia,Oceania,First Class,Women's Apparel,12,5
1,USCA,East of USA,First Class,Cardio Equipment,6,3
1,USCA,West of USA ,First Class,Women's Apparel,5,2
1,USCA,East of USA,First Class,Women's Apparel,7,3
1,USCA,South of  USA ,First Class,Accessories,7,7
1,Europe,Western Europe,Same Day,Consumer Electronics,11,5
1,Europe,Northern Europe,Same Day,Cardio Equipment,10,2
1,Europe,Northern Europe,Same Day,Men's Footwear,8,5
1,Europe,Eastern Europe,Same Day,Men's Footwear,10,2
1,Europe,Eastern Europe,Same Day,Men's Footwear,10,2
0,Europe,Western Europe,Same Day,Fishing,6,2
0,Europe,Northern Europe,Same Day,Fishing,9,1
1,Europe,Northern Europe,Same Day,Fishing,8,5
0,Europe,Southern Europe,Same Day,Camping & Hiking,9,5
1,Europe,Northern Europe,Same Day,Camping & Hiking,7,2
1,Europe,Northern Europe,Same Day,Camping & Hiking,8,5
1,Europe,Northern Europe,Same Day,Books ,10,4
1,LATAM,South America,Same Day,Cardio Equipment,2,3
0,LATAM,Central America,Same Day,Cardio Equipment,3,2
1,LATAM,South America,Same Day,Men's Footwear,3,6
0,LATAM,South America,Same Day,Men's Footwear,5,1
1,LATAM,South America,Same Day,Shop By Sport,2,6
1,LATAM,South America,Same Day,Fishing,2,3
1,LATAM,South America,Same Day,Camping & Hiking,2,3
1,LATAM,South America,Same Day,Camping & Hiking,3,6
1,Pacific Asia,Eastern Asia,Same Day,Pet Supplies,12,7
1,Pacific Asia,Oceania,Same Day,Pet Supplies,1,4
0,Pacific Asia,Oceania,Same Day,Cardio Equipment,1,4
0,Pacific Asia,Oceania,Same Day,Men's Footwear,12,5
1,Pacific Asia,Eastern Asia,Same Day,Men's Footwear,3,6
0,Pacific Asia,Southeast Asia,Same Day,Men's Footwear,1,3
1,Pacific Asia,Eastern Asia,Same Day,Men's Footwear,3,6
0,Pacific Asia,Oceania,Same Day,Men's Footwear,1,4
0,Pacific Asia,West Asia,Same Day,Shop By Sport,11,3
0,Pacific Asia,Oceania,Same Day,Women's Apparel,1,4
1,Pacific Asia,South Asia,Same Day,Garden,11,3
0,Pacific Asia,Oceania,Same Day,Camping & Hiking,12,5
1,Pacific Asia,Eastern Asia,Same Day,Fishing,12,2
1,Pacific Asia,Southeast Asia,Same Day,Books ,12,1
1,Pacific Asia,South Asia,Same Day,Video Games,1,6
1,Pacific Asia,South Asia,Same Day,Music,11,2
1,USCA,South of  USA ,Same Day,Women's Apparel,4,6
1,USCA,South of  USA ,Same Day,Camping & Hiking,4,6
1,USCA,South of  USA ,Same Day,Camping & Hiking,4,6
0,USCA,East of USA,Same Day,Camping & Hiking,8,2
1,Africa,East Africa,Same Day,Boxing & MMA,10,1
1,Europe,Northern Europe,Same Day,Cardio Equipment,7,2
1,Europe,Western Europe,Same Day,Cleats,8,7
1,Europe,Northern Europe,Same Day,Women's Apparel,8,5
1,LATAM,South America,Same Day,Cleats,2,6
1,LATAM,Caribbean,Same Day,Cleats,3,7
0,LATAM,South America,Same Day,Cleats,5,1
0,Pacific Asia,Oceania,Same Day,Cardio Equipment,12,5
0,Pacific Asia,Oceania,Same Day,Cleats,12,5
0,Pacific Asia,Southeast Asia,Same Day,Cleats,2,6
1,Pacific Asia,Eastern Asia,Same Day,Women's Apparel,12,2
1,Pacific Asia,Oceania,Same Day,Women's Apparel,11,4
1,Pacific Asia,Eastern Asia,Same Day,Accessories,3,6
1,Europe,Western Europe,Same Day,Cleats,8,7
1,Europe,Northern Europe,Same Day,Shop By Sport,7,2
1,LATAM,Central America,Same Day,As Seen on  TV!,5,5
0,Pacific Asia,Oceania,Same Day,Cleats,1,4
0,Pacific Asia,Southeast Asia,Same Day,Cleats,1,3
0,Pacific Asia,Southeast Asia,Same Day,Shop By Sport,2,6
0,Pacific Asia,Oceania,Same Day,Women's Apparel,1,4
1,Pacific Asia,Eastern Asia,Same Day,Accessories,3,6
0,Europe,Western Europe,Same Day,Cardio Equipment,6,2
1,Europe,Northern Europe,Same Day,Cardio Equipment,10,2
1,Europe,Eastern Europe,Same Day,Women's Apparel,10,2
1,Europe,Eastern Europe,Same Day,Women's Apparel,10,2
1,Pacific Asia,Eastern Asia,Same Day,Cardio Equipment,3,6
0,Pacific Asia,Southeast Asia,Same Day,Women's Apparel,1,3
1,Africa,East Africa,Same Day,Cleats,10,1
1,Europe,Northern Europe,Same Day,Shop By Sport,10,2
0,Europe,Northern Europe,Same Day,Women's Apparel,9,1
1,Europe,Northern Europe,Same Day,Accessories,10,2
0,LATAM,Central America,Same Day,Cardio Equipment,3,2
0,LATAM,South America,Same Day,Cleats,5,1
1,LATAM,Central America,Same Day,Women's Apparel,3,6
1,LATAM,South America,Same Day,Shop By Sport,3,6
1,LATAM,Central America,Same Day,Shop By Sport,5,5
0,LATAM,Central America,Same Day,Women's Apparel,4,6
1,LATAM,South America,Same Day,Women's Apparel,3,6
0,Pacific Asia,West Asia,Same Day,Cleats,1,3
0,USCA,East of USA,Same Day,Women's Apparel,8,2
1,Africa,North Africa,Second Class,Baseball & Softball,10,6
1,Africa,West Africa,Second Class,Men's Footwear,1,7
1,Africa,North Africa,Second Class,Men's Footwear,9,4
1,Africa,East Africa,Second Class,Men's Footwear,10,2
1,Africa,West Africa,Second Class,Camping & Hiking,1,7
1,Africa,West Africa,Second Class,Camping & Hiking,1,7
1,Africa,Central Africa,Second Class,Camping & Hiking,12,3
1,Europe,Northern Europe,Second Class,Computers,11,7
1,Europe,Southern Europe,Second Class,Cardio Equipment,7,1
0,Europe,Northern Europe,Second Class,Cardio Equipment,9,5
1,Europe,Southern Europe,Second Class,Cardio Equipment,6,3
0,Europe,Western Europe,Second Class,Cardio Equipment,8,3
0,Europe,Western Europe,Second Class,Cardio Equipment,10,4
1,Europe,Western Europe,Second Class,Cardio Equipment,9,5
1,Europe,Eastern Europe,Second Class,Cleats,11,6
1,Europe,Western Europe,Second Class,Cleats,8,3
1,Europe,Eastern Europe,Second Class,Cleats,1,5
1,Europe,Eastern Europe,Second Class,Cleats,11,6
1,Europe,Northern Europe,Second Class,Men's Footwear,8,2
1,Europe,Southern Europe,Second Class,Men's Footwear,7,3
1,Europe,Western Europe,Second Class,Men's Footwear,9,4
1,Europe,Eastern Europe,Second Class,Men's Footwear,1,4
1,Europe,Western Europe,Second Class,Children's Clothing,10,1
1,Europe,Southern Europe,Second Class,Men's Footwear,9,2
1,Europe,Southern Europe,Second Class,Men's Footwear,9,3
1,Europe,Western Europe,Second Class,Cleats,9,4
0,Europe,Western Europe,Second Class,Men's Footwear,8,3
1,Europe,Western Europe,Second Class,Crafts,11,5
1,Europe,Western Europe,Second Class,Men's Footwear,8,1
1,Europe,Eastern Europe,Second Class,Men's Footwear,1,5
1,Europe,Northern Europe,Second Class,Men's Footwear,8,1
0,Europe,Western Europe,Second Class,Children's Clothing,10,3
1,Europe,Southern Europe,Second Class,Men's Footwear,7,4
1,Europe,Eastern Europe,Second Class,Shop By Sport,11,3
1,Europe,Southern Europe,Second Class,Women's Apparel,9,3
1,Europe,Western Europe,Second Class,Shop By Sport,8,5
1,Europe,Southern Europe,Second Class,Women's Apparel,9,3
1,Europe,Western Europe,Second Class,Girls' Apparel,9,3
0,Pacific Asia,Eastern Asia,Standard Class,Camping & Hiking,2,3
1,Pacific Asia,Eastern Asia,Standard Class,Camping & Hiking,11,4
0,Pacific Asia,Eastern Asia,Standard Class,Camping & Hiking,12,4
0,Pacific Asia,Eastern Asia,Standard Class,Camping & Hiking,11,4
0,Pacific Asia,Oceania,Standard Class,Camping & Hiking,2,7
0,Pacific Asia,Oceania,Standard Class,Camping & Hiking,2,5
1,Pacific Asia,Southeast Asia,Standard Class,Camping & Hiking,1,1
1,Pacific Asia,Southeast Asia,Standard Class,Camping & Hiking,1,6
1,Pacific Asia,Eastern Asia,Standard Class,Fishing,1,3
0,Pacific Asia,Eastern Asia,Standard Class,Fishing,11,6
0,Pacific Asia,Oceania,Standard Class,Camping & Hiking,1,1
1,Pacific Asia,Oceania,Standard Class,Fishing,12,7
0,Pacific Asia,Oceania,Standard Class,Fishing,12,3
0,Pacific Asia,Southeast Asia,Standard Class,Camping & Hiking,3,3
0,Pacific Asia,Southeast Asia,Standard Class,Camping & Hiking,1,6
1,Pacific Asia,Southeast Asia,Standard Class,Camping & Hiking,1,6
1,Pacific Asia,West Asia,Standard Class,Camping & Hiking,12,6
0,Pacific Asia,Eastern Asia,Standard Class,Camping & Hiking,12,3
1,Pacific Asia,Eastern Asia,Standard Class,Fishing,1,6
1,Pacific Asia,Oceania,Standard Class,Camping & Hiking,3,5
1,Pacific Asia,Oceania,Standard Class,Fishing,12,7
1,Pacific Asia,Oceania,Standard Class,Fishing,12,7
0,Pacific Asia,Southeast Asia,Standard Class,Camping & Hiking,3,3
1,Pacific Asia,Southeast Asia,Standard Class,Fishing,11,5
1,Pacific Asia,Eastern Asia,Standard Class,Camping & Hiking,2,1
0,Pacific Asia,Eastern Asia,Standard Class,Fishing,12,5
0,Pacific Asia,Eastern Asia,Standard Class,Fishing,1,5
0,Pacific Asia,Oceania,Standard Class,Camping & Hiking,2,3
0,Pacific Asia,Oceania,Standard Class,Camping & Hiking,3,2
1,Pacific Asia,Oceania,Standard Class,Fishing,12,7
0,Pacific Asia,South Asia,Standard Class,Camping & Hiking,12,4
0,Pacific Asia,Southeast Asia,Standard Class,Camping & Hiking,11,4
1,Pacific Asia,Southeast Asia,Standard Class,Camping & Hiking,11,6
0,Pacific Asia,Southeast Asia,Standard Class,Camping & Hiking,2,6
1,Pacific Asia,Southeast Asia,Standard Class,Fishing,11,6
0,Pacific Asia,Eastern Asia,Standard Class,Fishing,12,5
0,Pacific Asia,Eastern Asia,Standard Class,Fishing,1,2
0,Pacific Asia,Oceania,Standard Class,Camping & Hiking,11,4
0,Pacific Asia,Oceania,Standard Class,Fishing,11,1
0,Pacific Asia,Oceania,Standard Class,Fishing,11,4
1,Pacific Asia,South Asia,Standard Class,Camping & Hiking,12,5
0,Pacific Asia,Southeast Asia,Standard Class,Camping & Hiking,12,4
0,Pacific Asia,Southeast Asia,Standard Class,Fishing,11,7
0,Pacific Asia,Eastern Asia,Standard Class,Camping & Hiking,12,3
0,Pacific Asia,Eastern Asia,Standard Class,Fishing,1,2
0,Pacific Asia,Oceania,Standard Class,Camping & Hiking,12,2
0,Pacific Asia,Oceania,Standard Class,Fishing,1,7
0,Pacific Asia,South Asia,Standard Class,Camping & Hiking,1,5
1,Pacific Asia,South Asia,Standard Class,Camping & Hiking,1,1
0,Pacific Asia,South Asia,Standard Class,Camping & Hiking,11,5
0,Pacific Asia,Eastern Asia,Standard Class,Camping & Hiking,2,6
0,Pacific Asia,Eastern Asia,Standard Class,Camping & Hiking,3,7
0,Pacific Asia,Eastern Asia,Standard Class,Fishing,1,2
0,Pacific Asia,Southeast Asia,Standard Class,Camping & Hiking,1,5
0,Pacific Asia,West Asia,Standard Class,Camping & Hiking,9,4
0,Pacific Asia,Eastern Asia,Standard Class,Camping & Hiking,3,7
1,Pacific Asia,Eastern Asia,Standard Class,Fishing,12,3
0,Pacific Asia,Oceania,Standard Class,Camping & Hiking,2,1
0,Pacific Asia,Southeast Asia,Standard Class,Camping & Hiking,1,2
0,Pacific Asia,Southeast Asia,Standard Class,Camping & Hiking,3,5
1,Pacific Asia,Oceania,Standard Class,Fishing,1,5
0,Pacific Asia,Southeast Asia,Standard Class,Camping & Hiking,1,2
0,Pacific Asia,Southeast Asia,Standard Class,Sporting Goods,2,7
1,Pacific Asia,South Asia,Standard Class,Sporting Goods,1,5
0,Pacific Asia,South Asia,Standard Class,Sporting Goods,1,4
0,Pacific Asia,Oceania,Standard Class,Sporting Goods,1,3
0,Pacific Asia,Oceania,Standard Class,Sporting Goods,1,2
1,Pacific Asia,Eastern Asia,First Class,Sporting Goods,1,2
1,Pacific Asia,Eastern Asia,First Class,Sporting Goods,1,2
1,Pacific Asia,Eastern Asia,Second Class,Sporting Goods,1,3
0,Pacific Asia,Eastern Asia,Second Class,Sporting Goods,1,6
1,Pacific Asia,South Asia,First Class,Sporting Goods,1,2
1,Pacific Asia,South Asia,First Class,Sporting Goods,1,2
1,Pacific Asia,South Asia,First Class,Sporting Goods,1,2
0,Pacific Asia,South Asia,Same Day,Sporting Goods,1,7
1,Pacific Asia,South Asia,Standard Class,Sporting Goods,1,5
0,Pacific Asia,Oceania,Second Class,Sporting Goods,1,3
0,Pacific Asia,Oceania,Second Class,Sporting Goods,1,2
1,Pacific Asia,Oceania,Second Class,Sporting Goods,1,6
1,Pacific Asia,Oceania,Second Class,Sporting Goods,1,5
0,Pacific Asia,Eastern Asia,Standard Class,Sporting Goods,1,4
0,Pacific Asia,Eastern Asia,Standard Class,Sporting Goods,1,2
1,Pacific Asia,Eastern Asia,Standard Class,Sporting Goods,1,6
0,Pacific Asia,South Asia,Standard Class,Sporting Goods,1,4
1,Pacific Asia,Eastern Asia,First Class,Sporting Goods,1,2
1,Pacific Asia,Eastern Asia,First Class,Sporting Goods,1,2
1,Pacific Asia,Southeast Asia,First Class,Sporting Goods,1,2
1,Pacific Asia,South Asia,First Class,Sporting Goods,1,2
1,Pacific Asia,Oceania,First Class,Sporting Goods,1,1
1,Pacific Asia,Oceania,Same Day,Sporting Goods,1,7
1,Pacific Asia,Southeast Asia,Same Day,Sporting Goods,1,7
0,Pacific Asia,Southeast Asia,Standard Class,Sporting Goods,1,3
0,Pacific Asia,Southeast Asia,Standard Class,Sporting Goods,1,2
0,Pacific Asia,Oceania,Standard Class,Sporting Goods,1,1
1,Pacific Asia,South Asia,Standard Class,Sporting Goods,1,5
0,Pacific Asia,Eastern Asia,Standard Class,Sporting Goods,1,3
0,Pacific Asia,West Asia,Second Class,Shop By Sport,10,5
1,Pacific Asia,Oceania,Second Class,Women's Apparel,4,3
0,Pacific Asia,West Asia,Second Class,Shop By Sport,11,3
1,Pacific Asia,Eastern Asia,Second Class,Women's Apparel,12,5
1,Pacific Asia,West Asia,Second Class,Women's Apparel,1,5
1,Pacific Asia,South Asia,Second Class,Women's Apparel,10,7
0,USCA,West of USA ,Second Class,Electronics,6,2
1,USCA,West of USA ,Second Class,Boxing & MMA,8,2
1,USCA,West of USA ,Second Class,Cleats,4,3
1,USCA,US Center ,Second Class,Cleats,5,5
0,Africa,West Africa,Second Class,Cardio Equipment,10,5
1,Africa,Central Africa,Second Class,Shop By Sport,11,1
1,Africa,West Africa,Second Class,Trade-In,11,4
1,Africa,North Africa,Second Class,Electronics,12,3
1,Europe,Western Europe,Second Class,Cardio Equipment,7,6
0,Europe,Western Europe,Second Class,Cardio Equipment,7,2
1,Europe,Western Europe,Second Class,Cardio Equipment,8,1
1,Europe,Western Europe,Second Class,Cleats,9,7
0,Europe,Northern Europe,Second Class,Cleats,7,3
1,Europe,Northern Europe,Second Class,Cleats,9,6
1,Europe,Western Europe,Second Class,Cleats,8,4
0,Europe,Western Europe,Second Class,Women's Apparel,7,2
1,Europe,Northern Europe,Second Class,Shop By Sport,8,3
1,Europe,Western Europe,Second Class,Women's Apparel,9,5
1,Europe,Western Europe,Second Class,Trade-In,7,4
1,LATAM,Central America,Second Class,Cardio Equipment,4,6
1,LATAM,Central America,Second Class,Cleats,4,6
1,LATAM,Central America,Second Class,Cleats,5,3
1,LATAM,Caribbean,Second Class,Cleats,4,5
1,LATAM,South America,Second Class,Cleats,4,5
1,LATAM,South America,Second Class,Cleats,4,5
1,LATAM,Caribbean,Second Class,Cleats,6,6
1,LATAM,South America,Second Class,Cleats,2,4
1,LATAM,Central America,Second Class,Women's Apparel,4,5
1,LATAM,Central America,Second Class,Shop By Sport,4,3
1,LATAM,South America,Second Class,Women's Apparel,4,7
1,LATAM,Caribbean,Second Class,Women's Apparel,4,5
1,LATAM,Central America,Second Class,Women's Apparel,3,4
0,LATAM,Central America,Second Class,Women's Apparel,3,3
1,LATAM,Central America,Second Class,Women's Apparel,2,7
1,LATAM,Central America,Second Class,Women's Apparel,2,7
1,LATAM,Central America,Second Class,Women's Apparel,2,4
1,LATAM,South America,Second Class,Shop By Sport,1,1
1,LATAM,South America,Standard Class,Women's Apparel,3,4
1,LATAM,South America,Standard Class,Shop By Sport,2,2
0,LATAM,South America,Standard Class,Shop By Sport,4,3
0,LATAM,South America,Standard Class,Women's Apparel,4,7
1,LATAM,South America,Standard Class,Women's Apparel,4,4
0,LATAM,Caribbean,Standard Class,Shop By Sport,2,5
0,LATAM,Caribbean,Standard Class,Shop By Sport,4,1
1,LATAM,Caribbean,Standard Class,Women's Apparel,3,5
0,LATAM,Central America,Standard Class,Women's Apparel,2,5
0,LATAM,Central America,Standard Class,Women's Apparel,2,4
0,LATAM,South America,Standard Class,Women's Apparel,5,3
0,LATAM,Central America,Standard Class,Shop By Sport,3,1
0,LATAM,South America,Standard Class,Women's Apparel,6,6
0,LATAM,Caribbean,Standard Class,Shop By Sport,1,2
1,LATAM,Central America,Standard Class,Women's Apparel,5,2
1,LATAM,South America,Standard Class,Women's Apparel,3,2
0,LATAM,Caribbean,Standard Class,Women's Apparel,4,2
1,LATAM,Central America,Standard Class,Women's Apparel,3,4
0,LATAM,Central America,Standard Class,Shop By Sport,6,5
1,LATAM,South America,Standard Class,Women's Apparel,2,2
0,LATAM,South America,Standard Class,Women's Apparel,5,7
1,LATAM,Central America,Standard Class,Electronics,4,1
0,LATAM,Central America,Standard Class,Electronics,2,5
0,LATAM,Caribbean,Standard Class,Hunting & Shooting,4,6
0,LATAM,South America,Standard Class,Baseball & Softball,5,7
1,LATAM,Central America,Standard Class,Cardio Equipment,5,3
0,LATAM,Central America,Standard Class,Cardio Equipment,2,6
1,LATAM,South America,Standard Class,Cardio Equipment,2,7
0,LATAM,Central America,Standard Class,Cardio Equipment,5,2
1,LATAM,South America,Standard Class,Cardio Equipment,3,6
0,LATAM,Central America,Standard Class,Cardio Equipment,5,2
1,LATAM,Central America,Standard Class,Cardio Equipment,5,1
1,LATAM,Central America,Standard Class,Cardio Equipment,4,5
0,LATAM,South America,Standard Class,Cardio Equipment,5,7
0,LATAM,South America,Standard Class,Boxing & MMA,6,5
0,LATAM,Central America,Standard Class,Cleats,3,3
0,LATAM,Central America,Standard Class,Cleats,2,1
1,LATAM,Central America,Standard Class,Cleats,1,3
0,LATAM,South America,Standard Class,Cleats,2,5
1,LATAM,Central America,Standard Class,Cleats,5,7
1,LATAM,Central America,Standard Class,Cleats,2,1
1,LATAM,Central America,Standard Class,Cleats,1,1
1,Africa,Central Africa,Second Class,Cardio Equipment,1,7
1,Africa,North Africa,Second Class,Men's Footwear,11,5
1,Africa,East Africa,Second Class,Men's Footwear,9,5
1,Africa,North Africa,Second Class,Men's Footwear,8,3
1,Africa,North Africa,Second Class,Cleats,11,5
1,Africa,West Africa,Second Class,Men's Footwear,10,3
1,Africa,North Africa,Second Class,Camping & Hiking,11,2
1,Africa,North Africa,Second Class,Camping & Hiking,8,3
1,Europe,Southern Europe,Second Class,Consumer Electronics,11,2
1,Europe,Western Europe,Second Class,Cameras ,10,4
1,Europe,Western Europe,Second Class,Consumer Electronics,11,3
1,Europe,Western Europe,Second Class,Cameras ,10,1
1,Europe,Western Europe,Second Class,Consumer Electronics,11,2
1,Europe,Southern Europe,Second Class,Cameras ,10,5
1,Europe,Western Europe,Second Class,Consumer Electronics,11,4
1,Europe,Northern Europe,Second Class,Computers,11,6
0,Europe,Western Europe,Second Class,Cameras ,10,1
1,Europe,Western Europe,Second Class,Cameras ,10,7
1,Europe,Northern Europe,Second Class,Computers,11,7
1,Europe,Southern Europe,Second Class,Cameras ,10,3
0,Europe,Northern Europe,Second Class,Consumer Electronics,11,1
1,Europe,Southern Europe,Second Class,Cameras ,10,7
1,Europe,Southern Europe,Second Class,Consumer Electronics,11,4
1,Europe,Western Europe,Second Class,Computers,10,3
0,Europe,Southern Europe,Second Class,Cameras ,10,1
1,Europe,Western Europe,Second Class,Consumer Electronics,11,3
1,Europe,Northern Europe,Second Class,Cameras ,10,7
1,Europe,Western Europe,Second Class,Consumer Electronics,11,7
1,Europe,Western Europe,Second Class,Cameras ,10,2
1,Europe,Northern Europe,Second Class,Consumer Electronics,11,3
1,Europe,Southern Europe,Second Class,Consumer Electronics,11,2
1,Europe,Western Europe,Second Class,Consumer Electronics,11,3
1,Europe,Northern Europe,Second Class,Cameras ,10,3
1,Europe,Southern Europe,Second Class,Cameras ,10,7
1,Europe,Western Europe,Second Class,Consumer Electronics,11,5
1,Europe,Northern Europe,Second Class,Computers,10,3
0,Europe,Northern Europe,Second Class,Cameras ,10,6
1,Europe,Western Europe,Second Class,Basketball,10,7
1,Europe,Southern Europe,Second Class,Soccer,9,4
1,Europe,Northern Europe,Second Class,Baseball & Softball,9,4
1,Europe,Northern Europe,Second Class,Electronics,10,3
1,Europe,Western Europe,Second Class,Cardio Equipment,8,1
1,Europe,Northern Europe,Second Class,Cardio Equipment,8,6
1,Europe,Western Europe,Second Class,Electronics,9,1
1,Europe,Western Europe,Second Class,Cardio Equipment,10,4
1,Europe,Western Europe,Second Class,Cardio Equipment,7,5
0,USCA,West of USA ,Standard Class,Cardio Equipment,8,7
0,USCA,West of USA ,Standard Class,Cleats,5,6
0,USCA,West of USA ,Standard Class,Cleats,5,1
0,USCA,Canada,Standard Class,Women's Apparel,12,6
0,USCA,Canada,Standard Class,Women's Apparel,12,6
0,USCA,East of USA,Standard Class,Shop By Sport,7,6
0,Africa,North Africa,Standard Class,Women's Apparel,9,6
0,Africa,West Africa,Standard Class,Accessories,12,2
0,Africa,North Africa,Standard Class,Cardio Equipment,11,5
0,Africa,Southern Africa,Standard Class,Cardio Equipment,11,7
0,Pacific Asia,Oceania,Standard Class,Cleats,2,7
0,Pacific Asia,Oceania,Standard Class,Men's Footwear,1,1
0,Pacific Asia,Oceania,Standard Class,Men's Footwear,3,2
1,Pacific Asia,Oceania,Standard Class,Men's Footwear,1,5
0,Pacific Asia,West Asia,Standard Class,Men's Footwear,12,6
0,Pacific Asia,Eastern Asia,Standard Class,Crafts,12,6
0,Pacific Asia,Eastern Asia,Standard Class,Men's Footwear,2,3
0,Pacific Asia,Oceania,Standard Class,Cleats,3,6
0,Pacific Asia,Oceania,Standard Class,Men's Footwear,3,6
0,Pacific Asia,West Asia,Standard Class,Men's Footwear,12,6
0,Pacific Asia,Eastern Asia,Standard Class,Men's Footwear,11,7
0,Pacific Asia,Eastern Asia,Standard Class,Men's Footwear,12,4
0,Pacific Asia,Eastern Asia,Standard Class,Men's Footwear,1,2
0,Pacific Asia,Eastern Asia,Standard Class,Women's Clothing,12,2
1,Pacific Asia,Oceania,Standard Class,Cleats,3,2
0,Pacific Asia,Oceania,Standard Class,Men's Footwear,3,7
0,Pacific Asia,Oceania,Standard Class,Men's Footwear,2,4
0,Pacific Asia,Oceania,Standard Class,Women's Clothing,1,3
0,Pacific Asia,South Asia,Standard Class,Men's Footwear,12,3
1,Pacific Asia,South Asia,Standard Class,Men's Footwear,1,1
0,Pacific Asia,Southeast Asia,Standard Class,Crafts,12,7
0,Pacific Asia,Southeast Asia,Standard Class,Men's Footwear,1,6
0,Pacific Asia,Eastern Asia,Standard Class,Men's Clothing,11,3
0,Africa,West Africa,Standard Class,Shop By Sport,10,7
0,Africa,West Africa,Standard Class,Women's Apparel,11,3
1,Africa,West Africa,Standard Class,Women's Apparel,10,6
1,Africa,Central Africa,Standard Class,Shop By Sport,10,4
1,Africa,Southern Africa,Standard Class,Accessories,9,5
1,Europe,Western Europe,Standard Class,Baseball & Softball,10,2
1,Europe,Eastern Europe,Standard Class,Fitness Accessories,10,4
0,Europe,Western Europe,Standard Class,Cardio Equipment,8,5
0,Europe,Southern Europe,Standard Class,Electronics,8,2
0,Europe,Western Europe,Standard Class,Cardio Equipment,7,2
0,Europe,Southern Europe,Standard Class,Cardio Equipment,9,7
1,Europe,Southern Europe,Standard Class,Cardio Equipment,7,6
0,Europe,Western Europe,Standard Class,Cardio Equipment,9,6
1,Europe,Western Europe,Standard Class,Fitness Accessories,10,5
1,Europe,Southern Europe,Standard Class,Fitness Accessories,10,6
1,Europe,Northern Europe,Standard Class,As Seen on  TV!,9,5
1,Europe,Eastern Europe,Standard Class,Cardio Equipment,11,3
0,LATAM,Central America,Standard Class,Cleats,3,5
0,LATAM,Central America,Standard Class,Cleats,2,5
0,LATAM,South America,Standard Class,Women's Apparel,3,3
0,LATAM,Central America,Standard Class,Women's Apparel,5,3
0,LATAM,Central America,Standard Class,Women's Apparel,3,3
0,LATAM,Caribbean,Standard Class,Women's Apparel,5,5
0,LATAM,Central America,Standard Class,Shop By Sport,5,2
1,LATAM,South America,Standard Class,Women's Apparel,2,7
1,LATAM,Central America,Standard Class,Girls' Apparel,2,4
0,LATAM,Central America,Standard Class,Women's Apparel,2,5
0,LATAM,Central America,Standard Class,Women's Apparel,4,2
0,LATAM,Central America,Standard Class,Shop By Sport,4,4
0,LATAM,Central America,Standard Class,Women's Apparel,3,5
0,LATAM,South America,Standard Class,Women's Apparel,2,3
0,LATAM,Central America,Standard Class,Women's Apparel,3,3
0,LATAM,Central America,Standard Class,Girls' Apparel,2,7
0,LATAM,South America,Standard Class,Shop By Sport,2,4
0,LATAM,Central America,Standard Class,Women's Apparel,2,7
1,LATAM,Central America,Standard Class,Shop By Sport,2,7
0,LATAM,South America,Standard Class,Accessories,3,7
1,LATAM,South America,Standard Class,Golf Balls,5,5
0,Pacific Asia,South Asia,Standard Class,Sporting Goods,1,2
0,Pacific Asia,Eastern Asia,Standard Class,Sporting Goods,1,1
1,Pacific Asia,Eastern Asia,Second Class,Sporting Goods,1,5
1,Pacific Asia,South Asia,Standard Class,Sporting Goods,1,4
0,Pacific Asia,South Asia,Standard Class,Sporting Goods,1,2
0,Pacific Asia,Oceania,Standard Class,Sporting Goods,1,1
1,Pacific Asia,Southeast Asia,Second Class,Sporting Goods,1,5
1,Pacific Asia,Oceania,Standard Class,Sporting Goods,1,4
1,Pacific Asia,Eastern Asia,First Class,Sporting Goods,1,1
0,Pacific Asia,Eastern Asia,Standard Class,Sporting Goods,1,1
1,Pacific Asia,South Asia,Standard Class,Sporting Goods,1,4
0,Pacific Asia,Southeast Asia,Standard Class,Sporting Goods,1,2
0,Pacific Asia,Southeast Asia,Standard Class,Sporting Goods,1,1
1,Pacific Asia,Southeast Asia,Standard Class,Sporting Goods,1,4
0,Pacific Asia,South Asia,Standard Class,Sporting Goods,1,3
0,Pacific Asia,South Asia,Standard Class,Sporting Goods,1,2
1,Pacific Asia,South Asia,First Class,Sporting Goods,1,1
1,Pacific Asia,Eastern Asia,First Class,Sporting Goods,1,1
0,Pacific Asia,Southeast Asia,Same Day,Sporting Goods,1,6
0,Pacific Asia,Oceania,Standard Class,Sporting Goods,1,3
0,Pacific Asia,Oceania,Standard Class,Sporting Goods,1,2
0,Pacific Asia,Oceania,Standard Class,Sporting Goods,1,1
0,Pacific Asia,Eastern Asia,Standard Class,Sporting Goods,1,4
1,Pacific Asia,Oceania,Second Class,Sporting Goods,1,3
0,Pacific Asia,Oceania,Standard Class,Sporting Goods,1,2
0,Pacific Asia,Eastern Asia,Second Class,Sporting Goods,1,1
1,Pacific Asia,Southeast Asia,First Class,Sporting Goods,1,1
1,Pacific Asia,Eastern Asia,Second Class,Sporting Goods,1,3
0,Pacific Asia,Eastern Asia,Standard Class,Sporting Goods,1,1
1,Pacific Asia,South Asia,Standard Class,Sporting Goods,1,4
0,Pacific Asia,South Asia,Second Class,Sporting Goods,1,2
1,Pacific Asia,Southeast Asia,Standard Class,Sporting Goods,1,5
1,Pacific Asia,Southeast Asia,Second Class,Sporting Goods,1,3
0,Pacific Asia,Southeast Asia,Standard Class,Sporting Goods,1,1
1,Pacific Asia,Eastern Asia,Second Class,Sporting Goods,1,5
1,Pacific Asia,Eastern Asia,First Class,Sporting Goods,1,1
0,Pacific Asia,Southeast Asia,Second Class,Sporting Goods,1,1
1,Pacific Asia,South Asia,Second Class,Sporting Goods,1,5
1,Pacific Asia,South Asia,First Class,Sporting Goods,1,7
1,Pacific Asia,South Asia,First Class,Sporting Goods,1,7
1,Pacific Asia,South Asia,First Class,Sporting Goods,1,7
1,Pacific Asia,Southeast Asia,Standard Class,Sporting Goods,1,3
0,Pacific Asia,Oceania,Standard Class,Sporting Goods,1,1
1,Pacific Asia,Southeast Asia,Standard Class,Sporting Goods,1,4
0,Pacific Asia,South Asia,Standard Class,Sporting Goods,1,2
0,Pacific Asia,South Asia,Standard Class,Sporting Goods,1,7
1,Pacific Asia,Southeast Asia,Standard Class,Sporting Goods,1,3
0,Pacific Asia,Oceania,Standard Class,Sporting Goods,1,1
1,Pacific Asia,Eastern Asia,Standard Class,Sporting Goods,1,3
1,Pacific Asia,Oceania,Second Class,Sporting Goods,1,1
1,Pacific Asia,Eastern Asia,Second Class,Sporting Goods,1,4
1,Pacific Asia,Eastern Asia,Same Day,Sporting Goods,1,6
1,Pacific Asia,Oceania,Same Day,Sporting Goods,1,6
1,Pacific Asia,Oceania,Same Day,Sporting Goods,1,6
1,Pacific Asia,Oceania,Same Day,Sporting Goods,1,6
0,Pacific Asia,Oceania,Same Day,Sporting Goods,1,6
1,Pacific Asia,South Asia,Same Day,Sporting Goods,1,6
1,Pacific Asia,Southeast Asia,Standard Class,Sporting Goods,1,3
0,Pacific Asia,South Asia,Standard Class,Sporting Goods,1,2
0,Pacific Asia,Eastern Asia,Standard Class,Sporting Goods,1,1
1,LATAM,Central America,Second Class,Women's Apparel,4,6
1,LATAM,Central America,Second Class,Women's Apparel,2,7
0,Pacific Asia,West Asia,Second Class,Cardio Equipment,12,1
1,Pacific Asia,Oceania,Second Class,Shop By Sport,3,5
1,Pacific Asia,West Asia,Second Class,Cardio Equipment,1,5
1,Pacific Asia,Southeast Asia,Second Class,Cleats,2,7
1,Pacific Asia,Eastern Asia,Second Class,Cleats,12,5
0,Pacific Asia,Southeast Asia,Second Class,Cleats,4,1
0,Pacific Asia,Eastern Asia,Second Class,Cleats,11,7
1,Pacific Asia,Oceania,Second Class,Cleats,1,7
0,Pacific Asia,Southeast Asia,Second Class,Women's Apparel,4,1
1,Pacific Asia,Oceania,Second Class,Shop By Sport,12,7
1,Pacific Asia,Oceania,Second Class,Trade-In,2,6
1,Pacific Asia,South Asia,Second Class,Trade-In,2,7
1,USCA,West of USA ,Second Class,Cleats,7,7
1,USCA,West of USA ,Second Class,Tennis & Racquet,4,3
0,USCA,West of USA ,Second Class,Cardio Equipment,5,1
1,USCA,East of USA,Second Class,Cardio Equipment,7,6
1,USCA,East of USA,Second Class,Cleats,7,6
1,USCA,US Center ,Second Class,Women's Apparel,5,5
1,USCA,South of  USA ,Second Class,Women's Apparel,8,1
1,Africa,Southern Africa,Second Class,Cardio Equipment,11,4
0,Africa,Southern Africa,Second Class,Electronics,10,2
1,Europe,Western Europe,Second Class,Cardio Equipment,7,3
0,Europe,Western Europe,Second Class,Electronics,9,4
0,Europe,Western Europe,Second Class,Cardio Equipment,6,4
1,Europe,Northern Europe,Second Class,Cleats,8,3
1,Europe,Northern Europe,Second Class,Cleats,9,6
1,Europe,Western Europe,Second Class,Cleats,7,6
0,Europe,Western Europe,Second Class,Women's Apparel,6,6
1,Europe,Western Europe,Second Class,Shop By Sport,9,4
0,Europe,Eastern Europe,Second Class,Women's Apparel,10,2
1,Europe,Northern Europe,Second Class,Women's Apparel,8,3
0,Europe,Northern Europe,Second Class,Women's Apparel,7,4
1,Europe,Eastern Europe,Second Class,Shop By Sport,12,4
1,Europe,Northern Europe,Second Class,Women's Apparel,10,6
0,Europe,Western Europe,Second Class,Shop By Sport,7,2
1,Europe,Eastern Europe,Second Class,Accessories,12,4
0,LATAM,Central America,Second Class,Cardio Equipment,1,1
1,LATAM,Caribbean,Second Class,Cardio Equipment,5,6
1,LATAM,Central America,Second Class,Cardio Equipment,4,3
1,LATAM,Central America,Second Class,Cleats,2,7
1,LATAM,Central America,Second Class,Cleats,5,5
1,LATAM,Central America,Second Class,Cleats,4,6
1,LATAM,South America,Second Class,Women's Apparel,3,4
1,LATAM,Central America,Second Class,Shop By Sport,2,7
0,LATAM,Central America,Second Class,Women's Apparel,3,5
1,LATAM,South America,Second Class,Electronics,3,1
1,Pacific Asia,Eastern Asia,Second Class,Accessories,11,5
1,Pacific Asia,Eastern Asia,Second Class,Cleats,12,5
1,Pacific Asia,Oceania,Second Class,Cleats,4,4
1,Pacific Asia,South Asia,Second Class,Cleats,11,4
0,Pacific Asia,Oceania,Second Class,Shop By Sport,12,2
1,Pacific Asia,West Asia,Second Class,Women's Apparel,1,5
1,Pacific Asia,Southeast Asia,Second Class,Shop By Sport,12,1
1,Pacific Asia,Southeast Asia,Second Class,Women's Apparel,11,5
1,Pacific Asia,Eastern Asia,Second Class,Shop By Sport,11,2
0,Pacific Asia,West Asia,Second Class,Women's Apparel,10,5
1,Pacific Asia,Oceania,Second Class,Accessories,12,6
1,USCA,West of USA ,Second Class,Women's Apparel,7,7
1,USCA,West of USA ,Second Class,Electronics,4,7
1,USCA,West of USA ,Second Class,Cleats,7,7
1,USCA,US Center ,Second Class,Cleats,7,7
1,USCA,East of USA,Second Class,Cleats,4,7
1,USCA,South of  USA ,Second Class,Cleats,6,7
1,USCA,US Center ,Second Class,Cleats,7,7
1,USCA,South of  USA ,Second Class,Shop By Sport,8,1
1,USCA,South of  USA ,Second Class,Women's Apparel,8,1
1,Africa,Central Africa,Second Class,Cardio Equipment,12,2
1,Africa,North Africa,Second Class,Women's Apparel,12,3
1,Europe,Southern Europe,Second Class,Cardio Equipment,9,2
0,Europe,Southern Europe,Second Class,Cardio Equipment,8,6
1,Europe,Western Europe,Second Class,Cleats,7,5
1,Europe,Western Europe,Second Class,Cleats,8,5
1,Europe,Western Europe,Second Class,Cleats,7,6
1,Europe,Western Europe,Second Class,Cleats,9,5
0,Europe,Southern Europe,Second Class,Girls' Apparel,8,6
1,Europe,Western Europe,Second Class,Women's Apparel,8,1
1,Europe,Northern Europe,Second Class,Women's Apparel,8,3
0,Europe,Northern Europe,Second Class,Women's Apparel,7,4
1,Europe,Western Europe,Second Class,Shop By Sport,9,1
1,Europe,Western Europe,Second Class,Women's Apparel,8,1
1,Europe,Western Europe,Second Class,Women's Apparel,8,5
1,Europe,Western Europe,Second Class,Women's Apparel,8,3
0,Europe,Western Europe,Second Class,Girls' Apparel,6,6
1,Europe,Western Europe,Second Class,Women's Apparel,7,3
0,Europe,Eastern Europe,Second Class,Golf Balls,1,5
0,LATAM,Central America,Second Class,Women's Apparel,2,4
1,LATAM,Central America,Second Class,Electronics,2,7
1,Europe,Western Europe,Second Class,Strength Training,9,4
0,Europe,Southern Europe,Second Class,Cardio Equipment,8,1
1,Europe,Northern Europe,Second Class,Electronics,7,1
1,Europe,Southern Europe,Second Class,Crafts,11,6
1,Europe,Southern Europe,Second Class,Men's Footwear,7,5
1,Europe,Western Europe,Second Class,Cleats,9,4
1,Europe,Western Europe,Second Class,Men's Footwear,10,7
1,Europe,Western Europe,Second Class,Men's Footwear,8,4
1,Europe,Western Europe,Second Class,Men's Footwear,8,2
1,Europe,Western Europe,Second Class,Men's Footwear,8,7
1,Europe,Eastern Europe,Second Class,Cleats,11,5
1,Europe,Northern Europe,Second Class,Crafts,11,4
1,Europe,Northern Europe,Second Class,Men's Footwear,7,3
1,Europe,Northern Europe,Second Class,Men's Footwear,10,4
1,Europe,Northern Europe,Second Class,Men's Footwear,9,6
0,Europe,Northern Europe,Second Class,Men's Footwear,6,4
1,Europe,Southern Europe,Second Class,Men's Footwear,9,1
0,Europe,Southern Europe,Second Class,Men's Footwear,8,1
0,Europe,Western Europe,Second Class,Crafts,11,4
1,Europe,Western Europe,Second Class,Men's Footwear,10,7
1,Europe,Western Europe,Second Class,Men's Footwear,8,4
1,Europe,Western Europe,Second Class,Men's Footwear,9,4
1,Europe,Eastern Europe,Second Class,Cleats,12,6
0,Europe,Northern Europe,Second Class,Men's Footwear,8,2
0,Europe,Northern Europe,Second Class,Men's Footwear,6,4
1,Europe,Western Europe,Second Class,Cleats,8,5
1,Europe,Northern Europe,Second Class,Men's Footwear,9,7
0,Europe,Northern Europe,Second Class,Men's Footwear,6,4
1,Europe,Southern Europe,Second Class,Cleats,7,7
0,Europe,Western Europe,Second Class,Men's Footwear,8,3
1,Europe,Western Europe,Second Class,Men's Footwear,6,3
1,Europe,Western Europe,Second Class,Men's Footwear,8,1
1,Europe,Western Europe,Second Class,Men's Footwear,9,3
1,Europe,Western Europe,Second Class,Men's Footwear,9,5
1,Europe,Western Europe,Second Class,Men's Footwear,7,4
1,Europe,Western Europe,Second Class,Men's Footwear,6,3
1,Europe,Western Europe,Second Class,Cleats,7,5
1,Europe,Eastern Europe,Second Class,Men's Footwear,10,5
1,Europe,Northern Europe,Second Class,Cleats,7,5
1,Europe,Northern Europe,Second Class,Men's Footwear,7,4
1,Europe,Southern Europe,Second Class,Men's Footwear,9,7
1,Europe,Western Europe,Second Class,Men's Footwear,7,3
1,Europe,Western Europe,Second Class,Men's Footwear,10,7
1,Europe,Southern Europe,Second Class,Men's Footwear,10,3
0,Europe,Western Europe,Second Class,Men's Footwear,8,3
1,Europe,Western Europe,Second Class,Men's Footwear,10,6
1,Europe,Northern Europe,Second Class,Men's Footwear,8,7
1,Europe,Northern Europe,Second Class,Men's Footwear,10,3
1,Europe,Northern Europe,Second Class,Men's Footwear,9,4
1,Europe,Northern Europe,Second Class,Men's Footwear,9,4
1,Europe,Southern Europe,Second Class,Men's Footwear,10,3
1,Europe,Southern Europe,Second Class,Men's Footwear,6,1
1,Europe,Northern Europe,Second Class,Men's Footwear,8,6
1,Europe,Northern Europe,Second Class,Men's Footwear,7,5
0,Europe,Western Europe,Second Class,Cleats,8,2
1,Europe,Western Europe,Second Class,Cleats,7,5
1,Europe,Eastern Europe,Second Class,Men's Footwear,12,6
1,Europe,Northern Europe,Second Class,Men's Footwear,9,5
1,Europe,Northern Europe,Second Class,Men's Footwear,8,2
0,Europe,Southern Europe,Second Class,Men's Footwear,8,3
1,Europe,Southern Europe,Second Class,Men's Footwear,7,4
1,Europe,Western Europe,Second Class,Men's Footwear,9,2
1,Europe,Northern Europe,Second Class,Men's Footwear,10,7
1,Europe,Northern Europe,Second Class,Men's Footwear,9,5
1,Europe,Northern Europe,Second Class,Men's Footwear,8,7
1,Europe,Northern Europe,Second Class,Men's Footwear,8,2
1,Europe,Northern Europe,Second Class,Men's Footwear,7,7
1,Europe,Southern Europe,Second Class,Cleats,6,4
1,Europe,Southern Europe,Second Class,Men's Footwear,7,5
1,Europe,Western Europe,Second Class,Men's Footwear,9,7
1,Europe,Western Europe,Second Class,Men's Footwear,9,2
1,Europe,Western Europe,Second Class,Men's Footwear,6,5
1,Europe,Eastern Europe,Second Class,Cleats,9,6
1,Europe,Northern Europe,Second Class,Men's Footwear,10,7
1,Europe,Northern Europe,Second Class,Men's Footwear,7,7
1,Europe,Southern Europe,Second Class,Men's Footwear,7,5
1,Europe,Western Europe,Second Class,Children's Clothing,10,3
1,Europe,Western Europe,Second Class,Men's Footwear,9,4
1,Europe,Western Europe,Second Class,Men's Footwear,9,5
1,Europe,Western Europe,Second Class,Men's Footwear,8,5
1,Europe,Western Europe,Second Class,Men's Footwear,7,5
1,Europe,Northern Europe,Second Class,Men's Footwear,8,6
1,Europe,Northern Europe,Second Class,Men's Footwear,7,7
1,Europe,Southern Europe,Second Class,Men's Footwear,10,6
1,Europe,Western Europe,Second Class,Cleats,7,6
1,Europe,Western Europe,Second Class,Crafts,11,1
0,Europe,Western Europe,Second Class,Men's Footwear,8,2
1,Europe,Western Europe,Second Class,Men's Footwear,7,5
1,Europe,Eastern Europe,Second Class,Men's Footwear,10,2
1,LATAM,Central America,Standard Class,Cleats,2,1
1,LATAM,South America,Standard Class,Cleats,2,7
1,LATAM,Caribbean,Standard Class,Cleats,4,4
1,LATAM,Central America,Standard Class,Cleats,3,1
0,LATAM,South America,Standard Class,Cleats,5,1
0,LATAM,Central America,Standard Class,Cleats,3,2
1,LATAM,Central America,Standard Class,Cleats,5,7
0,LATAM,Caribbean,Standard Class,Cleats,5,3
1,LATAM,Central America,Standard Class,Cleats,5,1
0,LATAM,Caribbean,Standard Class,Shop By Sport,1,6
1,LATAM,Central America,Standard Class,Women's Apparel,3,2
0,LATAM,South America,Standard Class,Shop By Sport,6,6
1,LATAM,Caribbean,Standard Class,Women's Apparel,2,4
0,LATAM,Central America,Standard Class,Girls' Apparel,2,5
0,LATAM,Central America,Standard Class,Women's Apparel,4,2
1,LATAM,South America,Standard Class,Girls' Apparel,1,1
0,LATAM,South America,Standard Class,Shop By Sport,3,2
1,LATAM,South America,Standard Class,Shop By Sport,3,5
0,LATAM,Central America,Standard Class,Women's Apparel,5,4
1,LATAM,Central America,Standard Class,Women's Apparel,5,7
0,LATAM,Central America,Standard Class,Women's Apparel,5,1
0,LATAM,Central America,Standard Class,Women's Apparel,2,6
0,LATAM,Central America,Standard Class,Girls' Apparel,2,3
0,LATAM,Central America,Standard Class,Shop By Sport,2,2
1,LATAM,Central America,Standard Class,Women's Apparel,3,3
0,LATAM,South America,Standard Class,Women's Apparel,4,7
0,LATAM,South America,Standard Class,Women's Apparel,6,2
1,LATAM,Central America,Standard Class,Women's Apparel,2,3
0,LATAM,Central America,Standard Class,Women's Apparel,5,3
0,LATAM,South America,Standard Class,Shop By Sport,1,6
0,LATAM,South America,Standard Class,Shop By Sport,5,3
0,LATAM,South America,Standard Class,Women's Apparel,5,4
1,LATAM,South America,Standard Class,Shop By Sport,4,1
1,LATAM,Central America,Standard Class,Women's Apparel,2,1
0,LATAM,South America,Standard Class,Girls' Apparel,3,7
0,LATAM,Central America,Standard Class,Electronics,4,2
0,LATAM,South America,Standard Class,Accessories,5,3
1,LATAM,Caribbean,Standard Class,Electronics,1,6
0,LATAM,Central America,Standard Class,Accessories,1,6
0,LATAM,Central America,Standard Class,Trade-In,2,5
0,LATAM,South America,Standard Class,Accessories,6,2
0,LATAM,Central America,Standard Class,Cleats,4,6
0,LATAM,Caribbean,Standard Class,Cleats,6,4
0,LATAM,Central America,Standard Class,Cleats,1,5
0,LATAM,Caribbean,Standard Class,Cleats,4,5
0,LATAM,South America,Standard Class,Cleats,4,5
0,LATAM,Central America,Standard Class,Shop By Sport,2,7
0,LATAM,Caribbean,Standard Class,Women's Apparel,2,7
0,LATAM,South America,Standard Class,Girls' Apparel,4,5
0,LATAM,South America,Standard Class,Women's Apparel,2,1
0,LATAM,Central America,Standard Class,Girls' Apparel,5,1
0,LATAM,South America,Standard Class,Women's Apparel,6,3
0,LATAM,South America,Standard Class,Shop By Sport,4,5
0,Pacific Asia,South Asia,Standard Class,Cardio Equipment,2,6
0,Pacific Asia,Eastern Asia,Standard Class,Cardio Equipment,12,1
0,Pacific Asia,Oceania,Standard Class,Cardio Equipment,4,3
0,Pacific Asia,Oceania,Standard Class,Baseball & Softball,3,2
1,Pacific Asia,Eastern Asia,Standard Class,Electronics,1,3
1,Pacific Asia,Oceania,Standard Class,Cardio Equipment,3,1
0,Pacific Asia,Southeast Asia,Standard Class,Cardio Equipment,11,4
0,Pacific Asia,West Asia,Standard Class,Cardio Equipment,10,1
0,Pacific Asia,Southeast Asia,Standard Class,Cardio Equipment,3,6
0,Pacific Asia,West Asia,Standard Class,Cardio Equipment,9,2
0,Pacific Asia,Southeast Asia,Standard Class,Cardio Equipment,12,5
0,Pacific Asia,South Asia,Standard Class,Electronics,9,5
0,Pacific Asia,West Asia,Standard Class,Cardio Equipment,12,5
0,Pacific Asia,South Asia,Standard Class,Cleats,11,2
0,Pacific Asia,Southeast Asia,Standard Class,Cleats,12,2
0,Pacific Asia,Eastern Asia,Standard Class,Cleats,12,3
0,Pacific Asia,Oceania,Standard Class,Cleats,1,2
0,Pacific Asia,West Asia,Standard Class,Cleats,11,2
0,Pacific Asia,West Asia,Standard Class,Cleats,9,1
1,Pacific Asia,South Asia,Standard Class,Cleats,12,2
0,Pacific Asia,Eastern Asia,Standard Class,Cleats,2,6
0,Pacific Asia,Southeast Asia,Standard Class,Cleats,11,4
0,Pacific Asia,Oceania,Standard Class,Shop By Sport,2,6
0,Pacific Asia,West Asia,Standard Class,Women's Apparel,11,7
0,Pacific Asia,West Asia,Standard Class,Women's Apparel,12,5
0,Pacific Asia,Eastern Asia,Standard Class,Shop By Sport,11,7
0,Pacific Asia,West Asia,Standard Class,Women's Apparel,1,5
0,Pacific Asia,West Asia,Standard Class,Women's Apparel,10,1
0,Pacific Asia,Eastern Asia,Standard Class,Women's Apparel,11,1
0,Pacific Asia,Eastern Asia,Standard Class,Women's Apparel,11,3
0,Pacific Asia,Southeast Asia,Standard Class,Women's Apparel,1,4
1,Africa,West Africa,Standard Class,Cardio Equipment,12,6
0,Africa,West Africa,Standard Class,Cleats,1,6
1,Africa,North Africa,Standard Class,Shop By Sport,9,4
0,Africa,North Africa,Standard Class,Shop By Sport,9,4
0,Africa,West Africa,Standard Class,Shop By Sport,1,6
0,Africa,North Africa,Standard Class,Cleats,11,7
0,Africa,North Africa,Standard Class,Women's Apparel,11,7
0,Europe,Western Europe,Standard Class,Cardio Equipment,8,3
0,Europe,Southern Europe,Standard Class,Cleats,7,7
0,Europe,Western Europe,Standard Class,Cleats,7,6
0,Europe,Northern Europe,Standard Class,Cleats,9,1
0,Europe,Northern Europe,Standard Class,Cleats,7,4
0,Europe,Western Europe,Standard Class,Women's Apparel,9,7
0,Europe,Western Europe,Standard Class,Shop By Sport,7,2
0,Europe,Western Europe,Standard Class,Women's Apparel,10,7
0,Europe,Northern Europe,Standard Class,Women's Apparel,7,4
0,Europe,Southern Europe,Standard Class,Shop By Sport,7,7
0,Europe,Western Europe,Standard Class,Women's Apparel,9,4
0,Europe,Western Europe,Standard Class,Women's Apparel,9,4
0,Europe,Western Europe,Standard Class,Baseball & Softball,6,5
0,Europe,Southern Europe,Standard Class,Cardio Equipment,7,2
0,Europe,Southern Europe,Standard Class,Cardio Equipment,10,1
0,Europe,Western Europe,Standard Class,Cardio Equipment,9,5
0,Europe,Northern Europe,Standard Class,Cardio Equipment,8,2
0,Europe,Western Europe,Standard Class,Electronics,6,5
0,Europe,Northern Europe,Standard Class,Cardio Equipment,8,4
0,Europe,Western Europe,Standard Class,Cardio Equipment,9,2
1,Europe,Western Europe,Standard Class,Cardio Equipment,7,2
0,Europe,Southern Europe,Standard Class,Cardio Equipment,9,3
1,Europe,Northern Europe,Standard Class,Cleats,6,7
1,Europe,Western Europe,Standard Class,Cleats,7,1
0,Europe,Western Europe,Standard Class,Cleats,7,3
0,Europe,Northern Europe,Standard Class,Cleats,6,3
1,Europe,Western Europe,Standard Class,Cleats,8,1
0,Europe,Southern Europe,Standard Class,Cleats,7,7
0,Europe,Western Europe,Standard Class,Cleats,8,4
1,Europe,Southern Europe,Standard Class,Cleats,8,7
0,Europe,Southern Europe,Standard Class,Cleats,10,2
1,Europe,Western Europe,Standard Class,Cleats,9,2
1,Europe,Western Europe,Standard Class,Cleats,9,2
0,Europe,Southern Europe,Standard Class,Cleats,9,3
1,Europe,Western Europe,Standard Class,Cleats,9,6
0,Europe,Northern Europe,Standard Class,Cleats,6,6
0,Europe,Western Europe,Standard Class,Cleats,6,5
0,Europe,Western Europe,Standard Class,Cleats,9,1
0,Europe,Western Europe,Standard Class,Cleats,9,3
1,Pacific Asia,Eastern Asia,Standard Class,Men's Footwear,1,7
0,Pacific Asia,Eastern Asia,Standard Class,Men's Footwear,11,7
1,Pacific Asia,Eastern Asia,Standard Class,Men's Footwear,1,1
1,Pacific Asia,Eastern Asia,Standard Class,Women's Clothing,1,4
0,Pacific Asia,Oceania,Standard Class,Men's Footwear,3,2
1,Pacific Asia,Oceania,Standard Class,Men's Footwear,3,3
1,Pacific Asia,South Asia,Standard Class,Children's Clothing,12,4
0,Pacific Asia,Southeast Asia,Standard Class,Men's Footwear,1,6
0,Pacific Asia,Southeast Asia,Standard Class,Men's Footwear,12,2
1,Pacific Asia,Eastern Asia,Standard Class,Men's Footwear,1,7
0,Pacific Asia,Eastern Asia,Standard Class,Men's Footwear,11,5
0,Pacific Asia,Oceania,Standard Class,Men's Clothing,11,1
0,Pacific Asia,Oceania,Standard Class,Men's Footwear,11,5
0,Pacific Asia,South Asia,Standard Class,Cleats,11,4
1,Pacific Asia,South Asia,Standard Class,Men's Clothing,11,4
0,Pacific Asia,Southeast Asia,Standard Class,Men's Footwear,12,4
0,Pacific Asia,Southeast Asia,Standard Class,Men's Footwear,12,1
0,Pacific Asia,Southeast Asia,Standard Class,Men's Footwear,1,6
1,Pacific Asia,West Asia,Standard Class,Cleats,12,2
0,Pacific Asia,Eastern Asia,Standard Class,Cleats,2,3
0,Pacific Asia,Oceania,Standard Class,Men's Footwear,1,6
1,Pacific Asia,Oceania,Standard Class,Men's Footwear,12,7
0,Pacific Asia,Oceania,Standard Class,Men's Footwear,11,3
0,Pacific Asia,Oceania,Standard Class,Men's Footwear,3,1
0,Pacific Asia,Oceania,Standard Class,Women's Clothing,1,2
0,Pacific Asia,South Asia,Standard Class,Men's Footwear,11,4
1,Pacific Asia,South Asia,Standard Class,Men's Footwear,1,5
0,Pacific Asia,Southeast Asia,Standard Class,Men's Footwear,12,1
0,Pacific Asia,West Asia,Standard Class,Cleats,12,6
0,Pacific Asia,West Asia,Standard Class,Men's Footwear,9,6
1,Pacific Asia,Eastern Asia,Standard Class,Men's Footwear,11,6
0,Pacific Asia,Eastern Asia,Standard Class,Men's Footwear,12,4
1,Pacific Asia,Oceania,Standard Class,Men's Footwear,3,7
0,Pacific Asia,Oceania,Standard Class,Men's Footwear,11,3
0,Pacific Asia,Oceania,Standard Class,Men's Footwear,3,3
0,Pacific Asia,Oceania,Standard Class,Men's Footwear,3,1
1,Pacific Asia,South Asia,Standard Class,Baby ,12,1
1,Pacific Asia,South Asia,Standard Class,Men's Footwear,1,5
0,Pacific Asia,Southeast Asia,Standard Class,Children's Clothing,12,1
1,Pacific Asia,West Asia,Standard Class,Men's Footwear,12,4
0,Pacific Asia,West Asia,Standard Class,Men's Footwear,9,2
0,Pacific Asia,Eastern Asia,Standard Class,Men's Footwear,12,3
1,Pacific Asia,Oceania,Standard Class,Men's Footwear,2,4
0,Pacific Asia,Oceania,Standard Class,Men's Footwear,12,6
1,Europe,Southern Europe,Standard Class,Cardio Equipment,9,4
1,Europe,Western Europe,Standard Class,Cardio Equipment,8,3
0,Europe,Western Europe,Standard Class,Cardio Equipment,7,2
1,Europe,Northern Europe,Standard Class,Cardio Equipment,9,5
1,Europe,Western Europe,Standard Class,Cardio Equipment,6,3
0,Europe,Western Europe,Standard Class,Electronics,10,2
1,Europe,Western Europe,Standard Class,Cardio Equipment,8,2
1,Europe,Western Europe,Standard Class,Cardio Equipment,8,6
1,Europe,Northern Europe,Standard Class,Cardio Equipment,8,2
0,Europe,Western Europe,Standard Class,Cardio Equipment,9,1
1,Europe,Western Europe,Standard Class,Cardio Equipment,8,5
0,Europe,Western Europe,Standard Class,Cardio Equipment,9,4
0,Europe,Southern Europe,Standard Class,Cleats,8,7
0,Europe,Southern Europe,Standard Class,Cleats,9,1
1,Europe,Eastern Europe,Standard Class,Cleats,11,7
0,Europe,Southern Europe,Standard Class,Cleats,8,7
0,Europe,Western Europe,Standard Class,Cleats,10,6
1,Europe,Western Europe,Standard Class,Cleats,7,2
0,Europe,Eastern Europe,Standard Class,Cleats,9,3
1,Europe,Western Europe,Standard Class,Cleats,8,3
0,Europe,Southern Europe,Standard Class,Cleats,6,7
0,Europe,Western Europe,Standard Class,Cleats,7,2
0,Europe,Western Europe,Standard Class,Cleats,6,6
0,Europe,Southern Europe,Standard Class,Cleats,10,5
1,Europe,Western Europe,Standard Class,Cleats,9,6
0,Europe,Western Europe,Standard Class,Cleats,10,4
1,Europe,Northern Europe,Standard Class,Cleats,7,2
0,Europe,Southern Europe,Standard Class,Cleats,9,3
1,Europe,Western Europe,Standard Class,Cleats,7,3
1,Europe,Western Europe,Standard Class,Cleats,10,4
0,Europe,Eastern Europe,Standard Class,Cleats,12,7
0,Europe,Eastern Europe,Standard Class,Cleats,12,7
0,Europe,Western Europe,Standard Class,Cleats,9,7
1,Europe,Western Europe,Standard Class,Cleats,6,7
0,Europe,Western Europe,Standard Class,Cleats,7,4
0,Europe,Southern Europe,Standard Class,Cleats,9,6
1,Europe,Northern Europe,Standard Class,Cleats,7,5
1,Europe,Southern Europe,Standard Class,Cleats,8,7
0,Europe,Western Europe,Standard Class,Cleats,6,7
1,Europe,Western Europe,Standard Class,Cleats,6,3
0,Europe,Western Europe,Standard Class,Cleats,6,3
1,Europe,Western Europe,Standard Class,Cleats,9,7
0,Europe,Northern Europe,Standard Class,Cleats,7,3
1,Europe,Western Europe,Standard Class,Cleats,9,7
1,Europe,Northern Europe,Standard Class,Cleats,9,5
1,Europe,Western Europe,Standard Class,Cleats,8,5
0,Europe,Western Europe,Standard Class,Cleats,7,1
0,LATAM,Central America,Standard Class,Electronics,1,1
0,LATAM,Central America,Standard Class,Cardio Equipment,1,4
0,LATAM,South America,Standard Class,Cardio Equipment,6,2
0,LATAM,Central America,Standard Class,Cleats,2,5
0,LATAM,Central America,Standard Class,Cleats,2,5
0,LATAM,Central America,Standard Class,Cleats,2,7
0,LATAM,South America,Standard Class,Shop By Sport,2,6
0,LATAM,South America,Standard Class,Women's Apparel,2,6
0,Pacific Asia,South Asia,Standard Class,Cardio Equipment,1,7
0,Pacific Asia,Oceania,Standard Class,Cardio Equipment,3,5
0,Pacific Asia,Eastern Asia,Standard Class,Boxing & MMA,12,4
0,Pacific Asia,South Asia,Standard Class,Electronics,9,2
0,Pacific Asia,South Asia,Standard Class,Cleats,11,1
0,Pacific Asia,Oceania,Standard Class,Cleats,12,7
0,Pacific Asia,Oceania,Standard Class,Women's Apparel,11,6
1,Pacific Asia,Eastern Asia,Standard Class,Shop By Sport,3,6
0,Pacific Asia,West Asia,Standard Class,Girls' Apparel,10,7
0,Pacific Asia,Oceania,Standard Class,Women's Apparel,1,7
0,Pacific Asia,Oceania,Standard Class,Shop By Sport,11,2
0,Pacific Asia,Southeast Asia,Standard Class,Women's Apparel,3,2
0,Pacific Asia,Eastern Asia,Standard Class,Women's Apparel,3,1
0,Pacific Asia,Oceania,Standard Class,Shop By Sport,4,7
0,Pacific Asia,West Asia,Standard Class,Electronics,11,2
0,Pacific Asia,Eastern Asia,Standard Class,Golf Balls,12,4
0,Pacific Asia,South Asia,Standard Class,Electronics,11,1
1,Pacific Asia,Southeast Asia,Standard Class,Baseball & Softball,1,5
0,Pacific Asia,Oceania,Standard Class,Cardio Equipment,12,1
0,Pacific Asia,Eastern Asia,Standard Class,Cardio Equipment,2,6
1,Pacific Asia,South Asia,Standard Class,Cleats,3,4
1,Pacific Asia,Oceania,Standard Class,Cleats,4,4
1,Pacific Asia,South Asia,Standard Class,Cleats,1,2
1,Pacific Asia,West Asia,Standard Class,Cleats,9,2
0,Pacific Asia,South Asia,Standard Class,Cleats,10,6
1,Pacific Asia,Southeast Asia,Standard Class,Women's Apparel,12,2
0,Pacific Asia,West Asia,Standard Class,Shop By Sport,9,7
0,Pacific Asia,West Asia,Standard Class,Women's Apparel,11,5
0,Pacific Asia,Eastern Asia,Standard Class,Women's Apparel,11,6
0,Pacific Asia,Oceania,Second Class,Sporting Goods,1,7
1,Pacific Asia,Oceania,Standard Class,Sporting Goods,1,3
0,Pacific Asia,Eastern Asia,Standard Class,Sporting Goods,1,2
0,Pacific Asia,Eastern Asia,Standard Class,Sporting Goods,1,1
1,Pacific Asia,Eastern Asia,Second Class,Sporting Goods,1,4
1,Pacific Asia,Eastern Asia,First Class,Sporting Goods,1,7
1,Pacific Asia,Eastern Asia,First Class,Sporting Goods,1,7
1,Pacific Asia,Eastern Asia,First Class,Sporting Goods,1,7
1,Pacific Asia,South Asia,First Class,Sporting Goods,1,7
1,Pacific Asia,South Asia,Standard Class,Sporting Goods,1,3
0,Pacific Asia,Oceania,Standard Class,Sporting Goods,1,7
0,Pacific Asia,Oceania,Standard Class,Sporting Goods,1,4
1,Pacific Asia,Oceania,Second Class,Sporting Goods,1,3
1,Pacific Asia,Southeast Asia,First Class,Sporting Goods,1,7
1,Pacific Asia,Eastern Asia,First Class,Sporting Goods,1,7
1,Pacific Asia,Eastern Asia,First Class,Sporting Goods,1,7
1,Pacific Asia,Oceania,First Class,Sporting Goods,1,7
1,Pacific Asia,Oceania,Standard Class,Sporting Goods,1,4
1,Pacific Asia,Oceania,Standard Class,Sporting Goods,1,3
0,Pacific Asia,South Asia,Standard Class,Sporting Goods,1,1
0,Pacific Asia,Southeast Asia,Standard Class,Sporting Goods,1,6
1,Pacific Asia,Eastern Asia,Second Class,Sporting Goods,1,2
1,Pacific Asia,Eastern Asia,Second Class,Sporting Goods,1,1
1,Pacific Asia,Oceania,Second Class,Sporting Goods,1,7
0,Pacific Asia,Oceania,Second Class,Sporting Goods,1,6
1,Pacific Asia,Oceania,Second Class,Sporting Goods,1,3
1,Pacific Asia,Oceania,First Class,Sporting Goods,1,6
1,Pacific Asia,Oceania,Second Class,Sporting Goods,1,1
0,Pacific Asia,Oceania,Standard Class,Sporting Goods,1,6
1,Pacific Asia,Oceania,Standard Class,Sporting Goods,1,3
1,Pacific Asia,Oceania,Second Class,Sporting Goods,1,2
1,Pacific Asia,Oceania,Second Class,Sporting Goods,1,1
0,Pacific Asia,Oceania,Standard Class,Sporting Goods,1,7
0,Pacific Asia,Southeast Asia,Standard Class,Sporting Goods,1,6
1,Pacific Asia,Oceania,Standard Class,Sporting Goods,1,3
0,Pacific Asia,Oceania,Standard Class,Sporting Goods,1,2
1,Pacific Asia,Oceania,Second Class,Sporting Goods,1,1
1,Pacific Asia,South Asia,Same Day,Sporting Goods,1,5
1,Pacific Asia,Eastern Asia,Standard Class,Sporting Goods,1,3
0,Pacific Asia,Eastern Asia,Standard Class,Sporting Goods,1,1
0,Pacific Asia,Eastern Asia,Standard Class,Sporting Goods,1,7
0,Pacific Asia,Oceania,Standard Class,Sporting Goods,1,6
1,Pacific Asia,Oceania,Standard Class,Sporting Goods,1,3
1,Pacific Asia,Oceania,Standard Class,Sporting Goods,1,2
0,Pacific Asia,Oceania,Standard Class,Sporting Goods,1,6
1,Pacific Asia,Oceania,Standard Class,Sporting Goods,1,3
1,Pacific Asia,Eastern Asia,Second Class,Sporting Goods,1,2
1,Pacific Asia,Eastern Asia,Second Class,Sporting Goods,1,1
0,Pacific Asia,Southeast Asia,Standard Class,Sporting Goods,1,7
1,Pacific Asia,Southeast Asia,Second Class,Sporting Goods,1,3
1,Pacific Asia,South Asia,Standard Class,Sporting Goods,12,1
0,Pacific Asia,South Asia,Standard Class,Sporting Goods,12,6
0,Pacific Asia,South Asia,Standard Class,Sporting Goods,12,4
1,Pacific Asia,Oceania,Second Class,Sporting Goods,12,6
1,Pacific Asia,Southeast Asia,Standard Class,Sporting Goods,12,1
1,Pacific Asia,Oceania,Standard Class,Sporting Goods,12,7
0,Pacific Asia,Oceania,Standard Class,Sporting Goods,12,6
0,Pacific Asia,Oceania,Standard Class,Sporting Goods,12,5
1,Pacific Asia,Southeast Asia,First Class,Sporting Goods,12,4
1,Pacific Asia,Southeast Asia,First Class,Sporting Goods,12,4
1,Pacific Asia,Southeast Asia,First Class,Sporting Goods,12,4
1,Pacific Asia,Southeast Asia,Standard Class,Sporting Goods,12,1
0,Pacific Asia,Oceania,Standard Class,Sporting Goods,12,6
0,Pacific Asia,South Asia,Second Class,Sporting Goods,12,4
1,Pacific Asia,South Asia,Standard Class,Sporting Goods,12,1
1,Pacific Asia,Oceania,Second Class,Sporting Goods,12,7
0,Pacific Asia,Southeast Asia,Standard Class,Sporting Goods,12,5
1,Pacific Asia,Southeast Asia,Second Class,Sporting Goods,12,1
0,Pacific Asia,Southeast Asia,Standard Class,Sporting Goods,12,5
0,Pacific Asia,Southeast Asia,Standard Class,Sporting Goods,12,4
1,Pacific Asia,Eastern Asia,Standard Class,Sporting Goods,12,1
0,Pacific Asia,Eastern Asia,Same Day,Sporting Goods,12,2
1,Pacific Asia,Southeast Asia,Standard Class,Sporting Goods,12,1
1,Pacific Asia,Southeast Asia,Standard Class,Sporting Goods,12,7
0,Pacific Asia,South Asia,Standard Class,Sporting Goods,12,6
0,Pacific Asia,South Asia,Standard Class,Sporting Goods,12,5
0,Pacific Asia,Oceania,Standard Class,Sporting Goods,12,4
1,Pacific Asia,Oceania,Standard Class,Sporting Goods,12,1
0,Pacific Asia,Oceania,Standard Class,Sporting Goods,12,7
0,Pacific Asia,South Asia,Standard Class,Sporting Goods,12,6
0,Pacific Asia,Eastern Asia,Standard Class,Sporting Goods,12,5
1,Pacific Asia,Southeast Asia,First Class,Sporting Goods,12,4
1,Pacific Asia,Southeast Asia,First Class,Sporting Goods,12,4
0,Pacific Asia,Southeast Asia,Standard Class,Sporting Goods,12,4
1,Pacific Asia,Oceania,Standard Class,Sporting Goods,12,7
1,Pacific Asia,Oceania,First Class,Sporting Goods,12,3
0,Pacific Asia,Oceania,Standard Class,Sporting Goods,12,3
1,Pacific Asia,Eastern Asia,Standard Class,Sporting Goods,12,7
1,Pacific Asia,Eastern Asia,Standard Class,Sporting Goods,12,6
0,Pacific Asia,Southeast Asia,Standard Class,Sporting Goods,12,4
1,Pacific Asia,Southeast Asia,First Class,Sporting Goods,12,3
1,Pacific Asia,Southeast Asia,Standard Class,Sporting Goods,12,7
0,Pacific Asia,Southeast Asia,Standard Class,Sporting Goods,12,5
0,Pacific Asia,Eastern Asia,Standard Class,Sporting Goods,12,3
1,Pacific Asia,Southeast Asia,Standard Class,Sporting Goods,12,6
0,Pacific Asia,Eastern Asia,Standard Class,Sporting Goods,12,5
0,Pacific Asia,Eastern Asia,Standard Class,Sporting Goods,12,4
0,Pacific Asia,Southeast Asia,Second Class,Sporting Goods,12,3
1,Pacific Asia,Oceania,First Class,Sporting Goods,12,3
0,Pacific Asia,Eastern Asia,Standard Class,Sporting Goods,12,4
0,Pacific Asia,Eastern Asia,Standard Class,Sporting Goods,12,3
1,Pacific Asia,Eastern Asia,Standard Class,Sporting Goods,12,7
1,Pacific Asia,Southeast Asia,Standard Class,Sporting Goods,12,6
0,Pacific Asia,Oceania,Standard Class,Sporting Goods,12,5
0,Pacific Asia,Southeast Asia,Standard Class,Sporting Goods,12,3
1,Pacific Asia,Southeast Asia,First Class,Sporting Goods,12,3
1,Pacific Asia,Eastern Asia,First Class,Sporting Goods,12,3
0,Pacific Asia,Eastern Asia,First Class,Sporting Goods,12,3
1,Pacific Asia,Eastern Asia,First Class,Sporting Goods,12,3
1,Pacific Asia,Southeast Asia,First Class,Sporting Goods,12,3
1,Pacific Asia,Oceania,First Class,Sporting Goods,12,3
0,Pacific Asia,Southeast Asia,Standard Class,Sporting Goods,12,3
0,Pacific Asia,Oceania,Standard Class,Sporting Goods,12,5
0,Pacific Asia,Oceania,Standard Class,Sporting Goods,12,4
0,Pacific Asia,Southeast Asia,Second Class,Sporting Goods,12,3
1,Pacific Asia,Eastern Asia,Standard Class,Sporting Goods,12,6
1,Pacific Asia,Southeast Asia,Standard Class,Sporting Goods,12,7
1,Pacific Asia,Southeast Asia,Standard Class,Sporting Goods,12,6
0,Pacific Asia,Southeast Asia,Standard Class,Sporting Goods,12,5
0,Pacific Asia,Southeast Asia,Standard Class,Sporting Goods,12,3
1,Pacific Asia,Southeast Asia,Standard Class,Sporting Goods,12,7
0,Pacific Asia,Southeast Asia,Standard Class,Sporting Goods,12,5
1,Pacific Asia,Southeast Asia,Second Class,Sporting Goods,12,4
0,Pacific Asia,South Asia,Standard Class,Sporting Goods,12,3
1,Pacific Asia,Oceania,Second Class,Sporting Goods,12,6
1,Pacific Asia,Oceania,Second Class,Sporting Goods,12,5
1,Pacific Asia,South Asia,Second Class,Sporting Goods,12,4
0,Pacific Asia,Southeast Asia,Second Class,Sporting Goods,12,3
0,Pacific Asia,Oceania,Same Day,Sporting Goods,12,1
0,Pacific Asia,Oceania,Standard Class,Sporting Goods,12,5
0,Pacific Asia,Oceania,Standard Class,Sporting Goods,12,4
1,LATAM,Central America,Second Class,Cardio Equipment,4,3
1,LATAM,Central America,Second Class,Cleats,3,1
1,LATAM,Central America,Second Class,Cleats,3,1
1,LATAM,South America,Second Class,Cleats,4,7
1,LATAM,Central America,Second Class,Cleats,4,6
1,LATAM,South America,Second Class,Cleats,4,4
0,LATAM,Central America,Second Class,Cleats,4,1
1,LATAM,Central America,Second Class,Cleats,3,6
1,LATAM,South America,Second Class,Cleats,5,2
1,LATAM,South America,Second Class,Cleats,2,4
1,LATAM,Central America,Second Class,Cleats,2,7
1,LATAM,Caribbean,Second Class,Women's Apparel,3,3
1,LATAM,Central America,Second Class,Shop By Sport,5,1
0,LATAM,Central America,Second Class,Women's Apparel,3,4
1,LATAM,South America,Second Class,Women's Apparel,6,4
1,LATAM,Caribbean,Second Class,Shop By Sport,5,6
1,LATAM,Central America,Second Class,Shop By Sport,3,6
1,LATAM,South America,Second Class,Women's Apparel,3,1
1,LATAM,South America,Second Class,Women's Apparel,3,1
1,LATAM,South America,Second Class,Women's Apparel,3,4
1,LATAM,South America,Second Class,Women's Apparel,1,1
1,Pacific Asia,Oceania,Second Class,Cardio Equipment,4,3
1,Pacific Asia,Oceania,Second Class,Cardio Equipment,2,6
1,Pacific Asia,Southeast Asia,Second Class,Cleats,12,1
1,Pacific Asia,South Asia,Second Class,Cleats,11,4
1,Pacific Asia,Oceania,Second Class,Cleats,4,4
1,Pacific Asia,Oceania,Second Class,Cleats,2,7
0,Pacific Asia,Oceania,Second Class,Cleats,3,3
1,Pacific Asia,South Asia,Second Class,Women's Apparel,11,1
0,Pacific Asia,Oceania,Second Class,Women's Apparel,12,2
0,Pacific Asia,Oceania,Second Class,Shop By Sport,12,2
1,USCA,US Center ,Second Class,Cleats,4,1
0,USCA,US Center ,Second Class,Cleats,6,5
1,USCA,West of USA ,Second Class,Shop By Sport,7,7
1,USCA,West of USA ,Second Class,Women's Apparel,8,2
0,USCA,West of USA ,Second Class,Women's Apparel,5,1
1,USCA,East of USA,Second Class,Accessories,4,7
0,Africa,West Africa,Standard Class,Women's Apparel,11,6
1,Africa,Central Africa,Standard Class,Cardio Equipment,11,7
0,Africa,East Africa,Standard Class,Men's Footwear,10,6
1,Africa,West Africa,Standard Class,Men's Footwear,9,7
1,Africa,Southern Africa,Standard Class,Men's Footwear,10,2
0,Africa,West Africa,Standard Class,Cleats,1,6
0,Africa,Central Africa,Standard Class,Men's Footwear,12,3
0,Africa,North Africa,Standard Class,Cleats,12,4
0,Africa,West Africa,Standard Class,Men's Footwear,11,6
1,Africa,Southern Africa,Standard Class,Cleats,10,2
0,Africa,West Africa,Standard Class,Men's Footwear,10,6
0,Africa,Southern Africa,Standard Class,Men's Footwear,10,4
1,Africa,North Africa,Standard Class,Men's Footwear,9,5
1,Africa,Central Africa,Standard Class,Men's Footwear,11,7
0,Africa,North Africa,Standard Class,Cleats,8,3
1,Africa,North Africa,Standard Class,Men's Footwear,9,2
1,Africa,Southern Africa,Standard Class,Cleats,1,5
0,Africa,West Africa,Standard Class,Women's Apparel,12,1
1,Africa,Southern Africa,Standard Class,Women's Apparel,10,2
0,Africa,Southern Africa,Standard Class,Electronics,8,2
1,Africa,East Africa,Standard Class,Accessories,1,3
1,Africa,West Africa,Standard Class,Camping & Hiking,1,3
1,Africa,West Africa,Standard Class,Camping & Hiking,9,7
0,Africa,West Africa,Standard Class,Camping & Hiking,12,1
0,Africa,West Africa,Standard Class,Camping & Hiking,11,6
1,Africa,East Africa,Standard Class,Camping & Hiking,1,1
1,Africa,North Africa,Standard Class,Camping & Hiking,9,5
1,Africa,Southern Africa,Standard Class,Camping & Hiking,10,2
0,Africa,East Africa,Standard Class,Camping & Hiking,10,6
0,Africa,East Africa,Standard Class,Camping & Hiking,10,6
0,Europe,Western Europe,Standard Class,Computers,10,2
1,Europe,Southern Europe,Standard Class,Men's Footwear,8,7
1,Europe,Southern Europe,Standard Class,Men's Footwear,8,7
1,Europe,Northern Europe,Standard Class,Women's Apparel,8,4
0,Europe,Northern Europe,Standard Class,Kids' Golf Clubs,9,1
0,Europe,Western Europe,Standard Class,Fishing,6,6
0,Europe,Western Europe,Standard Class,Camping & Hiking,6,6
1,Europe,Northern Europe,Standard Class,Books ,10,5
1,Europe,Northern Europe,Standard Class,Cameras ,10,1
0,Europe,Southern Europe,Standard Class,Consumer Electronics,11,2
1,Europe,Northern Europe,Standard Class,Cameras ,10,3
1,Europe,Western Europe,Standard Class,Cameras ,10,6
0,Europe,Western Europe,Standard Class,Cameras ,10,4
0,Europe,Western Europe,Standard Class,Cameras ,10,4
0,Europe,Southern Europe,Standard Class,Consumer Electronics,11,2
0,Europe,Western Europe,Standard Class,Cameras ,10,1
0,Europe,Western Europe,Standard Class,Cameras ,10,2
0,Europe,Southern Europe,Standard Class,Computers,10,3
0,Europe,Western Europe,Standard Class,Cameras ,10,6
0,Europe,Western Europe,Standard Class,Cameras ,10,7
0,Europe,Western Europe,Standard Class,Cameras ,10,5
1,Europe,Western Europe,Standard Class,Cameras ,10,5
1,Europe,Western Europe,Standard Class,Computers,11,6
0,Europe,Northern Europe,Standard Class,Basketball,9,3
1,Europe,Northern Europe,Standard Class,Soccer,7,6
1,Europe,Western Europe,Standard Class,Cardio Equipment,8,3
1,Europe,Eastern Europe,Standard Class,Cardio Equipment,11,3
1,Europe,Western Europe,Standard Class,Cardio Equipment,6,6
0,Europe,Western Europe,Standard Class,Cardio Equipment,9,3
0,Europe,Western Europe,Standard Class,Cardio Equipment,9,3
1,Europe,Southern Europe,Standard Class,Boxing & MMA,7,2
0,Europe,Western Europe,Standard Class,Cardio Equipment,10,1
1,Europe,Northern Europe,Standard Class,Cardio Equipment,7,6
1,Europe,Western Europe,Standard Class,Cardio Equipment,9,5
0,Europe,Eastern Europe,Standard Class,Cardio Equipment,10,1
1,Europe,Southern Europe,Standard Class,Cardio Equipment,9,4
1,Europe,Northern Europe,Standard Class,Cleats,9,7
0,Europe,Southern Europe,Standard Class,Men's Footwear,9,6
1,Europe,Western Europe,Standard Class,Children's Clothing,10,2
1,Europe,Western Europe,Standard Class,Crafts,11,5
1,Europe,Western Europe,Standard Class,Men's Footwear,10,1
1,Europe,Western Europe,Standard Class,Men's Footwear,9,4
0,Europe,Northern Europe,Standard Class,Children's Clothing,10,1
1,Europe,Northern Europe,Standard Class,Men's Footwear,10,5
1,Europe,Southern Europe,Standard Class,Men's Footwear,6,5
1,Europe,Southern Europe,Standard Class,Men's Footwear,7,1
0,Europe,Western Europe,Standard Class,Cleats,10,2
0,Europe,Western Europe,Standard Class,Cleats,7,5
0,Europe,Western Europe,Standard Class,Men's Footwear,9,3
1,Europe,Western Europe,Standard Class,Men's Footwear,9,5
0,Europe,Eastern Europe,Standard Class,Men's Footwear,9,2
1,Europe,Northern Europe,Standard Class,Cleats,10,5
1,Europe,Northern Europe,Standard Class,Men's Footwear,9,6
1,Europe,Southern Europe,Standard Class,Men's Footwear,9,7
1,Europe,Southern Europe,Standard Class,Men's Footwear,7,1
0,Europe,Southern Europe,Standard Class,Men's Footwear,6,3
1,Europe,Western Europe,Standard Class,Men's Footwear,9,5
1,Europe,Western Europe,Standard Class,Men's Footwear,9,5
1,Europe,Northern Europe,Standard Class,Men's Footwear,7,1
1,Europe,Southern Europe,Standard Class,Men's Footwear,7,2
0,Europe,Southern Europe,Standard Class,Men's Footwear,7,6
0,Europe,Southern Europe,Standard Class,Men's Footwear,6,3
0,Europe,Western Europe,Standard Class,Cleats,8,2
0,Europe,Western Europe,Standard Class,Men's Footwear,7,1
0,Europe,Western Europe,Standard Class,Men's Footwear,8,4
1,Europe,Northern Europe,Standard Class,Men's Footwear,7,1
0,Europe,Northern Europe,Standard Class,Men's Footwear,7,6
1,Europe,Southern Europe,Standard Class,Men's Footwear,7,4
0,Europe,Southern Europe,Standard Class,Men's Footwear,7,6
1,Europe,Western Europe,Standard Class,Cleats,10,5
0,Europe,Western Europe,Standard Class,Men's Footwear,9,7
0,Europe,Western Europe,Standard Class,Men's Footwear,8,4
1,Europe,Western Europe,Standard Class,Men's Footwear,6,6
1,Europe,Northern Europe,Standard Class,Men's Footwear,10,1
1,Europe,Northern Europe,Standard Class,Men's Footwear,6,2
1,Europe,Western Europe,Standard Class,Crafts,11,7
0,Europe,Western Europe,Standard Class,Men's Footwear,8,2
0,Europe,Western Europe,Standard Class,Men's Footwear,10,6
0,Europe,Southern Europe,Standard Class,Cleats,7,6
0,Europe,Western Europe,Standard Class,Children's Clothing,10,1
0,Europe,Western Europe,Standard Class,Men's Footwear,7,3
0,Europe,Northern Europe,Standard Class,Cleats,9,2
0,Europe,Northern Europe,Standard Class,Men's Footwear,9,7
0,Europe,Southern Europe,Standard Class,Men's Footwear,6,3
0,Europe,Western Europe,Standard Class,Men's Footwear,7,2
0,Europe,Northern Europe,Standard Class,Men's Footwear,9,7
1,Europe,Southern Europe,Standard Class,Cleats,6,5
0,Europe,Southern Europe,Standard Class,Men's Footwear,7,6
1,Europe,Southern Europe,Standard Class,Men's Footwear,9,4
0,Europe,Southern Europe,Standard Class,Men's Footwear,6,3
1,Europe,Western Europe,Standard Class,Men's Footwear,6,6
0,Europe,Southern Europe,Standard Class,Men's Footwear,7,6
1,Europe,Southern Europe,Standard Class,Men's Footwear,8,4
1,Europe,Western Europe,Standard Class,Men's Footwear,10,5
0,Europe,Western Europe,Standard Class,Men's Footwear,9,7
0,Europe,Western Europe,Standard Class,Cleats,10,1
0,Europe,Western Europe,Standard Class,Men's Footwear,9,3
1,Europe,Western Europe,Standard Class,Men's Footwear,6,4
0,Europe,Eastern Europe,Standard Class,Cleats,12,4
1,Europe,Western Europe,Standard Class,Crafts,11,6
0,Europe,Northern Europe,Standard Class,Men's Footwear,7,1
0,Europe,Northern Europe,Standard Class,Men's Footwear,8,3
1,Europe,Western Europe,Standard Class,Cleats,9,4
0,Europe,Western Europe,Standard Class,Men's Footwear,10,5
1,Europe,Western Europe,Standard Class,Men's Footwear,7,1
1,Europe,Eastern Europe,Standard Class,Cleats,11,1
1,Europe,Eastern Europe,Standard Class,Men's Footwear,11,3
1,Europe,Western Europe,Standard Class,Cleats,9,4
1,Europe,Western Europe,Standard Class,Men's Footwear,9,4
1,Europe,Northern Europe,Second Class,Men's Footwear,8,1
1,Europe,Northern Europe,Second Class,Men's Footwear,9,5
1,Europe,Western Europe,Second Class,Cleats,7,5
0,Europe,Western Europe,Second Class,Cleats,8,5
1,Europe,Western Europe,Second Class,Men's Footwear,7,7
0,Europe,Western Europe,Second Class,Men's Footwear,6,2
1,Europe,Northern Europe,Second Class,Men's Footwear,8,1
1,Europe,Southern Europe,Second Class,Children's Clothing,10,4
1,Europe,Western Europe,Second Class,Children's Clothing,10,7
1,Europe,Western Europe,Second Class,Men's Footwear,9,2
1,Europe,Western Europe,Second Class,Men's Footwear,10,2
0,Europe,Western Europe,Second Class,Men's Footwear,9,2
1,Europe,Western Europe,Second Class,Men's Footwear,6,4
1,Europe,Northern Europe,Second Class,Men's Footwear,8,7
1,Europe,Northern Europe,Second Class,Men's Footwear,8,2
1,Europe,Southern Europe,Second Class,Children's Clothing,10,2
1,Europe,Southern Europe,Second Class,Men's Footwear,7,3
1,Europe,Western Europe,Second Class,Children's Clothing,10,2
1,Europe,Western Europe,Second Class,Men's Footwear,10,2
1,Europe,Northern Europe,Second Class,Men's Footwear,8,4
1,Europe,Western Europe,Second Class,Cleats,7,4
1,Europe,Western Europe,Second Class,Men's Footwear,8,4
1,Europe,Southern Europe,Second Class,Shop By Sport,7,2
1,Europe,Northern Europe,Second Class,Women's Apparel,10,4
1,Europe,Western Europe,Second Class,Shop By Sport,7,5
0,Europe,Eastern Europe,Second Class,Women's Apparel,11,4
1,Europe,Western Europe,Second Class,Women's Apparel,10,4
1,Europe,Western Europe,Second Class,Women's Apparel,8,1
1,Europe,Western Europe,Second Class,Women's Apparel,7,2
1,Europe,Western Europe,Second Class,Women's Apparel,10,7
1,Europe,Southern Europe,Second Class,Women's Apparel,6,4
0,Europe,Western Europe,Second Class,Women's Apparel,9,1
1,Europe,Western Europe,Second Class,Shop By Sport,6,2
1,Europe,Southern Europe,Second Class,Shop By Sport,9,7
1,Europe,Western Europe,Second Class,Shop By Sport,10,7
1,Europe,Western Europe,Second Class,Women's Apparel,9,6
1,Europe,Northern Europe,Second Class,Shop By Sport,6,6
1,Europe,Western Europe,Second Class,Girls' Apparel,7,3
1,Europe,Western Europe,Second Class,Shop By Sport,7,3
1,Europe,Western Europe,Second Class,Shop By Sport,10,2
1,Europe,Eastern Europe,Second Class,Golf Balls,12,6
1,Europe,Western Europe,Second Class,Accessories,7,7
1,Europe,Northern Europe,Second Class,Kids' Golf Clubs,9,1
0,Europe,Northern Europe,Second Class,Kids' Golf Clubs,9,2
1,Europe,Western Europe,Second Class,Golf Balls,9,5
1,Europe,Western Europe,Second Class,Kids' Golf Clubs,8,3
1,Europe,Northern Europe,Second Class,Camping & Hiking,9,3
1,Europe,Western Europe,Second Class,Fishing,10,7
0,Europe,Western Europe,Second Class,Fishing,8,5
1,Europe,Western Europe,Second Class,Camping & Hiking,9,3
1,Europe,Northern Europe,Second Class,Camping & Hiking,10,7
0,Europe,Southern Europe,Second Class,Fishing,6,3
1,Europe,Western Europe,Second Class,Camping & Hiking,9,7
1,Europe,Western Europe,Second Class,Camping & Hiking,7,6
1,Europe,Eastern Europe,Second Class,Camping & Hiking,10,5
1,Europe,Northern Europe,Second Class,Fishing,10,4
1,Europe,Northern Europe,Second Class,Fishing,9,6
1,Europe,Southern Europe,Second Class,Camping & Hiking,6,4
1,Europe,Western Europe,Second Class,Camping & Hiking,10,2
1,Europe,Western Europe,Second Class,Camping & Hiking,10,7
1,Europe,Western Europe,Second Class,Fishing,6,4
1,Europe,Northern Europe,Second Class,Camping & Hiking,8,2
1,Europe,Western Europe,Second Class,Fishing,10,2
1,Europe,Southern Europe,Second Class,Camping & Hiking,7,2
1,Europe,Southern Europe,Second Class,Camping & Hiking,9,4
0,Europe,Western Europe,Second Class,Camping & Hiking,8,3
1,Europe,Northern Europe,Second Class,Camping & Hiking,9,5
1,Europe,Northern Europe,Second Class,Camping & Hiking,9,6
1,Europe,Northern Europe,Second Class,Fishing,9,5
0,Europe,Western Europe,Second Class,Camping & Hiking,8,3
1,Europe,Northern Europe,Second Class,Fishing,7,7
1,Europe,Southern Europe,Second Class,Fishing,8,4
1,Europe,Western Europe,Second Class,Camping & Hiking,7,2
0,Europe,Western Europe,Second Class,Camping & Hiking,8,3
0,Europe,Western Europe,Second Class,Fishing,9,2
1,Europe,Western Europe,Second Class,Fishing,8,5
0,Europe,Eastern Europe,Second Class,Camping & Hiking,12,2
1,Europe,Eastern Europe,Second Class,Camping & Hiking,12,6
1,Europe,Northern Europe,Second Class,Fishing,9,4
1,Europe,Southern Europe,Second Class,Camping & Hiking,10,3
1,Europe,Western Europe,Second Class,Camping & Hiking,9,4
0,Europe,Western Europe,Second Class,Fishing,9,2
1,Europe,Western Europe,Second Class,Fishing,8,5
1,Europe,Northern Europe,Second Class,Camping & Hiking,9,5
0,Europe,Southern Europe,Second Class,Fishing,6,5
1,Europe,Western Europe,Second Class,Fishing,8,5
1,Europe,Northern Europe,Second Class,Camping & Hiking,9,5
1,Europe,Western Europe,Second Class,Fishing,9,2
0,Europe,Northern Europe,Second Class,Fishing,10,1
0,Europe,Southern Europe,Second Class,Camping & Hiking,8,1
1,Europe,Southern Europe,Second Class,Camping & Hiking,6,1
1,Europe,Western Europe,Second Class,Camping & Hiking,8,3
0,Europe,Northern Europe,Second Class,Camping & Hiking,9,2
1,Europe,Northern Europe,Second Class,Fishing,8,6
1,Europe,Southern Europe,Second Class,Camping & Hiking,10,6
1,Europe,Southern Europe,Second Class,Camping & Hiking,9,3
1,Europe,Western Europe,Second Class,Fishing,9,3
1,Europe,Western Europe,Second Class,Fishing,9,5
1,Europe,Northern Europe,Second Class,Fishing,8,2
1,Europe,Western Europe,Second Class,Camping & Hiking,8,2
1,Europe,Western Europe,Second Class,Camping & Hiking,6,6
1,Europe,Northern Europe,Second Class,Fishing,8,6
1,Europe,Southern Europe,Second Class,Fishing,10,3
1,Europe,Western Europe,Second Class,Camping & Hiking,7,1
1,Europe,Western Europe,Second Class,Fishing,10,4
1,Europe,Western Europe,Second Class,Fishing,6,2
0,Europe,Western Europe,Second Class,Fishing,6,7
1,Europe,Eastern Europe,Second Class,Camping & Hiking,12,2
1,Europe,Southern Europe,Second Class,Fishing,10,3
0,Europe,Western Europe,Second Class,Fishing,8,3
0,Europe,Western Europe,Second Class,Fishing,6,7
1,Europe,Eastern Europe,Second Class,Camping & Hiking,12,2
1,Europe,Southern Europe,Second Class,Camping & Hiking,7,5
1,Europe,Southern Europe,Second Class,Fishing,10,6
1,Europe,Western Europe,Second Class,Fishing,10,2
1,Europe,Western Europe,Second Class,Fishing,7,6
1,Europe,Western Europe,Second Class,Books ,10,1
0,Europe,Western Europe,Second Class,Books ,10,6
1,Europe,Southern Europe,Second Class,Books ,10,6
1,Europe,Western Europe,Second Class,Books ,10,5
1,Europe,Western Europe,Second Class,DVDs,11,1
1,Europe,Western Europe,Second Class,DVDs,11,3
1,Europe,Western Europe,Second Class,DVDs,11,4
1,Europe,Western Europe,Second Class,DVDs,11,2
0,Europe,Western Europe,Second Class,DVDs,11,7
1,Europe,Northern Europe,Second Class,CDs ,10,7
1,Europe,Northern Europe,Second Class,CDs ,10,4
1,Europe,Northern Europe,Second Class,DVDs,11,3
1,Europe,Southern Europe,Second Class,Consumer Electronics,11,2
1,Europe,Western Europe,Second Class,Computers,11,1
1,Europe,Northern Europe,Second Class,Cardio Equipment,7,7
1,Europe,Western Europe,Second Class,Cardio Equipment,6,3
1,Europe,Western Europe,Second Class,Cleats,9,7
1,Europe,Western Europe,Second Class,Men's Footwear,10,6
1,Europe,Western Europe,Second Class,Cleats,6,4
1,Europe,Western Europe,Second Class,Cleats,10,1
1,Europe,Western Europe,Second Class,Crafts,11,7
1,Europe,Western Europe,Second Class,Men's Footwear,10,7
0,Europe,Western Europe,Second Class,Men's Footwear,10,6
1,Europe,Western Europe,Second Class,Men's Footwear,8,1
1,Europe,Western Europe,Second Class,Men's Footwear,6,3
1,Europe,Western Europe,Second Class,Men's Footwear,9,6
1,Europe,Western Europe,Second Class,Men's Footwear,7,7
1,Europe,Western Europe,Second Class,Men's Footwear,8,2
1,Europe,Southern Europe,Second Class,Men's Footwear,6,4
1,Europe,Southern Europe,Second Class,Men's Footwear,7,6
1,Europe,Western Europe,Second Class,Children's Clothing,10,6
0,Europe,Western Europe,Second Class,Men's Footwear,10,7
1,Europe,Western Europe,Second Class,Men's Footwear,6,4
0,Europe,Western Europe,Second Class,Men's Footwear,10,7
1,Europe,Northern Europe,Second Class,Men's Footwear,8,6
0,Europe,Southern Europe,Second Class,Shop By Sport,10,4
1,Europe,Northern Europe,Second Class,Women's Apparel,6,5
1,Europe,Southern Europe,Second Class,Women's Apparel,9,2
1,Europe,Northern Europe,Second Class,Accessories,6,2
1,Europe,Southern Europe,Second Class,Camping & Hiking,7,6
1,Europe,Western Europe,Second Class,Camping & Hiking,8,4
1,Europe,Western Europe,Second Class,Fishing,10,1
0,Europe,Western Europe,Second Class,Fishing,10,6
1,Europe,Northern Europe,Second Class,Fishing,6,5
0,Europe,Western Europe,Second Class,Fishing,10,6
0,Europe,Western Europe,Second Class,Camping & Hiking,10,6
1,Europe,Western Europe,Second Class,Camping & Hiking,9,7
0,Europe,Western Europe,Second Class,Camping & Hiking,10,7
1,Europe,Northern Europe,Second Class,Camping & Hiking,8,6
1,Europe,Northern Europe,Second Class,Fishing,8,6
1,Europe,Western Europe,Second Class,Fishing,10,7
1,LATAM,Caribbean,Second Class,Cardio Equipment,4,4
1,LATAM,Central America,Second Class,Cardio Equipment,2,3
1,LATAM,Caribbean,Second Class,Cardio Equipment,5,1
1,LATAM,Caribbean,Second Class,Cardio Equipment,5,1
0,LATAM,South America,Second Class,Cardio Equipment,2,1
1,LATAM,Central America,Second Class,Cardio Equipment,1,2
1,LATAM,Central America,Second Class,Cardio Equipment,3,6
1,LATAM,Caribbean,Second Class,Cleats,5,1
1,LATAM,Central America,Second Class,Cleats,5,6
0,Europe,Western Europe,Standard Class,Cleats,9,3
0,Europe,Northern Europe,Standard Class,Cleats,9,5
1,Europe,Northern Europe,Standard Class,Cleats,9,7
0,Europe,Northern Europe,Standard Class,Cleats,9,3
1,Europe,Western Europe,Standard Class,Women's Apparel,9,5
1,Europe,Northern Europe,Standard Class,Women's Apparel,6,7
1,Europe,Western Europe,Standard Class,Women's Apparel,9,7
1,Europe,Western Europe,Standard Class,Women's Apparel,9,7
0,Europe,Northern Europe,Standard Class,Women's Apparel,6,2
0,Europe,Western Europe,Standard Class,Shop By Sport,8,5
1,Europe,Western Europe,Standard Class,Women's Apparel,9,1
0,Europe,Southern Europe,Standard Class,Women's Apparel,8,5
0,Europe,Western Europe,Standard Class,Shop By Sport,6,2
1,Europe,Western Europe,Standard Class,Shop By Sport,9,6
0,Europe,Western Europe,Standard Class,Women's Apparel,9,2
0,Europe,Western Europe,Standard Class,Shop By Sport,9,1
0,Europe,Northern Europe,Standard Class,Women's Apparel,10,4
0,Europe,Western Europe,Standard Class,Women's Apparel,7,4
0,Europe,Western Europe,Standard Class,Women's Apparel,10,6
1,Europe,Western Europe,Standard Class,Shop By Sport,7,7
0,Europe,Northern Europe,Standard Class,Women's Apparel,8,3
0,Europe,Western Europe,Standard Class,Women's Apparel,7,4
1,Europe,Western Europe,Standard Class,Women's Apparel,9,2
0,Europe,Southern Europe,Standard Class,Women's Apparel,8,7
0,Europe,Southern Europe,Standard Class,Women's Apparel,6,1
0,Europe,Western Europe,Standard Class,Shop By Sport,8,4
1,Europe,Northern Europe,Standard Class,Electronics,10,7
0,Europe,Western Europe,Standard Class,Trade-In,9,1
0,Europe,Western Europe,Standard Class,Electronics,8,5
0,Europe,Eastern Europe,Standard Class,Electronics,1,2
1,Europe,Western Europe,Standard Class,Soccer,8,7
0,Europe,Southern Europe,Standard Class,Lacrosse,9,1
0,Europe,Western Europe,Standard Class,Cardio Equipment,8,5
1,Europe,Southern Europe,Standard Class,Cardio Equipment,6,1
0,Europe,Western Europe,Standard Class,Electronics,8,7
0,Europe,Western Europe,Standard Class,Cardio Equipment,8,3
0,Europe,Western Europe,Standard Class,As Seen on  TV!,7,3
1,Europe,Southern Europe,Standard Class,Cardio Equipment,6,7
1,Europe,Southern Europe,Standard Class,Cardio Equipment,7,1
0,Europe,Western Europe,Standard Class,Cardio Equipment,8,6
0,Europe,Southern Europe,Standard Class,Cardio Equipment,9,6
1,Europe,Western Europe,Standard Class,Boxing & MMA,8,1
0,Europe,Western Europe,Standard Class,Cardio Equipment,6,2
1,Europe,Western Europe,Standard Class,Cleats,6,3
1,Europe,Eastern Europe,Standard Class,Cleats,11,6
0,Europe,Western Europe,Standard Class,Cleats,6,6
0,Europe,Southern Europe,Standard Class,Cleats,9,7
0,Europe,Western Europe,Standard Class,Cleats,6,1
0,Europe,Western Europe,Standard Class,Cleats,8,5
1,Europe,Southern Europe,Standard Class,Cleats,6,6
1,Europe,Western Europe,Standard Class,Cleats,7,6
1,Europe,Western Europe,Standard Class,Cleats,8,2
1,Europe,Northern Europe,Standard Class,Cleats,7,6
1,Europe,Western Europe,Standard Class,Cleats,9,4
1,Europe,Western Europe,Standard Class,Cleats,9,5
0,Europe,Southern Europe,Standard Class,Cleats,6,1
0,Europe,Western Europe,Standard Class,Cleats,7,6
0,Europe,Western Europe,Standard Class,Cleats,8,6
1,Europe,Western Europe,Standard Class,Cleats,6,6
0,Europe,Southern Europe,Standard Class,Shop By Sport,9,4
0,Europe,Western Europe,Standard Class,Women's Apparel,8,1
0,Europe,Western Europe,Standard Class,Shop By Sport,7,4
1,Europe,Western Europe,Standard Class,Women's Apparel,7,2
1,Europe,Western Europe,Standard Class,Women's Apparel,6,2
0,Europe,Western Europe,Standard Class,Women's Apparel,8,6
1,Europe,Western Europe,Standard Class,Women's Apparel,7,7
1,Europe,Western Europe,Standard Class,Women's Apparel,8,7
0,Europe,Eastern Europe,Standard Class,Women's Apparel,11,3
1,Europe,Northern Europe,Standard Class,Women's Apparel,9,7
0,Europe,Western Europe,Standard Class,Shop By Sport,8,4
1,Europe,Western Europe,Standard Class,Women's Apparel,6,6
1,Europe,Western Europe,Standard Class,Shop By Sport,8,2
0,Europe,Western Europe,Standard Class,Women's Apparel,8,1
0,Europe,Western Europe,Standard Class,Shop By Sport,6,4
1,Europe,Western Europe,Standard Class,Women's Apparel,8,4
0,Europe,Northern Europe,Standard Class,Women's Apparel,9,2
0,Europe,Southern Europe,Standard Class,Women's Apparel,6,1
1,Europe,Southern Europe,Standard Class,Women's Apparel,7,5
0,Europe,Western Europe,Standard Class,Shop By Sport,7,2
1,Europe,Northern Europe,Standard Class,Women's Apparel,7,6
1,Europe,Northern Europe,Standard Class,Electronics,9,6
0,Europe,Western Europe,Standard Class,Cardio Equipment,6,1
0,Europe,Northern Europe,Standard Class,Cardio Equipment,9,7
0,Europe,Western Europe,Standard Class,Cardio Equipment,7,4
0,Europe,Western Europe,Standard Class,Cleats,9,6
0,Europe,Southern Europe,Standard Class,Cleats,9,5
0,Europe,Western Europe,Standard Class,Cleats,8,7
0,Europe,Southern Europe,Standard Class,Cleats,10,2
0,Europe,Western Europe,Standard Class,Shop By Sport,9,7
0,Europe,Western Europe,Standard Class,Shop By Sport,7,3
0,Europe,Northern Europe,Standard Class,Women's Apparel,9,7
0,Europe,Western Europe,Standard Class,Shop By Sport,8,1
0,Europe,Western Europe,Standard Class,Women's Apparel,10,3
0,Europe,Southern Europe,Standard Class,Electronics,9,7
0,LATAM,Central America,Standard Class,Cardio Equipment,1,3
0,LATAM,South America,Standard Class,Cardio Equipment,5,6
0,LATAM,Central America,Standard Class,Cardio Equipment,3,1
0,LATAM,Central America,Standard Class,Cleats,1,3
0,LATAM,South America,Standard Class,Cleats,1,1
0,LATAM,South America,Standard Class,Cleats,2,5
0,LATAM,South America,Standard Class,Cleats,1,1
0,LATAM,Caribbean,Standard Class,Cleats,4,2
0,LATAM,South America,Standard Class,Cleats,4,5
0,LATAM,South America,Standard Class,Cleats,5,6
0,Pacific Asia,Southeast Asia,Standard Class,Shop By Sport,12,4
0,Pacific Asia,West Asia,Standard Class,Women's Apparel,9,2
0,Pacific Asia,South Asia,Standard Class,Women's Apparel,11,5
1,Pacific Asia,West Asia,Standard Class,Girls' Apparel,10,4
1,Pacific Asia,Oceania,Standard Class,Shop By Sport,12,5
0,Pacific Asia,Oceania,Standard Class,Women's Apparel,3,2
0,Pacific Asia,Oceania,Standard Class,Women's Apparel,2,3
0,Pacific Asia,West Asia,Standard Class,Trade-In,11,4
0,Pacific Asia,South Asia,Standard Class,Golf Balls,12,2
0,Pacific Asia,Eastern Asia,Standard Class,Trade-In,11,3
1,Pacific Asia,Eastern Asia,Standard Class,Cardio Equipment,11,2
0,Pacific Asia,Oceania,Standard Class,Cardio Equipment,3,4
0,Pacific Asia,West Asia,Standard Class,Cardio Equipment,9,6
1,Pacific Asia,Oceania,Standard Class,Cardio Equipment,1,5
0,Pacific Asia,South Asia,Standard Class,Cardio Equipment,2,2
0,Pacific Asia,Eastern Asia,Standard Class,Cardio Equipment,3,5
0,Pacific Asia,Oceania,Standard Class,Cardio Equipment,2,1
1,Pacific Asia,South Asia,Standard Class,Cardio Equipment,1,5
1,Pacific Asia,Eastern Asia,Standard Class,Electronics,11,3
0,Pacific Asia,Southeast Asia,Standard Class,Cardio Equipment,12,7
1,Pacific Asia,Southeast Asia,Standard Class,Cardio Equipment,2,2
0,Pacific Asia,Eastern Asia,Standard Class,Cleats,12,5
0,Pacific Asia,South Asia,Standard Class,Cleats,3,7
0,Pacific Asia,Oceania,Standard Class,Cleats,11,5
1,Pacific Asia,Eastern Asia,Standard Class,Cleats,11,3
1,Pacific Asia,West Asia,Standard Class,Cleats,12,1
0,Pacific Asia,Eastern Asia,Standard Class,Cleats,2,1
0,Pacific Asia,Oceania,Standard Class,Cleats,2,1
1,Pacific Asia,Eastern Asia,Standard Class,Cleats,1,5
0,Pacific Asia,Southeast Asia,Standard Class,Cleats,2,7
1,Pacific Asia,West Asia,Standard Class,Cleats,11,2
0,Pacific Asia,West Asia,Standard Class,Cleats,9,4
0,Pacific Asia,South Asia,Standard Class,Cleats,1,1
0,Pacific Asia,Southeast Asia,Standard Class,Cleats,2,2
0,Pacific Asia,South Asia,Standard Class,Shop By Sport,12,1
0,Pacific Asia,South Asia,Standard Class,Shop By Sport,1,7
0,Pacific Asia,Southeast Asia,Standard Class,Shop By Sport,2,6
0,Pacific Asia,Eastern Asia,Standard Class,Women's Apparel,12,4
1,Pacific Asia,Central Asia,Standard Class,Women's Apparel,10,1
0,Pacific Asia,Eastern Asia,Standard Class,Women's Apparel,12,4
1,Pacific Asia,Oceania,Standard Class,Women's Apparel,2,6
0,Pacific Asia,South Asia,Standard Class,Women's Apparel,12,6
0,Pacific Asia,Oceania,Standard Class,Women's Apparel,3,5
1,Pacific Asia,West Asia,Standard Class,Women's Apparel,12,6
0,Pacific Asia,South Asia,Standard Class,Women's Apparel,2,2
1,Pacific Asia,Eastern Asia,Standard Class,Women's Apparel,2,3
1,Pacific Asia,South Asia,Standard Class,Women's Apparel,11,7
0,Pacific Asia,Oceania,Standard Class,Women's Apparel,4,2
1,Pacific Asia,Oceania,Standard Class,Women's Apparel,2,1
1,Pacific Asia,South Asia,Standard Class,Women's Apparel,10,1
0,Pacific Asia,Oceania,Standard Class,Shop By Sport,11,4
0,Pacific Asia,Eastern Asia,Standard Class,Women's Apparel,12,5
0,Pacific Asia,Southeast Asia,Standard Class,Women's Apparel,1,1
1,Pacific Asia,Eastern Asia,Standard Class,Shop By Sport,11,4
0,Pacific Asia,Southeast Asia,Standard Class,Shop By Sport,1,7
1,Pacific Asia,West Asia,Standard Class,Women's Apparel,12,1
0,Pacific Asia,Oceania,Standard Class,Electronics,11,5
0,Pacific Asia,Southeast Asia,Standard Class,Golf Balls,2,2
0,Pacific Asia,West Asia,Standard Class,Trade-In,9,6
0,Pacific Asia,Oceania,Standard Class,Trade-In,1,3
1,Pacific Asia,South Asia,Standard Class,Trade-In,3,7
0,Pacific Asia,Eastern Asia,Standard Class,Golf Balls,11,4
1,Pacific Asia,Southeast Asia,Standard Class,Accessories,11,6
0,Pacific Asia,South Asia,Standard Class,Trade-In,2,3
1,Pacific Asia,Eastern Asia,Standard Class,Electronics,3,7
0,Pacific Asia,Eastern Asia,Standard Class,Electronics,12,1
0,Pacific Asia,Oceania,Standard Class,Electronics,4,6
0,Pacific Asia,Oceania,Standard Class,Cardio Equipment,10,6
0,Pacific Asia,South Asia,Standard Class,Cleats,1,6
0,Pacific Asia,South Asia,Standard Class,Cleats,1,6
0,Pacific Asia,South Asia,Standard Class,Cleats,1,6
0,Pacific Asia,Oceania,Standard Class,Shop By Sport,3,3
0,Pacific Asia,Southeast Asia,Standard Class,Women's Apparel,12,5
0,Pacific Asia,Oceania,Standard Class,Women's Apparel,2,6
0,Pacific Asia,Oceania,Standard Class,Shop By Sport,3,2
0,USCA,US Center ,Standard Class,Cardio Equipment,7,6
0,USCA,East of USA,Standard Class,Cardio Equipment,5,7
0,USCA,West of USA ,Standard Class,Cleats,8,6
0,USCA,US Center ,Standard Class,Cleats,8,7
0,USCA,US Center ,Standard Class,Cleats,8,4
0,USCA,South of  USA ,Standard Class,Girls' Apparel,5,6
0,USCA,US Center ,Standard Class,Women's Apparel,8,6
0,USCA,West of USA ,Standard Class,Women's Apparel,8,1
0,USCA,South of  USA ,Standard Class,Women's Apparel,6,2
0,USCA,West of USA ,Standard Class,Electronics,8,1
0,USCA,South of  USA ,Standard Class,Electronics,4,6
1,USCA,East of USA,Standard Class,Cardio Equipment,8,3
1,USCA,East of USA,Standard Class,Cardio Equipment,8,1
0,USCA,West of USA ,Standard Class,Cardio Equipment,8,3
1,USCA,East of USA,Standard Class,Electronics,6,1
0,USCA,West of USA ,Standard Class,Cleats,4,2
0,USCA,Canada,Standard Class,Cleats,12,1
0,USCA,Canada,Standard Class,Cleats,12,1
1,USCA,South of  USA ,Standard Class,Cleats,4,4
0,USCA,West of USA ,Standard Class,Cleats,7,7
0,USCA,Canada,Standard Class,Cleats,12,5
1,USCA,West of USA ,Standard Class,Cleats,8,5
0,USCA,East of USA,Standard Class,Women's Apparel,4,4
0,USCA,US Center ,Standard Class,Women's Apparel,8,2
0,USCA,Canada,Standard Class,Women's Apparel,10,3
0,USCA,East of USA,Standard Class,Shop By Sport,8,7
1,USCA,US Center ,Standard Class,Women's Apparel,6,4
1,USCA,US Center ,Standard Class,Women's Apparel,7,4
0,USCA,West of USA ,Standard Class,Women's Apparel,4,2
0,USCA,West of USA ,Standard Class,Women's Apparel,5,1
0,USCA,East of USA,Standard Class,Women's Apparel,8,7
1,USCA,West of USA ,Standard Class,Women's Apparel,6,2
0,USCA,West of USA ,Standard Class,Accessories,4,2
0,USCA,Canada,Standard Class,Electronics,10,3
0,USCA,US Center ,Standard Class,Baseball & Softball,4,3
0,USCA,US Center ,Standard Class,Lacrosse,6,7
0,USCA,South of  USA ,Standard Class,Electronics,7,3
0,USCA,Canada,Standard Class,Cardio Equipment,9,6
0,USCA,South of  USA ,Standard Class,Cardio Equipment,6,6
1,USCA,West of USA ,Standard Class,Cardio Equipment,8,1
0,USCA,US Center ,Standard Class,Cleats,6,7
1,USCA,West of USA ,Standard Class,Cleats,6,6
0,USCA,East of USA,Standard Class,Cleats,6,2
0,USCA,US Center ,Standard Class,Cleats,5,3
1,USCA,US Center ,Standard Class,Cleats,5,3
0,USCA,Canada,Standard Class,Cleats,1,3
1,USCA,Canada,Standard Class,Shop By Sport,11,6
1,USCA,East of USA,Standard Class,Shop By Sport,6,2
0,USCA,US Center ,Standard Class,Shop By Sport,7,5
0,USCA,Canada,Standard Class,Women's Apparel,11,7
0,USCA,East of USA,Standard Class,Shop By Sport,4,3
0,USCA,East of USA,Standard Class,Shop By Sport,6,2
0,USCA,East of USA,Standard Class,Women's Apparel,8,4
0,USCA,West of USA ,Standard Class,Shop By Sport,6,4
0,USCA,West of USA ,Standard Class,Women's Apparel,8,6
0,USCA,US Center ,Standard Class,Women's Apparel,4,5
1,USCA,East of USA,Standard Class,Shop By Sport,4,7
0,USCA,US Center ,Standard Class,Golf Balls,4,5
0,USCA,US Center ,Standard Class,Electronics,6,6
1,USCA,East of USA,Standard Class,Trade-In,7,7
0,USCA,West of USA ,Standard Class,Accessories,4,5
0,USCA,US Center ,Standard Class,Lacrosse,4,2
0,USCA,East of USA,Standard Class,Cardio Equipment,4,3
0,USCA,West of USA ,Standard Class,Cardio Equipment,5,3
0,USCA,West of USA ,Standard Class,Cardio Equipment,7,2
0,USCA,East of USA,Standard Class,Cleats,7,3
0,USCA,South of  USA ,Standard Class,Cleats,5,3
0,USCA,West of USA ,Standard Class,Cleats,4,3
0,USCA,West of USA ,Standard Class,Cleats,4,3
0,USCA,West of USA ,Standard Class,Women's Apparel,4,2
0,USCA,West of USA ,Standard Class,Women's Apparel,5,2
0,USCA,West of USA ,Standard Class,Women's Apparel,6,3
0,USCA,West of USA ,Standard Class,Electronics,6,1
0,USCA,US Center ,Standard Class,Electronics,4,2
1,Africa,Southern Africa,First Class,Men's Footwear,11,6
1,Africa,North Africa,First Class,Men's Footwear,1,5
1,Europe,Northern Europe,First Class,Cameras ,10,5
1,Europe,Eastern Europe,First Class,Cardio Equipment,12,5
1,Europe,Southern Europe,First Class,Men's Footwear,9,6
1,Europe,Southern Europe,First Class,Men's Footwear,9,6
1,Europe,Western Europe,First Class,Men's Footwear,9,5
1,Europe,Western Europe,First Class,Men's Footwear,6,4
1,Europe,Western Europe,First Class,Men's Footwear,10,5
1,Europe,Southern Europe,First Class,Men's Footwear,8,3
1,Europe,Western Europe,First Class,Men's Footwear,8,6
1,Europe,Western Europe,First Class,Crafts,11,3
1,Europe,Western Europe,First Class,Men's Footwear,9,7
1,Europe,Western Europe,First Class,Men's Footwear,8,3
1,Europe,Western Europe,First Class,Men's Footwear,8,2
1,Europe,Western Europe,First Class,Men's Footwear,8,2
1,Europe,Southern Europe,First Class,Men's Footwear,7,1
1,Europe,Western Europe,First Class,Men's Footwear,8,2
1,Europe,Western Europe,First Class,Cleats,10,7
1,Europe,Western Europe,First Class,Men's Footwear,8,3
1,Europe,Western Europe,First Class,Cleats,8,6
1,Europe,Western Europe,First Class,Men's Footwear,8,7
1,Europe,Western Europe,First Class,Children's Clothing,10,7
1,Europe,Northern Europe,First Class,Cleats,8,1
1,Europe,Western Europe,First Class,Cleats,8,7
1,Europe,Western Europe,First Class,Women's Apparel,8,7
1,Europe,Southern Europe,First Class,Women's Apparel,7,1
0,Europe,Western Europe,Standard Class,Cleats,7,4
1,Europe,Western Europe,Standard Class,Cleats,9,4
0,Europe,Western Europe,Standard Class,Cleats,10,2
0,Europe,Northern Europe,Standard Class,Cleats,9,1
0,Europe,Southern Europe,Standard Class,Cleats,10,6
1,Europe,Western Europe,Standard Class,Cleats,6,3
1,Europe,Western Europe,Standard Class,Cleats,8,1
0,Europe,Southern Europe,Standard Class,Cleats,9,4
0,Europe,Southern Europe,Standard Class,Cleats,9,1
1,Europe,Western Europe,Standard Class,Cleats,7,7
1,Europe,Northern Europe,Standard Class,Women's Apparel,9,2
0,Europe,Western Europe,Standard Class,Shop By Sport,7,3
0,Europe,Western Europe,Standard Class,Shop By Sport,9,2
0,Europe,Western Europe,Standard Class,Shop By Sport,7,5
0,Europe,Western Europe,Standard Class,Women's Apparel,9,6
0,Europe,Western Europe,Standard Class,Women's Apparel,8,4
0,Europe,Eastern Europe,Standard Class,Shop By Sport,9,4
0,Europe,Northern Europe,Standard Class,Women's Apparel,8,7
0,Europe,Southern Europe,Standard Class,Women's Apparel,9,4
0,Europe,Western Europe,Standard Class,Women's Apparel,6,3
1,Europe,Western Europe,Standard Class,Women's Apparel,9,4
0,Europe,Southern Europe,Standard Class,Women's Apparel,9,1
0,Europe,Western Europe,Standard Class,Women's Apparel,6,2
0,Europe,Western Europe,Standard Class,Shop By Sport,8,5
1,Europe,Northern Europe,Standard Class,Women's Apparel,8,7
0,Europe,Northern Europe,Standard Class,Women's Apparel,7,7
1,Europe,Southern Europe,Standard Class,Shop By Sport,7,3
0,Europe,Western Europe,Standard Class,Shop By Sport,6,3
0,Europe,Western Europe,Standard Class,Women's Apparel,6,4
0,Europe,Western Europe,Standard Class,Women's Apparel,9,3
0,Europe,Western Europe,Standard Class,Women's Apparel,9,6
0,Europe,Southern Europe,Standard Class,Women's Apparel,8,5
1,Europe,Western Europe,Standard Class,Shop By Sport,6,3
0,Europe,Western Europe,Standard Class,Women's Apparel,10,7
0,Europe,Western Europe,Standard Class,Women's Apparel,9,6
1,Europe,Western Europe,Standard Class,Women's Apparel,8,4
0,Europe,Eastern Europe,Standard Class,Women's Apparel,10,4
0,Europe,Eastern Europe,Standard Class,Women's Apparel,9,3
0,Europe,Western Europe,Standard Class,Shop By Sport,7,3
0,Europe,Western Europe,Standard Class,Shop By Sport,10,6
0,Europe,Western Europe,Standard Class,Shop By Sport,6,7
1,Europe,Southern Europe,Standard Class,Women's Apparel,7,1
1,Europe,Western Europe,Standard Class,Shop By Sport,7,7
0,Europe,Western Europe,Standard Class,Women's Apparel,8,5
0,Europe,Western Europe,Standard Class,Shop By Sport,9,3
0,Europe,Southern Europe,Standard Class,Women's Apparel,9,1
1,Europe,Western Europe,Standard Class,Shop By Sport,10,6
1,Europe,Western Europe,Standard Class,Women's Apparel,6,6
0,Europe,Western Europe,Standard Class,Women's Apparel,8,5
1,Europe,Northern Europe,Standard Class,Shop By Sport,10,7
0,Europe,Southern Europe,Standard Class,Shop By Sport,9,3
1,Europe,Southern Europe,Standard Class,Women's Apparel,7,5
1,Europe,Western Europe,Standard Class,Shop By Sport,8,3
0,Europe,Western Europe,Standard Class,Shop By Sport,8,3
0,Europe,Western Europe,Standard Class,Women's Apparel,6,6
0,Europe,Western Europe,Standard Class,Women's Apparel,7,1
0,Europe,Western Europe,Standard Class,Women's Apparel,7,5
1,Europe,Northern Europe,Standard Class,Women's Apparel,9,2
0,Europe,Southern Europe,Standard Class,Shop By Sport,6,5
1,Europe,Western Europe,Standard Class,Girls' Apparel,6,1
1,Europe,Western Europe,Standard Class,Shop By Sport,8,3
0,Europe,Western Europe,Standard Class,Shop By Sport,8,2
0,Europe,Western Europe,Standard Class,Women's Apparel,9,2
1,Europe,Western Europe,Standard Class,Women's Apparel,8,4
0,Europe,Western Europe,Standard Class,Women's Apparel,8,4
0,Europe,Western Europe,Standard Class,Women's Apparel,10,2
1,Europe,Eastern Europe,Standard Class,Women's Apparel,10,2
1,Europe,Northern Europe,Standard Class,Women's Apparel,9,2
1,Europe,Western Europe,Standard Class,Shop By Sport,9,4
0,Europe,Western Europe,Standard Class,Shop By Sport,8,7
1,Europe,Western Europe,Standard Class,Women's Apparel,8,2
0,Europe,Western Europe,Standard Class,Women's Apparel,10,6
1,Europe,Western Europe,Standard Class,Women's Apparel,9,4
1,Europe,Northern Europe,Standard Class,Women's Apparel,7,5
0,Europe,Western Europe,Standard Class,Women's Apparel,10,3
0,Europe,Western Europe,Standard Class,Women's Apparel,10,6
0,Europe,Western Europe,Standard Class,Women's Apparel,9,4
0,Europe,Northern Europe,Standard Class,Accessories,7,7
0,Europe,Southern Europe,Standard Class,Golf Balls,10,5
1,Europe,Western Europe,Standard Class,Trade-In,9,1
0,Europe,Western Europe,Standard Class,Accessories,9,6
0,Europe,Western Europe,Standard Class,Golf Balls,9,3
0,Europe,Western Europe,Standard Class,Trade-In,7,4
1,Europe,Southern Europe,Standard Class,Accessories,8,3
1,Europe,Southern Europe,Standard Class,Electronics,8,3
0,Europe,Western Europe,Standard Class,Hunting & Shooting,7,5
0,Europe,Western Europe,Standard Class,Hunting & Shooting,9,4
0,Europe,Eastern Europe,Standard Class,Electronics,10,5
0,Europe,Western Europe,Standard Class,Cardio Equipment,7,2
0,Europe,Northern Europe,Standard Class,Cardio Equipment,7,6
0,Europe,Western Europe,Standard Class,Cardio Equipment,9,3
0,Europe,Western Europe,Standard Class,Cardio Equipment,10,5
0,Europe,Southern Europe,Standard Class,Cardio Equipment,8,2
0,Europe,Southern Europe,Standard Class,Cardio Equipment,9,1
1,Europe,Western Europe,Standard Class,Cleats,10,3
0,Europe,Northern Europe,Standard Class,Cleats,6,6
1,Europe,Eastern Europe,Standard Class,Cleats,10,6
0,Europe,Western Europe,Standard Class,Cleats,8,3
0,Europe,Southern Europe,Standard Class,Cleats,7,2
0,Pacific Asia,Southeast Asia,Standard Class,Cleats,11,7
0,Pacific Asia,Eastern Asia,Standard Class,Men's Footwear,12,3
0,Pacific Asia,Oceania,Standard Class,Men's Footwear,12,2
1,Pacific Asia,Oceania,Standard Class,Men's Footwear,2,4
1,Pacific Asia,South Asia,Standard Class,Cleats,11,2
0,Pacific Asia,South Asia,Standard Class,Men's Clothing,11,7
1,Pacific Asia,South Asia,Standard Class,Men's Footwear,11,5
0,Pacific Asia,Southeast Asia,Standard Class,Children's Clothing,12,3
1,Pacific Asia,Southeast Asia,Standard Class,Children's Clothing,12,4
0,Pacific Asia,West Asia,Standard Class,Men's Footwear,11,5
1,Pacific Asia,Eastern Asia,Standard Class,Men's Footwear,2,1
0,Pacific Asia,Oceania,Standard Class,Crafts,1,4
1,Pacific Asia,Oceania,Standard Class,Men's Footwear,2,3
0,Pacific Asia,Oceania,Standard Class,Women's Clothing,12,6
1,Pacific Asia,South Asia,Standard Class,Crafts,1,3
1,Pacific Asia,South Asia,Standard Class,Men's Footwear,12,5
1,Pacific Asia,Southeast Asia,Standard Class,Children's Clothing,12,3
0,Pacific Asia,West Asia,Standard Class,Men's Footwear,10,7
0,Pacific Asia,Eastern Asia,Standard Class,Men's Footwear,2,6
0,Pacific Asia,Eastern Asia,Standard Class,Men's Footwear,12,2
0,Pacific Asia,Oceania,Standard Class,Cleats,2,4
1,Pacific Asia,Oceania,Standard Class,Men's Footwear,12,5
0,Pacific Asia,Oceania,Standard Class,Men's Footwear,3,1
0,Pacific Asia,Oceania,Standard Class,Men's Footwear,1,6
1,Pacific Asia,South Asia,Standard Class,Cleats,12,5
0,Pacific Asia,South Asia,Standard Class,Men's Footwear,2,3
0,Pacific Asia,Eastern Asia,Standard Class,Men's Footwear,1,6
0,Pacific Asia,Oceania,Standard Class,Women's Clothing,2,5
1,Pacific Asia,Southeast Asia,Standard Class,Men's Footwear,11,6
1,Pacific Asia,Southeast Asia,Standard Class,Women's Clothing,2,7
1,Pacific Asia,West Asia,Standard Class,Men's Footwear,1,2
0,Pacific Asia,Eastern Asia,Standard Class,Cleats,11,7
0,Pacific Asia,Eastern Asia,Standard Class,Men's Footwear,1,6
0,Pacific Asia,Eastern Asia,Standard Class,Men's Footwear,2,6
0,Pacific Asia,Eastern Asia,Standard Class,Women's Clothing,2,6
0,Pacific Asia,Oceania,Standard Class,Men's Footwear,3,2
1,Pacific Asia,Oceania,Standard Class,Men's Footwear,4,7
0,Pacific Asia,Oceania,Standard Class,Men's Footwear,3,4
1,Pacific Asia,Oceania,Standard Class,Women's Clothing,2,2
0,Pacific Asia,Southeast Asia,Standard Class,Men's Footwear,2,6
0,Pacific Asia,West Asia,Standard Class,Cleats,9,6
0,Pacific Asia,West Asia,Standard Class,Men's Footwear,9,3
0,Pacific Asia,Eastern Asia,Standard Class,Shop By Sport,3,2
0,Pacific Asia,Eastern Asia,Standard Class,Women's Apparel,2,3
1,Pacific Asia,South Asia,Standard Class,Women's Apparel,1,2
1,Pacific Asia,Southeast Asia,Standard Class,Shop By Sport,1,3
0,Pacific Asia,West Asia,Standard Class,Women's Apparel,1,6
1,Pacific Asia,West Asia,Standard Class,Shop By Sport,12,1
0,Pacific Asia,Oceania,Standard Class,Women's Apparel,3,3
1,Pacific Asia,Oceania,Standard Class,Women's Apparel,3,2
0,Pacific Asia,Eastern Asia,Standard Class,Shop By Sport,2,3
0,Pacific Asia,Oceania,Standard Class,Women's Apparel,11,1
1,Pacific Asia,Oceania,Standard Class,Women's Apparel,3,2
0,Pacific Asia,West Asia,Standard Class,Women's Apparel,11,6
0,Pacific Asia,Oceania,Standard Class,Shop By Sport,1,6
1,Pacific Asia,South Asia,Standard Class,Shop By Sport,11,1
1,Pacific Asia,South Asia,Standard Class,Women's Apparel,11,2
1,Pacific Asia,Oceania,Standard Class,Shop By Sport,3,5
0,Pacific Asia,Oceania,Standard Class,Women's Apparel,1,6
0,Pacific Asia,West Asia,Standard Class,Women's Apparel,1,7
1,Pacific Asia,Eastern Asia,Standard Class,Shop By Sport,1,6
1,Pacific Asia,Oceania,Standard Class,Women's Apparel,2,4
1,Pacific Asia,Oceania,Standard Class,Women's Apparel,3,4
1,Pacific Asia,Eastern Asia,Standard Class,Shop By Sport,3,4
0,Pacific Asia,Eastern Asia,Standard Class,Women's Apparel,3,2
0,Pacific Asia,Southeast Asia,Standard Class,Women's Apparel,2,6
0,Pacific Asia,Oceania,Standard Class,Shop By Sport,1,1
1,Pacific Asia,Oceania,Standard Class,Women's Apparel,2,3
0,Pacific Asia,West Asia,Standard Class,Shop By Sport,12,1
1,Pacific Asia,South Asia,Standard Class,Women's Apparel,1,2
0,Pacific Asia,Eastern Asia,Standard Class,Trade-In,1,5
1,Pacific Asia,Oceania,Standard Class,Electronics,12,5
1,Pacific Asia,Eastern Asia,Standard Class,Accessories,2,1
0,Pacific Asia,South Asia,Standard Class,Accessories,12,6
0,Pacific Asia,Eastern Asia,Standard Class,Garden,11,3
1,Pacific Asia,Eastern Asia,Standard Class,Garden,11,4
0,Pacific Asia,Eastern Asia,Standard Class,Garden,11,3
0,Pacific Asia,South Asia,Standard Class,Garden,11,1
1,Pacific Asia,Oceania,Standard Class,Accessories,3,2
1,Pacific Asia,Oceania,Standard Class,Garden,11,3
1,Pacific Asia,Eastern Asia,Standard Class,Garden,11,3
0,Pacific Asia,Oceania,Standard Class,Electronics,11,3
0,Pacific Asia,Oceania,Standard Class,Garden,11,7
1,Pacific Asia,Oceania,Standard Class,Accessories,11,3
0,Pacific Asia,Oceania,Standard Class,Garden,11,5
0,Pacific Asia,West Asia,Standard Class,Golf Balls,10,3
0,Pacific Asia,Oceania,Standard Class,Trade-In,12,3
1,Pacific Asia,Eastern Asia,Standard Class,Fishing,11,3
0,Pacific Asia,Southeast Asia,Standard Class,Fishing,1,2
0,Pacific Asia,South Asia,Standard Class,Women's Apparel,3,1
1,Pacific Asia,Southeast Asia,Standard Class,Accessories,12,2
0,Pacific Asia,Southeast Asia,Standard Class,Trade-In,1,1
1,Pacific Asia,West Asia,Standard Class,Trade-In,9,2
0,Pacific Asia,Oceania,Standard Class,Trade-In,3,3
0,Pacific Asia,Eastern Asia,Standard Class,Cleats,12,1
0,Pacific Asia,Eastern Asia,Standard Class,Accessories,3,5
0,USCA,South of  USA ,Standard Class,Cleats,6,2
0,USCA,US Center ,Standard Class,Cleats,5,2
0,USCA,South of  USA ,Standard Class,Shop By Sport,5,1
0,USCA,East of USA,Standard Class,Cardio Equipment,5,4
0,USCA,West of USA ,Standard Class,Cardio Equipment,4,5
0,USCA,South of  USA ,Standard Class,Boxing & MMA,5,5
0,USCA,South of  USA ,Standard Class,Cardio Equipment,8,6
0,USCA,Canada,Standard Class,Cardio Equipment,12,2
0,USCA,South of  USA ,Standard Class,Cleats,5,5
0,USCA,West of USA ,Standard Class,Cleats,8,7
0,USCA,US Center ,Standard Class,Cleats,7,7
1,USCA,South of  USA ,Standard Class,Cleats,6,3
0,USCA,East of USA,Standard Class,Women's Apparel,7,6
1,USCA,West of USA ,Standard Class,Women's Apparel,6,5
0,USCA,East of USA,Standard Class,Women's Apparel,5,3
1,USCA,West of USA ,Standard Class,Shop By Sport,7,4
1,USCA,East of USA,Standard Class,Women's Apparel,5,7
0,USCA,South of  USA ,Standard Class,Women's Apparel,7,6
0,USCA,US Center ,Standard Class,Women's Apparel,6,7
1,USCA,East of USA,Standard Class,Shop By Sport,7,4
1,USCA,US Center ,Standard Class,Women's Apparel,8,6
1,USCA,East of USA,Standard Class,Shop By Sport,4,3
1,USCA,East of USA,Standard Class,Electronics,7,5
1,USCA,US Center ,Standard Class,Accessories,7,6
0,USCA,East of USA,Standard Class,Electronics,4,4
0,USCA,West of USA ,Standard Class,Cardio Equipment,7,7
0,USCA,South of  USA ,Standard Class,Fitness Accessories,6,5
0,USCA,US Center ,Standard Class,Electronics,6,6
0,USCA,East of USA,Standard Class,Cleats,7,7
1,USCA,West of USA ,Standard Class,Cleats,4,5
0,USCA,East of USA,Standard Class,Women's Apparel,5,6
1,USCA,West of USA ,Standard Class,Shop By Sport,4,2
0,USCA,East of USA,Standard Class,Shop By Sport,6,2
1,USCA,East of USA,Standard Class,Women's Apparel,7,1
1,USCA,East of USA,Standard Class,Women's Apparel,6,3
0,USCA,East of USA,Standard Class,Cleats,6,4
0,USCA,East of USA,Standard Class,Shop By Sport,8,2
0,USCA,East of USA,Standard Class,Women's Apparel,8,2
0,USCA,West of USA ,Standard Class,Accessories,6,7
0,USCA,East of USA,Standard Class,Golf Balls,8,2
1,Africa,Southern Africa,Standard Class,Cardio Equipment,10,3
0,Africa,Central Africa,Standard Class,Women's Apparel,11,1
1,Africa,Southern Africa,Standard Class,Shop By Sport,10,3
0,Africa,North Africa,Standard Class,Shop By Sport,12,5
0,Africa,North Africa,Standard Class,Women's Apparel,10,7
0,Africa,North Africa,Standard Class,Cleats,9,7
0,Europe,Western Europe,Standard Class,Cardio Equipment,6,5
0,Europe,Western Europe,Standard Class,Cleats,10,6
0,Europe,Western Europe,Standard Class,Cleats,9,2
0,Europe,Southern Europe,Standard Class,Women's Apparel,9,6
0,Europe,Western Europe,Standard Class,Fitness Accessories,9,2
0,Europe,Western Europe,Standard Class,Cardio Equipment,9,2
0,Europe,Western Europe,Standard Class,Cleats,6,2
0,Europe,Eastern Europe,Standard Class,Cleats,11,4
1,Europe,Northern Europe,Standard Class,Cleats,8,4
0,Europe,Western Europe,Standard Class,Cleats,10,5
0,Europe,Western Europe,Standard Class,Cleats,9,2
0,Europe,Western Europe,Standard Class,Cleats,8,7
0,Europe,Western Europe,Standard Class,Cleats,8,2
1,Europe,Western Europe,Standard Class,Cleats,9,4
0,Europe,Southern Europe,Standard Class,Cleats,6,3
0,Europe,Western Europe,Standard Class,Cleats,6,1
0,Europe,Western Europe,Standard Class,Cleats,9,5
0,Europe,Western Europe,Standard Class,Cleats,7,5
1,Europe,Southern Europe,Standard Class,Women's Apparel,9,6
0,Europe,Northern Europe,Standard Class,Women's Apparel,7,2
0,Europe,Southern Europe,Standard Class,Shop By Sport,6,5
0,Europe,Western Europe,Standard Class,Women's Apparel,7,1
0,Europe,Southern Europe,Standard Class,Women's Apparel,6,5
0,Europe,Western Europe,Standard Class,Shop By Sport,9,3
0,Europe,Western Europe,Standard Class,Women's Apparel,8,7
0,Europe,Western Europe,Standard Class,Girls' Apparel,8,7
0,Europe,Western Europe,Standard Class,Women's Apparel,9,5
0,Pacific Asia,Oceania,Standard Class,Sporting Goods,12,3
1,Pacific Asia,Southeast Asia,Standard Class,Sporting Goods,12,7
1,Pacific Asia,Southeast Asia,Standard Class,Sporting Goods,12,5
0,Pacific Asia,Eastern Asia,Standard Class,Sporting Goods,12,4
0,Pacific Asia,Oceania,Standard Class,Sporting Goods,12,3
0,Pacific Asia,Southeast Asia,Standard Class,Sporting Goods,12,2
1,Pacific Asia,Oceania,Second Class,Sporting Goods,12,6
1,Pacific Asia,Eastern Asia,Second Class,Sporting Goods,12,4
0,Pacific Asia,Eastern Asia,Second Class,Sporting Goods,12,3
0,Pacific Asia,Eastern Asia,Standard Class,Sporting Goods,12,2
1,Pacific Asia,Oceania,Standard Class,Sporting Goods,12,5
0,Pacific Asia,Oceania,Standard Class,Sporting Goods,12,4
1,Pacific Asia,Oceania,Second Class,Sporting Goods,12,3
1,Pacific Asia,Eastern Asia,First Class,Sporting Goods,12,2
1,Pacific Asia,South Asia,First Class,Sporting Goods,12,2
1,Pacific Asia,Southeast Asia,Second Class,Sporting Goods,12,4
1,Pacific Asia,South Asia,Second Class,Sporting Goods,12,3
1,LATAM,South America,Standard Class,Hockey,4,4
1,LATAM,Central America,Same Day,Hockey,4,5
1,LATAM,Central America,First Class,Hockey,3,2
0,LATAM,Central America,Standard Class,Hockey,3,6
0,LATAM,Central America,Standard Class,Hockey,3,5
1,LATAM,Central America,Standard Class,Hockey,3,3
0,LATAM,Caribbean,Standard Class,Hockey,3,7
1,LATAM,Central America,First Class,Hockey,3,7
0,LATAM,Central America,Standard Class,Hockey,3,4
1,LATAM,Caribbean,Standard Class,Hockey,3,5
0,LATAM,South America,Standard Class,Hockey,3,6
1,LATAM,South America,Second Class,Hockey,2,6
1,LATAM,South America,First Class,Hockey,2,7
0,LATAM,South America,Standard Class,Hockey,2,6
1,LATAM,South America,Standard Class,Hockey,2,4
1,LATAM,Central America,First Class,Hockey,2,1
0,LATAM,Central America,Standard Class,Hockey,2,2
1,LATAM,South America,Second Class,Hockey,2,7
1,LATAM,Central America,Standard Class,Hockey,2,2
1,LATAM,South America,First Class,Hockey,2,1
1,LATAM,South America,Standard Class,Hockey,2,1
0,LATAM,Central America,Standard Class,Hockey,1,3
0,LATAM,Central America,Second Class,Hockey,1,2
0,Pacific Asia,West Asia,Standard Class,Hockey,1,1
1,Pacific Asia,West Asia,First Class,Hockey,12,6
0,Pacific Asia,West Asia,Standard Class,Hockey,12,4
1,Pacific Asia,West Asia,Standard Class,Hockey,12,2
0,Pacific Asia,West Asia,Standard Class,Hockey,12,7
1,Africa,Central Africa,Standard Class,Hockey,11,2
0,Europe,Eastern Europe,Standard Class,Hockey,11,3
0,Africa,West Africa,Standard Class,Hockey,11,7
1,Europe,Eastern Europe,Standard Class,Hockey,11,7
1,Pacific Asia,West Asia,Second Class,Hockey,11,7
1,Pacific Asia,West Asia,Standard Class,Hockey,11,6
0,Europe,Eastern Europe,Standard Class,Hockey,10,2
1,Europe,Southern Europe,First Class,Hockey,10,5
1,USCA,Canada,First Class,Hockey,10,4
0,Africa,North Africa,Standard Class,Hockey,10,7
0,Europe,Eastern Europe,Same Day,Hockey,10,3
1,Europe,Eastern Europe,Standard Class,Hockey,9,6
1,Pacific Asia,West Asia,First Class,Hockey,9,5
0,Africa,Central Africa,Standard Class,Hockey,9,2
1,Africa,West Africa,Standard Class,Hockey,9,4
1,Africa,North Africa,Second Class,Hockey,8,3
1,USCA,West of USA ,Standard Class,Hockey,8,4
1,USCA,US Center ,Standard Class,Hockey,8,3
0,USCA,US Center ,Standard Class,Hockey,8,1
0,USCA,West of USA ,Standard Class,Hockey,8,7
1,USCA,East of USA,Standard Class,Hockey,8,7
0,USCA,US Center ,Standard Class,Hockey,8,2
1,USCA,US Center ,First Class,Hockey,8,6
1,USCA,East of USA,First Class,Hockey,8,3
1,USCA,West of USA ,First Class,Hockey,8,2
0,USCA,East of USA,Standard Class,Hockey,7,5
0,USCA,East of USA,Same Day,Hockey,7,7
0,USCA,South of  USA ,Standard Class,Hockey,7,6
0,USCA,West of USA ,Standard Class,Hockey,7,5
0,USCA,West of USA ,Standard Class,Hockey,7,4
1,USCA,West of USA ,First Class,Hockey,7,4
1,USCA,East of USA,Standard Class,Hockey,7,6
1,USCA,South of  USA ,Standard Class,Hockey,7,6
1,USCA,East of USA,Second Class,Hockey,6,6
0,USCA,East of USA,Standard Class,Hockey,6,7
1,USCA,South of  USA ,Second Class,Hockey,6,7
1,USCA,East of USA,Second Class,Hockey,6,5
0,USCA,West of USA ,Standard Class,Hockey,6,2
0,USCA,US Center ,Standard Class,Hockey,6,5
1,USCA,US Center ,Standard Class,Hockey,6,2
0,USCA,US Center ,Standard Class,Hockey,6,4
0,USCA,West of USA ,Second Class,Hockey,5,1
0,USCA,South of  USA ,Standard Class,Hockey,5,2
1,USCA,West of USA ,Second Class,Hockey,5,2
1,USCA,South of  USA ,Standard Class,Hockey,5,4
0,USCA,West of USA ,Standard Class,Hockey,5,4
1,USCA,US Center ,Standard Class,Hockey,4,3
0,USCA,US Center ,Standard Class,Hockey,4,5
0,USCA,US Center ,Standard Class,Hockey,4,2
0,USCA,US Center ,Standard Class,Hockey,4,2
1,Pacific Asia,Oceania,Standard Class,Hockey,3,5
1,Pacific Asia,Oceania,Standard Class,Hockey,3,2
1,Pacific Asia,Southeast Asia,First Class,Hockey,3,7
0,Pacific Asia,Eastern Asia,Standard Class,Hockey,3,2
0,Pacific Asia,Oceania,Standard Class,Hockey,3,1
0,Pacific Asia,Oceania,Standard Class,Hockey,3,3
0,Pacific Asia,Oceania,Standard Class,Hockey,2,6
1,Pacific Asia,South Asia,First Class,Hockey,2,2
1,Pacific Asia,Southeast Asia,Second Class,Hockey,2,3
1,Pacific Asia,Southeast Asia,Second Class,Hockey,2,3
0,Pacific Asia,Oceania,Standard Class,Hockey,2,7
1,Pacific Asia,Southeast Asia,Standard Class,Hockey,2,4
1,Pacific Asia,South Asia,Second Class,Hockey,2,3
1,Pacific Asia,Southeast Asia,Same Day,Hockey,1,5
1,Pacific Asia,South Asia,Second Class,Hockey,1,6
0,Pacific Asia,Oceania,Standard Class,Hockey,1,5
1,Pacific Asia,South Asia,First Class,Hockey,1,4
1,Pacific Asia,Oceania,Standard Class,Hockey,1,6
0,Pacific Asia,Oceania,Standard Class,Hockey,1,3
1,Pacific Asia,South Asia,Standard Class,Hockey,1,5
1,Pacific Asia,Oceania,Second Class,Hockey,1,4
0,Pacific Asia,Southeast Asia,Same Day,Hockey,1,5
1,Pacific Asia,Southeast Asia,Second Class,Hockey,1,4
1,Pacific Asia,Oceania,Second Class,Hockey,1,5
1,Pacific Asia,Oceania,Standard Class,Hockey,1,4
0,Pacific Asia,Eastern Asia,Standard Class,Hockey,1,1
1,Pacific Asia,Southeast Asia,First Class,Hockey,12,1
1,Pacific Asia,Eastern Asia,First Class,Hockey,12,3
1,Pacific Asia,Southeast Asia,Standard Class,Hockey,12,5
0,Pacific Asia,Oceania,Standard Class,Hockey,12,6
1,Pacific Asia,Southeast Asia,Standard Class,Hockey,11,1
1,Pacific Asia,South Asia,Standard Class,Hockey,11,6
0,Pacific Asia,Eastern Asia,Same Day,Hockey,11,7
1,Pacific Asia,Eastern Asia,First Class,Hockey,11,1
1,Pacific Asia,Southeast Asia,Standard Class,Hockey,11,2
1,Pacific Asia,Southeast Asia,Second Class,Hockey,11,7
1,Pacific Asia,South Asia,First Class,Hockey,11,5
0,Pacific Asia,Oceania,Standard Class,Hockey,11,5
0,Pacific Asia,South Asia,Standard Class,Hockey,10,4
1,Pacific Asia,Oceania,Standard Class,Hockey,10,5
0,Europe,Western Europe,Standard Class,Hockey,10,3
1,Europe,Southern Europe,Standard Class,Hockey,10,5
0,Europe,Western Europe,Standard Class,Hockey,10,1
1,Europe,Southern Europe,Standard Class,Hockey,10,3
0,Europe,Western Europe,Standard Class,Hockey,10,6
1,Europe,Northern Europe,Second Class,Hockey,10,5
0,Europe,Western Europe,Standard Class,Hockey,10,7
1,Europe,Western Europe,Standard Class,Hockey,10,2
1,Europe,Northern Europe,Standard Class,Hockey,10,6
0,Europe,Western Europe,Standard Class,Hockey,9,4
1,Europe,Western Europe,Standard Class,Hockey,9,3
0,Europe,Southern Europe,Standard Class,Hockey,9,6
0,Europe,Southern Europe,Standard Class,Hockey,9,3
0,Europe,Northern Europe,Standard Class,Hockey,9,5
0,Europe,Western Europe,Standard Class,Hockey,9,6
0,Europe,Western Europe,Standard Class,Hockey,8,1
0,Europe,Western Europe,Standard Class,Hockey,8,1
0,Europe,Western Europe,Standard Class,Hockey,8,7
0,Europe,Southern Europe,Standard Class,Hockey,8,1
0,Europe,Western Europe,Standard Class,Hockey,8,6
0,Europe,Southern Europe,Standard Class,Hockey,8,3
0,Europe,Western Europe,Standard Class,Hockey,8,7
0,Europe,Western Europe,Standard Class,Hockey,8,6
0,Europe,Southern Europe,Standard Class,Hockey,8,4
1,Europe,Western Europe,Second Class,Hockey,8,5
1,Europe,Western Europe,Second Class,Hockey,8,7
0,Europe,Southern Europe,Standard Class,Hockey,7,2
1,Europe,Western Europe,First Class,Hockey,7,6
0,Europe,Western Europe,Standard Class,Hockey,7,6
1,Europe,Western Europe,First Class,Hockey,7,5
1,Europe,Western Europe,Second Class,Hockey,7,7
0,Europe,Western Europe,Standard Class,Hockey,6,7
1,Europe,Western Europe,Second Class,Hockey,6,2
1,Europe,Western Europe,Second Class,Hockey,6,6
0,Europe,Western Europe,Standard Class,Hockey,6,4
1,Europe,Northern Europe,Second Class,Hockey,6,7
0,Europe,Western Europe,Standard Class,Hockey,6,5
0,LATAM,South America,Same Day,Hockey,5,7
1,LATAM,South America,First Class,Hockey,5,7
0,LATAM,Central America,Standard Class,Hockey,5,5
0,LATAM,Central America,Standard Class,Hockey,5,1
1,LATAM,South America,Standard Class,Hockey,5,4
1,LATAM,Central America,Standard Class,Hockey,5,3
1,LATAM,South America,Second Class,Hockey,5,7
0,LATAM,Central America,Standard Class,Hockey,5,6
0,LATAM,South America,Same Day,Hockey,5,1
0,LATAM,South America,Standard Class,Hockey,5,2
1,LATAM,Central America,Second Class,Hockey,5,5
1,LATAM,South America,First Class,Hockey,5,2
0,LATAM,Central America,Standard Class,Hockey,4,6
1,LATAM,Central America,First Class,Hockey,4,2
0,LATAM,Central America,Standard Class,Hockey,4,3
0,LATAM,Central America,Standard Class,Hockey,4,1
0,LATAM,Central America,Same Day,Hockey,3,6
1,LATAM,Central America,Standard Class,Hockey,3,7
1,LATAM,Central America,Standard Class,Hockey,3,4
1,LATAM,South America,Standard Class,Hockey,3,6
0,LATAM,Caribbean,Standard Class,Hockey,3,1
0,LATAM,South America,Standard Class,Hockey,2,6
0,LATAM,Caribbean,Standard Class,Hockey,2,3
1,LATAM,South America,First Class,Hockey,2,5
1,LATAM,Central America,First Class,Hockey,2,1
1,LATAM,Central America,First Class,Hockey,2,1
0,LATAM,Central America,Standard Class,Hockey,2,7
0,LATAM,South America,Standard Class,Hockey,2,7
1,LATAM,South America,First Class,Hockey,2,3
1,LATAM,Central America,Standard Class,Hockey,2,7
0,LATAM,Central America,Standard Class,Hockey,2,7
1,LATAM,Central America,First Class,Hockey,2,7
1,LATAM,Central America,First Class,Hockey,2,5
0,LATAM,Central America,Same Day,Hockey,1,6
1,LATAM,Caribbean,Standard Class,Hockey,1,4
1,LATAM,Central America,Second Class,Hockey,1,2
0,LATAM,Caribbean,Standard Class,Hockey,1,3
0,LATAM,South America,Standard Class,Hockey,1,2
0,LATAM,South America,Second Class,Hockey,4,2
0,LATAM,South America,Standard Class,Hockey,4,6
1,LATAM,Caribbean,First Class,Hockey,4,6
0,LATAM,Central America,Standard Class,Hockey,4,1
0,LATAM,Caribbean,Standard Class,Hockey,4,7
0,LATAM,Central America,Second Class,Hockey,4,6
0,LATAM,Central America,Same Day,Hockey,3,6
1,LATAM,Central America,First Class,Hockey,3,7
0,LATAM,Central America,Standard Class,Hockey,3,2
0,LATAM,Central America,Standard Class,Hockey,2,3
1,LATAM,Central America,First Class,Hockey,2,1
1,LATAM,Central America,Second Class,Hockey,2,7
0,LATAM,South America,Standard Class,Hockey,2,1
1,LATAM,Caribbean,Standard Class,Hockey,2,7
1,LATAM,Central America,Standard Class,Hockey,2,7
1,Pacific Asia,West Asia,First Class,Hockey,1,5
0,Africa,West Africa,Standard Class,Hockey,1,2
0,Europe,Eastern Europe,Same Day,Hockey,12,6
0,Africa,Southern Africa,Standard Class,Hockey,12,1
0,Europe,Eastern Europe,Standard Class,Hockey,12,4
1,Pacific Asia,West Asia,Same Day,Hockey,11,1
1,Pacific Asia,West Asia,Standard Class,Hockey,11,5
0,Pacific Asia,West Asia,Standard Class,Hockey,11,7
0,Africa,Central Africa,Standard Class,Hockey,11,4
0,Europe,Eastern Europe,Standard Class,Men's Footwear,12,4
0,Europe,Southern Europe,Standard Class,Men's Footwear,9,3
1,Europe,Western Europe,Standard Class,Cleats,6,4
0,Europe,Western Europe,Standard Class,Men's Footwear,9,4
1,Europe,Northern Europe,Standard Class,Men's Footwear,7,2
0,Europe,Southern Europe,Standard Class,Men's Footwear,9,3
0,Europe,Western Europe,Standard Class,Cleats,9,7
0,Europe,Western Europe,Standard Class,Men's Footwear,9,4
1,Europe,Western Europe,Standard Class,Men's Footwear,8,6
0,Europe,Western Europe,Standard Class,Men's Footwear,9,1
1,Europe,Northern Europe,Standard Class,Men's Footwear,9,4
1,Europe,Western Europe,Standard Class,Children's Clothing,10,3
1,Europe,Eastern Europe,Standard Class,Women's Apparel,11,1
1,Europe,Northern Europe,Standard Class,Women's Apparel,9,2
0,Europe,Western Europe,Standard Class,Shop By Sport,6,3
0,Europe,Western Europe,Standard Class,Women's Apparel,9,2
0,Europe,Western Europe,Standard Class,Shop By Sport,6,3
1,Europe,Western Europe,Standard Class,Women's Apparel,10,1
0,Europe,Western Europe,Standard Class,Women's Apparel,10,1
1,Europe,Western Europe,Standard Class,Women's Apparel,8,7
0,Europe,Southern Europe,Standard Class,Women's Apparel,6,3
1,Europe,Western Europe,Standard Class,Women's Apparel,7,3
0,Europe,Western Europe,Standard Class,Women's Apparel,9,3
1,Europe,Western Europe,Standard Class,Shop By Sport,10,3
1,Europe,Western Europe,Standard Class,Women's Apparel,7,3
1,Europe,Northern Europe,Standard Class,Shop By Sport,8,5
0,Europe,Western Europe,Standard Class,Shop By Sport,10,6
1,Europe,Western Europe,Standard Class,Women's Apparel,9,5
0,Europe,Western Europe,Standard Class,Women's Apparel,8,4
0,Europe,Western Europe,Standard Class,Shop By Sport,8,3
0,Europe,Western Europe,Standard Class,Women's Apparel,7,1
0,Europe,Western Europe,Standard Class,Women's Apparel,7,5
0,Europe,Eastern Europe,Standard Class,Women's Apparel,10,2
1,Europe,Northern Europe,Standard Class,Shop By Sport,8,5
0,Europe,Eastern Europe,Standard Class,Women's Apparel,11,2
1,Europe,Western Europe,Standard Class,Girls' Apparel,9,4
1,Europe,Eastern Europe,Standard Class,Women's Apparel,1,5
0,Europe,Western Europe,Standard Class,Women's Apparel,9,5
1,Europe,Western Europe,Standard Class,Women's Apparel,9,4
1,Europe,Eastern Europe,Standard Class,Accessories,12,2
0,Europe,Northern Europe,Standard Class,Kids' Golf Clubs,9,3
0,Europe,Western Europe,Standard Class,Kids' Golf Clubs,9,2
1,Europe,Southern Europe,Standard Class,Camping & Hiking,10,7
1,Europe,Southern Europe,Standard Class,Camping & Hiking,8,4
1,Europe,Western Europe,Standard Class,Camping & Hiking,7,3
0,Europe,Western Europe,Standard Class,Fishing,10,2
1,Europe,Western Europe,Standard Class,Fishing,9,5
0,Europe,Western Europe,Standard Class,Camping & Hiking,7,2
0,Europe,Western Europe,Standard Class,Camping & Hiking,10,5
1,Europe,Eastern Europe,Standard Class,Camping & Hiking,9,6
1,Europe,Northern Europe,Standard Class,Camping & Hiking,7,6
0,Europe,Western Europe,Standard Class,Camping & Hiking,9,6
1,Europe,Western Europe,Standard Class,Camping & Hiking,8,7
1,Europe,Western Europe,Standard Class,Camping & Hiking,8,2
0,Europe,Western Europe,Standard Class,Camping & Hiking,10,6
0,Europe,Western Europe,Standard Class,Camping & Hiking,7,5
0,Europe,Western Europe,Standard Class,Camping & Hiking,9,2
1,Europe,Western Europe,Standard Class,Fishing,9,4
1,Europe,Southern Europe,Standard Class,Camping & Hiking,9,2
0,Europe,Southern Europe,Standard Class,Camping & Hiking,6,3
1,Europe,Western Europe,Standard Class,Fishing,9,4
1,Europe,Western Europe,Standard Class,Fishing,9,5
1,Europe,Northern Europe,Standard Class,Camping & Hiking,10,3
0,Europe,Northern Europe,Standard Class,Fishing,10,2
0,Europe,Southern Europe,Standard Class,Camping & Hiking,6,3
1,Europe,Western Europe,Standard Class,Camping & Hiking,8,3
0,Europe,Western Europe,Standard Class,Camping & Hiking,10,1
1,Europe,Western Europe,Standard Class,Camping & Hiking,7,1
1,Europe,Western Europe,Standard Class,Fishing,6,6
0,Europe,Northern Europe,Standard Class,Fishing,10,2
1,Europe,Western Europe,Standard Class,Camping & Hiking,7,4
1,Europe,Western Europe,Standard Class,Fishing,8,2
1,Europe,Northern Europe,Standard Class,Fishing,10,5
1,Europe,Southern Europe,Standard Class,Fishing,8,4
1,Europe,Western Europe,Standard Class,Fishing,9,4
1,Europe,Western Europe,Standard Class,Fishing,7,3
0,Europe,Northern Europe,Standard Class,Camping & Hiking,8,7
1,Europe,Southern Europe,Standard Class,Camping & Hiking,9,4
1,Europe,Southern Europe,Standard Class,Fishing,7,4
1,Europe,Western Europe,Standard Class,Fishing,8,6
0,Europe,Northern Europe,Standard Class,Hunting & Shooting,8,4
1,Europe,Northern Europe,Standard Class,Camping & Hiking,9,4
1,Europe,Southern Europe,Standard Class,Camping & Hiking,9,7
0,Europe,Western Europe,Standard Class,Camping & Hiking,9,3
0,Europe,Eastern Europe,Standard Class,Camping & Hiking,12,4
0,Europe,Northern Europe,Standard Class,Camping & Hiking,10,2
0,Europe,Western Europe,Standard Class,Camping & Hiking,9,4
1,Europe,Western Europe,Standard Class,Fishing,8,2
1,Europe,Southern Europe,Standard Class,Fishing,9,7
0,Europe,Western Europe,Standard Class,Camping & Hiking,6,1
1,Europe,Western Europe,Standard Class,Camping & Hiking,9,5
1,Europe,Western Europe,Standard Class,Books ,10,1
0,Europe,Western Europe,Standard Class,Books ,10,7
0,Europe,Northern Europe,Standard Class,Books ,10,1
0,Europe,Western Europe,Standard Class,Books ,10,5
0,Europe,Western Europe,Standard Class,Books ,10,3
0,Europe,Northern Europe,Standard Class,Books ,10,5
0,Europe,Northern Europe,Standard Class,Books ,10,7
1,Europe,Western Europe,Standard Class,Books ,10,5
1,Europe,Southern Europe,Standard Class,Books ,10,3
1,Europe,Western Europe,Standard Class,DVDs,11,3
1,LATAM,South America,Standard Class,Cardio Equipment,3,5
0,LATAM,Central America,Standard Class,Cardio Equipment,4,6
1,LATAM,Central America,Standard Class,Camping & Hiking,3,6
1,LATAM,South America,Standard Class,Fishing,3,5
0,LATAM,Caribbean,Standard Class,Fishing,5,5
0,LATAM,Caribbean,Standard Class,Camping & Hiking,5,5
0,LATAM,South America,Standard Class,Baseball & Softball,4,5
0,LATAM,South America,Standard Class,Cardio Equipment,1,5
0,LATAM,Central America,Standard Class,Cardio Equipment,2,4
1,LATAM,Caribbean,Standard Class,Cardio Equipment,4,7
0,LATAM,Caribbean,Standard Class,Cardio Equipment,4,5
0,LATAM,Caribbean,Standard Class,Cardio Equipment,3,6
0,LATAM,South America,Standard Class,Cardio Equipment,1,5
1,LATAM,Caribbean,Standard Class,Men's Footwear,3,2
1,LATAM,Central America,Standard Class,Men's Footwear,6,4
0,LATAM,Central America,Standard Class,Men's Footwear,5,4
0,LATAM,Central America,Standard Class,Men's Footwear,2,5
1,LATAM,South America,Standard Class,Men's Footwear,2,4
0,LATAM,Central America,Standard Class,Men's Footwear,4,5
0,LATAM,Central America,Standard Class,Men's Footwear,1,3
0,LATAM,South America,Standard Class,Men's Footwear,1,4
0,LATAM,Central America,Standard Class,Men's Footwear,5,3
1,LATAM,Central America,Standard Class,Men's Footwear,4,6
0,LATAM,South America,Standard Class,Men's Footwear,4,2
1,LATAM,Central America,Standard Class,Men's Footwear,6,6
0,LATAM,Central America,Standard Class,Men's Footwear,5,3
0,LATAM,Central America,Standard Class,Men's Footwear,5,3
0,LATAM,South America,Standard Class,Men's Footwear,3,3
0,LATAM,Caribbean,Standard Class,Cleats,1,4
1,LATAM,Central America,Standard Class,Men's Footwear,5,1
0,LATAM,South America,Standard Class,Men's Footwear,5,2
1,LATAM,South America,Standard Class,Men's Footwear,2,4
0,LATAM,South America,Standard Class,Men's Footwear,4,5
1,LATAM,Caribbean,Standard Class,Men's Footwear,2,4
1,LATAM,Central America,Standard Class,Cleats,4,6
1,LATAM,Caribbean,Standard Class,Men's Footwear,4,7
1,LATAM,Caribbean,Standard Class,Men's Footwear,3,6
1,LATAM,Central America,Standard Class,Cleats,4,6
1,LATAM,Central America,Standard Class,Men's Footwear,4,6
0,LATAM,Central America,Standard Class,Men's Footwear,4,2
1,LATAM,Central America,Standard Class,Men's Footwear,2,4
1,LATAM,Caribbean,Standard Class,Men's Footwear,4,7
0,LATAM,Central America,Standard Class,Men's Footwear,4,2
1,LATAM,Central America,Standard Class,Men's Footwear,3,3
1,LATAM,Central America,Standard Class,Men's Footwear,5,3
1,LATAM,South America,Standard Class,Cleats,4,6
0,LATAM,Caribbean,Standard Class,Men's Footwear,5,5
1,LATAM,South America,Standard Class,Cleats,3,6
0,LATAM,Caribbean,Standard Class,Men's Footwear,5,5
0,LATAM,Central America,Standard Class,Cleats,2,1
1,LATAM,Central America,Standard Class,Men's Footwear,3,5
1,LATAM,South America,Standard Class,Cleats,6,5
0,LATAM,South America,Standard Class,Cleats,1,5
1,LATAM,Central America,Standard Class,Cleats,3,3
1,LATAM,Central America,Standard Class,Men's Footwear,6,5
1,LATAM,Central America,Standard Class,Men's Footwear,3,3
1,LATAM,South America,Standard Class,Cleats,6,5
0,LATAM,South America,Standard Class,Men's Footwear,2,5
0,LATAM,Caribbean,Standard Class,Men's Footwear,1,4
1,LATAM,Central America,Standard Class,Cleats,5,1
0,LATAM,Central America,Standard Class,Cleats,4,5
1,LATAM,Central America,Standard Class,Cleats,3,5
1,LATAM,Central America,Standard Class,Men's Footwear,6,5
0,LATAM,Central America,Standard Class,Men's Footwear,4,2
1,LATAM,Central America,Standard Class,Men's Footwear,3,6
0,LATAM,Central America,Standard Class,Men's Footwear,3,7
0,LATAM,Central America,Standard Class,Men's Footwear,3,7
0,LATAM,South America,Standard Class,Men's Footwear,6,1
0,LATAM,Caribbean,Standard Class,Men's Footwear,3,6
1,LATAM,Central America,Standard Class,Men's Footwear,3,6
1,LATAM,Central America,Standard Class,Men's Footwear,3,3
1,LATAM,South America,Standard Class,Cleats,4,4
0,LATAM,South America,Standard Class,Men's Footwear,3,1
0,LATAM,South America,Standard Class,Men's Footwear,5,2
0,LATAM,South America,Standard Class,Men's Footwear,2,4
1,LATAM,Central America,Standard Class,Men's Footwear,5,6
0,LATAM,Central America,Standard Class,Men's Footwear,5,1
1,LATAM,South America,Standard Class,Men's Footwear,2,4
1,LATAM,South America,Standard Class,Men's Footwear,4,2
1,LATAM,South America,Standard Class,Men's Footwear,3,6
0,LATAM,South America,Standard Class,Men's Footwear,2,3
0,LATAM,South America,Standard Class,Men's Footwear,2,4
0,LATAM,South America,Standard Class,Women's Apparel,1,5
1,LATAM,Caribbean,Standard Class,Women's Apparel,2,4
0,LATAM,Central America,Standard Class,Women's Apparel,1,2
0,LATAM,Caribbean,Standard Class,Women's Apparel,4,4
0,LATAM,Central America,Standard Class,Shop By Sport,2,4
1,LATAM,Central America,Standard Class,Women's Apparel,6,6
0,LATAM,South America,Standard Class,Women's Apparel,2,5
1,LATAM,Central America,Standard Class,Shop By Sport,6,6
0,LATAM,Central America,Standard Class,Shop By Sport,5,4
1,LATAM,South America,Standard Class,Women's Apparel,6,3
1,LATAM,Caribbean,Standard Class,Women's Apparel,3,6
1,LATAM,Central America,Standard Class,Shop By Sport,3,3
0,LATAM,Central America,Standard Class,Shop By Sport,2,3
0,LATAM,South America,Standard Class,Women's Apparel,3,2
1,LATAM,Central America,Standard Class,Electronics,2,7
0,LATAM,Central America,Standard Class,Golf Balls,1,2
0,LATAM,Central America,Standard Class,Electronics,1,4
1,LATAM,Caribbean,Standard Class,Camping & Hiking,2,4
0,LATAM,Central America,Standard Class,Camping & Hiking,2,1
1,LATAM,Central America,Standard Class,Camping & Hiking,4,4
1,LATAM,Central America,Standard Class,Fishing,5,1
0,LATAM,Central America,Standard Class,Fishing,4,3
0,LATAM,South America,Standard Class,Fishing,6,2
1,LATAM,Caribbean,Standard Class,Camping & Hiking,3,2
1,LATAM,Central America,Standard Class,Camping & Hiking,3,6
0,LATAM,Central America,Standard Class,Fishing,3,2
0,LATAM,South America,Standard Class,Fishing,6,2
1,LATAM,Central America,Standard Class,Camping & Hiking,4,6
1,LATAM,Central America,Standard Class,Camping & Hiking,5,1
0,LATAM,South America,Standard Class,Camping & Hiking,2,5
0,LATAM,Caribbean,Standard Class,Camping & Hiking,4,6
1,LATAM,Central America,Standard Class,Camping & Hiking,3,4
1,LATAM,Central America,Standard Class,Fishing,5,6
0,LATAM,Central America,Standard Class,Fishing,2,4
0,LATAM,Caribbean,Standard Class,Camping & Hiking,4,6
0,LATAM,Caribbean,Standard Class,Camping & Hiking,5,2
1,LATAM,Caribbean,Standard Class,Fishing,4,4
0,LATAM,Central America,Standard Class,Camping & Hiking,3,2
1,LATAM,Central America,Standard Class,Camping & Hiking,3,5
1,LATAM,Central America,Standard Class,Fishing,1,6
0,LATAM,South America,Standard Class,Fishing,4,5
0,LATAM,South America,Standard Class,Fishing,3,1
1,LATAM,South America,Standard Class,Fishing,3,6
0,LATAM,Central America,Standard Class,Camping & Hiking,4,2
1,LATAM,South America,Standard Class,Fishing,1,6
0,LATAM,Caribbean,Standard Class,Camping & Hiking,4,5
1,LATAM,Caribbean,Standard Class,Fishing,3,6
0,LATAM,Central America,Standard Class,Camping & Hiking,2,1
1,LATAM,Central America,Standard Class,Fishing,5,6
0,LATAM,Central America,Standard Class,Fishing,4,1
1,LATAM,Caribbean,Standard Class,Fishing,3,6
0,LATAM,Central America,Standard Class,Camping & Hiking,1,4
1,LATAM,Central America,Standard Class,Camping & Hiking,6,4
0,LATAM,Central America,Standard Class,Camping & Hiking,1,4
0,LATAM,South America,Standard Class,Camping & Hiking,1,5
0,LATAM,Central America,Standard Class,Camping & Hiking,4,6
0,LATAM,Central America,Standard Class,Fishing,1,1
1,LATAM,Central America,Standard Class,Camping & Hiking,1,7
0,LATAM,Central America,Standard Class,Fishing,2,2
0,LATAM,Central America,Standard Class,Fishing,1,1
0,LATAM,South America,Standard Class,Camping & Hiking,3,6
0,LATAM,South America,Standard Class,Camping & Hiking,3,3
0,LATAM,South America,Standard Class,Camping & Hiking,3,3
1,LATAM,South America,Standard Class,Camping & Hiking,2,1
1,LATAM,Central America,Standard Class,Camping & Hiking,2,1
1,LATAM,Caribbean,Standard Class,Camping & Hiking,4,4
0,LATAM,Caribbean,Standard Class,Fishing,5,4
0,LATAM,Central America,Standard Class,Camping & Hiking,1,2
0,LATAM,South America,Standard Class,Camping & Hiking,1,5
1,LATAM,Central America,Standard Class,Camping & Hiking,6,3
0,LATAM,Central America,Standard Class,Camping & Hiking,6,5
0,LATAM,South America,Standard Class,Camping & Hiking,3,7
0,LATAM,South America,Standard Class,Camping & Hiking,2,5
0,LATAM,Central America,Standard Class,Camping & Hiking,3,2
1,LATAM,Caribbean,Standard Class,Camping & Hiking,2,4
0,LATAM,Central America,Standard Class,Camping & Hiking,2,5
0,LATAM,Central America,Standard Class,Camping & Hiking,5,1
0,LATAM,Central America,Standard Class,Camping & Hiking,2,2
1,LATAM,South America,Standard Class,Camping & Hiking,3,5
0,LATAM,South America,Standard Class,Camping & Hiking,3,6
1,LATAM,South America,Standard Class,Camping & Hiking,1,6
0,Pacific Asia,West Asia,Standard Class,Cleats,10,1
1,Pacific Asia,Oceania,Standard Class,Cleats,11,2
1,Pacific Asia,Oceania,Standard Class,Men's Footwear,11,2
1,Pacific Asia,Oceania,Standard Class,Men's Footwear,11,2
1,Pacific Asia,South Asia,Standard Class,Shop By Sport,2,5
1,Pacific Asia,West Asia,Standard Class,Camping & Hiking,10,7
1,Pacific Asia,Southeast Asia,Standard Class,Computers,12,5
0,Pacific Asia,Eastern Asia,Standard Class,Pet Supplies,1,7
0,Pacific Asia,Eastern Asia,Standard Class,Pet Supplies,12,7
1,Pacific Asia,Eastern Asia,Standard Class,Health and Beauty,11,6
0,Pacific Asia,South Asia,Standard Class,Health and Beauty,11,4
0,Pacific Asia,South Asia,Standard Class,Cardio Equipment,1,1
0,Pacific Asia,Central Asia,Standard Class,Electronics,9,7
1,Pacific Asia,South Asia,Standard Class,Cardio Equipment,2,5
1,Pacific Asia,South Asia,Standard Class,Cardio Equipment,2,5
1,Pacific Asia,West Asia,Standard Class,Cardio Equipment,12,3
0,Pacific Asia,Oceania,Standard Class,Cardio Equipment,12,4
1,Pacific Asia,South Asia,Standard Class,Cardio Equipment,1,6
1,Pacific Asia,Central Asia,Standard Class,Men's Footwear,9,2
1,Pacific Asia,Eastern Asia,Standard Class,Cleats,3,6
0,Pacific Asia,Eastern Asia,Standard Class,Men's Footwear,2,3
1,Pacific Asia,Eastern Asia,Standard Class,Crafts,1,4
0,Pacific Asia,Oceania,Standard Class,Cleats,3,1
0,Pacific Asia,Oceania,Standard Class,Cleats,10,7
1,Pacific Asia,Oceania,Standard Class,Men's Footwear,3,1
0,Pacific Asia,South Asia,Standard Class,Men's Footwear,2,5
1,Pacific Asia,South Asia,Standard Class,Men's Footwear,12,3
1,Pacific Asia,South Asia,Standard Class,Men's Footwear,11,7
0,Pacific Asia,Southeast Asia,Standard Class,Men's Footwear,1,3
1,Pacific Asia,Southeast Asia,Standard Class,Men's Footwear,12,2
0,Pacific Asia,South Asia,Standard Class,Men's Footwear,11,4
1,Pacific Asia,South Asia,Standard Class,Men's Footwear,12,3
1,Pacific Asia,Southeast Asia,Standard Class,Cleats,1,7
0,Pacific Asia,Central Asia,Standard Class,Cleats,9,7
0,Pacific Asia,South Asia,Standard Class,Cleats,12,7
0,Pacific Asia,South Asia,Standard Class,Men's Footwear,11,4
0,Pacific Asia,South Asia,Standard Class,Men's Footwear,2,1
1,Pacific Asia,Central Asia,Standard Class,Men's Footwear,1,1
1,Pacific Asia,Eastern Asia,Standard Class,Men's Footwear,12,7
1,Pacific Asia,Southeast Asia,Standard Class,Cleats,1,2
0,Pacific Asia,Eastern Asia,Standard Class,Men's Footwear,2,1
0,Pacific Asia,Eastern Asia,Standard Class,Men's Footwear,1,5
0,Pacific Asia,Eastern Asia,Standard Class,Men's Footwear,11,7
0,Pacific Asia,South Asia,Standard Class,Men's Footwear,1,1
1,Pacific Asia,Oceania,Standard Class,Cleats,3,2
1,Pacific Asia,Eastern Asia,Standard Class,Cleats,11,4
1,Pacific Asia,Oceania,Standard Class,Cleats,2,4
0,Pacific Asia,Oceania,Standard Class,Men's Footwear,12,2
0,Pacific Asia,Oceania,Standard Class,Women's Clothing,2,5
1,Pacific Asia,Southeast Asia,Standard Class,Men's Footwear,1,7
1,Pacific Asia,Oceania,Standard Class,Cleats,12,3
1,Pacific Asia,Oceania,Standard Class,Men's Footwear,4,1
1,Pacific Asia,South Asia,Standard Class,Men's Footwear,1,7
0,Pacific Asia,Eastern Asia,Standard Class,Men's Footwear,12,7
0,Pacific Asia,Oceania,Standard Class,Crafts,1,4
1,Pacific Asia,Oceania,Standard Class,Men's Footwear,4,1
0,Pacific Asia,Oceania,Standard Class,Men's Footwear,2,2
0,Pacific Asia,Southeast Asia,Standard Class,Men's Footwear,11,5
0,Pacific Asia,Southeast Asia,Standard Class,Men's Footwear,11,3
0,Pacific Asia,Central Asia,Standard Class,Men's Footwear,11,3
1,Pacific Asia,Eastern Asia,Standard Class,Men's Footwear,3,6
0,Pacific Asia,Oceania,Standard Class,Men's Footwear,3,4
0,Pacific Asia,Oceania,Standard Class,Men's Footwear,11,5
1,Pacific Asia,South Asia,Standard Class,Men's Footwear,11,3
0,Pacific Asia,Southeast Asia,Standard Class,Cleats,11,5
1,Pacific Asia,Southeast Asia,Standard Class,Men's Footwear,1,4
0,Pacific Asia,West Asia,Standard Class,Men's Footwear,10,7
0,Pacific Asia,Eastern Asia,Standard Class,Men's Footwear,11,4
0,Pacific Asia,Oceania,Standard Class,Men's Footwear,3,4
0,Pacific Asia,South Asia,Standard Class,Cleats,11,5
0,Pacific Asia,South Asia,Standard Class,Men's Footwear,11,4
0,Pacific Asia,Southeast Asia,Standard Class,Cleats,12,7
1,Pacific Asia,South Asia,Standard Class,Men's Footwear,1,1
0,Pacific Asia,Southeast Asia,Standard Class,Men's Footwear,12,7
0,Pacific Asia,Southeast Asia,Standard Class,Women's Clothing,2,5
1,Pacific Asia,West Asia,Standard Class,Cleats,1,7
0,Pacific Asia,Oceania,Standard Class,Men's Footwear,3,1
1,Pacific Asia,Oceania,Standard Class,Men's Footwear,3,4
0,Pacific Asia,Oceania,Standard Class,Men's Footwear,3,3
1,Pacific Asia,South Asia,Standard Class,Men's Footwear,11,4
1,LATAM,Central America,Second Class,Cleats,2,7
1,LATAM,Central America,Second Class,Men's Footwear,4,1
1,LATAM,Central America,Second Class,Men's Footwear,3,4
1,LATAM,Central America,Second Class,Men's Footwear,2,2
1,LATAM,South America,Second Class,Men's Footwear,4,1
1,LATAM,Central America,Second Class,Men's Footwear,2,7
1,LATAM,Central America,Second Class,Men's Footwear,5,5
1,LATAM,South America,Second Class,Cleats,5,7
0,LATAM,South America,Second Class,Men's Footwear,3,4
1,LATAM,Caribbean,Second Class,Men's Footwear,4,1
0,LATAM,Central America,Second Class,Men's Footwear,6,7
1,LATAM,Central America,Second Class,Men's Footwear,4,2
1,LATAM,Central America,Second Class,Men's Footwear,2,7
1,LATAM,Central America,Second Class,Men's Footwear,5,5
1,LATAM,Caribbean,Second Class,Men's Footwear,5,6
0,LATAM,Central America,Second Class,Cleats,5,4
1,LATAM,Central America,Second Class,Men's Footwear,6,3
1,LATAM,Central America,Second Class,Men's Footwear,5,5
1,LATAM,Central America,Second Class,Men's Footwear,5,1
1,LATAM,Central America,Second Class,Men's Footwear,5,1
0,LATAM,Central America,Second Class,Men's Footwear,3,6
1,LATAM,South America,Second Class,Cleats,1,2
0,LATAM,South America,Second Class,Men's Footwear,4,2
1,LATAM,Central America,Second Class,Cleats,5,2
1,LATAM,Central America,Second Class,Cleats,2,3
1,LATAM,Central America,Second Class,Men's Footwear,5,6
1,LATAM,South America,Second Class,Cleats,6,1
1,LATAM,South America,Second Class,Men's Footwear,5,6
0,LATAM,Central America,Second Class,Men's Footwear,3,1
1,LATAM,Central America,Second Class,Men's Footwear,1,3
0,LATAM,South America,Second Class,Men's Footwear,5,2
1,LATAM,South America,Second Class,Men's Footwear,1,5
1,LATAM,South America,Second Class,Men's Footwear,5,3
1,LATAM,Central America,Second Class,Men's Footwear,6,7
1,LATAM,Central America,Second Class,Men's Footwear,2,1
1,LATAM,Central America,Second Class,Men's Footwear,1,5
1,LATAM,South America,Second Class,Men's Footwear,5,1
1,LATAM,Central America,Second Class,Cleats,3,4
1,LATAM,Central America,Second Class,Men's Footwear,6,2
1,LATAM,Central America,Second Class,Men's Footwear,4,5
0,LATAM,South America,Second Class,Cleats,6,2
1,LATAM,South America,Second Class,Men's Footwear,5,1
1,LATAM,Central America,Second Class,Men's Footwear,4,5
0,LATAM,Central America,Second Class,Men's Footwear,1,4
1,LATAM,South America,Second Class,Men's Footwear,2,5
1,LATAM,Caribbean,Second Class,Men's Footwear,5,7
1,LATAM,Central America,Second Class,Cleats,4,3
0,LATAM,Central America,Second Class,Men's Footwear,5,4
1,LATAM,Central America,Second Class,Men's Footwear,5,2
1,LATAM,Central America,Second Class,Men's Footwear,4,6
1,LATAM,Caribbean,Second Class,Men's Footwear,5,7
0,LATAM,Caribbean,Second Class,Men's Footwear,5,1
1,LATAM,Central America,Second Class,Men's Footwear,4,4
0,LATAM,South America,Second Class,Men's Footwear,2,3
1,LATAM,South America,Second Class,Men's Footwear,1,6
0,LATAM,Caribbean,Second Class,Men's Footwear,5,1
1,LATAM,Central America,Second Class,Cleats,5,2
1,LATAM,Central America,Second Class,Men's Footwear,4,3
1,LATAM,Central America,Second Class,Men's Footwear,5,4
1,LATAM,South America,Second Class,Men's Footwear,3,1
0,LATAM,South America,Second Class,Men's Footwear,2,6
1,LATAM,Caribbean,Second Class,Men's Footwear,4,3
1,LATAM,Central America,Second Class,Cleats,1,5
1,LATAM,Central America,Second Class,Men's Footwear,1,6
1,LATAM,Central America,Second Class,Men's Footwear,4,2
0,LATAM,South America,Second Class,Cleats,6,2
1,LATAM,South America,Second Class,Men's Footwear,1,3
1,LATAM,South America,Second Class,Men's Footwear,1,6
1,LATAM,Central America,Second Class,Cleats,3,2
1,LATAM,Central America,Second Class,Men's Footwear,5,2
1,LATAM,Central America,Second Class,Men's Footwear,4,6
0,LATAM,Central America,Second Class,Men's Footwear,1,1
1,LATAM,Central America,Second Class,Men's Footwear,1,6
1,LATAM,Central America,Second Class,Cleats,2,7
1,LATAM,Central America,Second Class,Men's Footwear,3,2
1,LATAM,Central America,Second Class,Men's Footwear,2,7
1,LATAM,Central America,Second Class,Men's Footwear,1,6
1,LATAM,South America,Second Class,Men's Footwear,6,1
0,LATAM,Central America,Second Class,Men's Footwear,2,5
1,LATAM,South America,Second Class,Men's Footwear,5,3
0,LATAM,South America,Second Class,Men's Footwear,2,1
0,LATAM,Central America,Second Class,Shop By Sport,3,7
1,LATAM,Caribbean,Second Class,Women's Apparel,1,6
1,LATAM,Central America,Second Class,Women's Apparel,3,5
1,LATAM,Caribbean,Second Class,Shop By Sport,1,6
1,LATAM,Central America,Second Class,Women's Apparel,4,6
0,LATAM,Central America,Second Class,Women's Apparel,3,1
0,LATAM,South America,Second Class,Women's Apparel,6,1
0,LATAM,Central America,Second Class,Women's Apparel,2,2
1,LATAM,South America,Second Class,Shop By Sport,6,2
1,LATAM,South America,Second Class,Shop By Sport,1,5
1,LATAM,Caribbean,Second Class,Shop By Sport,4,3
1,LATAM,Central America,Second Class,Women's Apparel,4,4
0,LATAM,Central America,Second Class,Women's Apparel,2,1
0,LATAM,Central America,Second Class,Women's Apparel,3,6
1,LATAM,Central America,Second Class,Girls' Apparel,5,7
1,LATAM,Central America,Second Class,Women's Apparel,4,7
1,LATAM,Caribbean,Second Class,Women's Apparel,2,5
1,LATAM,South America,Second Class,Women's Apparel,5,7
1,LATAM,Central America,Second Class,Women's Apparel,5,4
1,LATAM,Central America,Second Class,Women's Apparel,6,3
1,LATAM,Caribbean,Second Class,Trade-In,5,6
1,LATAM,Central America,Second Class,Electronics,4,2
0,LATAM,Central America,Second Class,Accessories,2,5
1,LATAM,Central America,Second Class,Accessories,1,6
1,LATAM,Caribbean,Second Class,Camping & Hiking,5,6
1,LATAM,Central America,Second Class,Fishing,4,4
1,LATAM,Central America,Second Class,Fishing,1,2
0,LATAM,Central America,Second Class,Fishing,1,4
1,LATAM,Central America,Second Class,Camping & Hiking,1,3
1,LATAM,Central America,Second Class,Fishing,4,4
1,LATAM,South America,Second Class,Fishing,1,4
1,LATAM,Caribbean,Second Class,Camping & Hiking,5,1
1,LATAM,Central America,Second Class,Camping & Hiking,5,4
0,LATAM,Central America,Second Class,Camping & Hiking,3,7
1,LATAM,South America,Second Class,Camping & Hiking,6,2
1,LATAM,South America,Second Class,Camping & Hiking,1,6
1,LATAM,Central America,Second Class,Camping & Hiking,4,2
1,LATAM,Central America,Second Class,Camping & Hiking,3,5
1,LATAM,Central America,Second Class,Fishing,5,1
1,LATAM,South America,Second Class,Camping & Hiking,5,1
1,LATAM,Central America,Second Class,Camping & Hiking,5,7
1,LATAM,Central America,Second Class,Fishing,5,4
0,LATAM,Central America,Second Class,Fishing,3,1
1,LATAM,Caribbean,Second Class,Camping & Hiking,2,6
